Customer ID,Recency,Frequency,Monetary,FutureRevenue,FutureRevenue_Log,AvgOrderValue,TenureDays,PurchaseRate,RecencyRatio
12347.0,21,5,3529.27,2104.05,7.652094498803506,705.854,242,0.02066115702479339,0.08677685950413223
12348.0,86,4,1709.4,310.0,5.739792912179234,427.35,276,0.014492753623188406,0.3115942028985507
12349.0,245,4,2646.99,1757.55,7.472244884833674,661.7475,573,0.006980802792321117,0.42757417102966844
12350.0,148,1,334.4,0.0,0.0,334.4,148,0.006756756756756757,1.0
12351.0,213,1,300.93,0.0,0.0,300.93,213,0.004694835680751174,1.0
12352.0,100,10,944.98,944.23,6.851428284123502,94.498,230,0.043478260869565216,0.43478260869565216
12353.0,42,2,406.76,0.0,0.0,203.38,246,0.008130081300813009,0.17073170731707318
12354.0,70,1,1079.4,0.0,0.0,1079.4,70,0.014285714285714285,1.0
12355.0,52,2,947.61,0.0,0.0,473.805,405,0.0049382716049382715,0.12839506172839507
12356.0,83,5,6315.33,58.349999999999994,4.083452121055677,1263.066,262,0.019083969465648856,0.31679389312977096
12357.0,226,2,12079.99,6207.67,8.733701981297274,6039.995,226,0.008849557522123894,1.0
12358.0,213,3,2719.01,1168.06,7.063955286074528,906.3366666666667,569,0.005272407732864675,0.37434094903339193
12359.0,27,12,5929.29,2785.6,7.932577493679491,494.1075,572,0.02097902097902098,0.0472027972027972
12360.0,38,7,2634.41,1578.48,7.364850957927088,376.3442857142857,493,0.014198782961460446,0.07707910750507099
12361.0,125,4,511.25,0.0,0.0,127.8125,520,0.007692307692307693,0.2403846153846154
12362.0,63,4,1099.44,4185.14,8.339534347262733,274.86,576,0.006944444444444444,0.109375
12363.0,80,1,299.1,252.9,5.536940488710632,299.1,80,0.0125,1.0
12365.0,129,3,320.69,0.0,0.0,106.89666666666666,129,0.023255813953488372,1.0
12366.0,471,1,500.24,0.0,0.0,500.24,471,0.0021231422505307855,1.0
12368.0,466,1,917.6999999999999,0.0,0.0,917.6999999999999,466,0.002145922746781116,1.0
12369.0,251,3,1791.15,0.0,0.0,597.0500000000001,479,0.006263048016701462,0.524008350730689
12370.0,112,6,3581.03,739.28,6.6070284930095475,596.8383333333334,506,0.011857707509881422,0.22134387351778656
12371.0,247,3,2179.42,1887.96,7.543781692052325,726.4733333333334,483,0.006211180124223602,0.5113871635610766
12372.0,50,2,914.9200000000001,383.12,5.950955003769772,457.46000000000004,134,0.014925373134328358,0.373134328358209
12373.0,149,3,1127.65,0.0,0.0,375.8833333333334,511,0.005870841487279843,0.29158512720156554
12374.0,259,3,2246.29,742.9300000000001,6.6119469443852195,748.7633333333333,426,0.007042253521126761,0.607981220657277
12376.0,227,2,503.15,0.0,0.0,251.575,255,0.00784313725490196,0.8901960784313725
12377.0,153,4,3426.32,0.0,0.0,856.58,427,0.00936768149882904,0.3583138173302108
12378.0,400,1,1407.7,4008.62,8.29645175271804,1407.7,400,0.0025,1.0
12379.0,8,3,1227.82,390.45,5.969857793353923,409.2733333333333,372,0.008064516129032258,0.021505376344086023
12380.0,23,11,5774.99,2113.01,7.656341896787963,524.9990909090909,500,0.022,0.046
12383.0,22,6,1839.31,0.0,0.0,306.5516666666667,190,0.031578947368421054,0.11578947368421053
12385.0,217,2,1923.4,0.0,0.0,961.7,217,0.009216589861751152,1.0
12386.0,175,2,660.8,0.0,0.0,330.4,204,0.00980392156862745,0.8578431372549019
12387.0,253,1,143.94,0.0,0.0,143.94,253,0.003952569169960474,1.0
12388.0,113,5,1886.7,2014.41,7.608577927628177,377.34000000000003,420,0.011904761904761904,0.26904761904761904
12389.0,240,3,1433.33,0.0,0.0,477.77666666666664,493,0.006085192697768763,0.486815415821501
12391.0,302,6,2286.93,460.89,6.1353267674944725,381.155,500,0.012,0.604
12392.0,429,1,234.75000000000003,0.0,0.0,234.75000000000003,429,0.002331002331002331,1.0
12393.0,83,6,1855.25,521.5,6.258624983838966,309.2083333333333,266,0.022556390977443608,0.31203007518796994
12394.0,55,1,381.08,891.4,6.793914462558377,381.08,55,0.01818181818181818,1.0
12395.0,49,11,3600.56,1446.3600000000001,7.277496486289478,327.32363636363635,440,0.025,0.11136363636363636
12396.0,512,1,931.43,0.0,0.0,931.43,512,0.001953125,1.0
12399.0,21,6,1752.68,209.62,5.350055561952451,292.11333333333334,482,0.012448132780082987,0.043568464730290454
12400.0,252,1,205.25,0.0,0.0,205.25,252,0.003968253968253968,1.0
12401.0,141,1,84.3,0.0,0.0,84.3,141,0.0070921985815602835,1.0
12402.0,161,7,1244.15,0.0,0.0,177.7357142857143,508,0.013779527559055118,0.3169291338582677
12403.0,359,1,591.6600000000001,409.7,6.017863020962513,591.6600000000001,359,0.002785515320334262,1.0
12404.0,520,1,63.24,0.0,0.0,63.24,520,0.0019230769230769232,1.0
12406.0,21,5,4412.71,1659.5,7.414874040816802,882.542,535,0.009345794392523364,0.03925233644859813
12407.0,73,2,495.96,1212.16,7.100983804614766,247.98,102,0.0196078431372549,0.7156862745098039
12408.0,1,11,2897.86,1381.78,7.231851244535295,263.4418181818182,336,0.03273809523809524,0.002976190476190476
12409.0,20,7,18240.62,4849.85,8.486909226307645,2605.802857142857,403,0.017369727047146403,0.04962779156327544
12410.0,139,4,1001.46,0.0,0.0,250.365,340,0.011764705882352941,0.4088235294117647
12411.0,247,1,346.9,0.0,0.0,346.9,247,0.004048582995951417,1.0
12412.0,7,6,1868.65,712.38,6.570014237768704,311.44166666666666,377,0.015915119363395226,0.01856763925729443
12413.0,74,5,741.3,194.20000000000002,5.274024673978992,148.26,240,0.020833333333333332,0.30833333333333335
12414.0,55,8,692.41,0.0,0.0,86.55125,301,0.026578073089700997,0.18272425249169436
12415.0,15,18,93260.85,50008.44,10.819967066589806,5181.158333333334,365,0.049315068493150684,0.0410958904109589
12416.0,494,1,202.56,0.0,0.0,202.56,494,0.0020242914979757085,1.0
12417.0,25,22,4977.33,1730.88,7.456962802657464,226.24227272727273,571,0.03852889667250438,0.043782837127845885
12418.0,251,4,1348.37,668.58,6.506650650150935,337.0925,468,0.008547008547008548,0.5363247863247863
12419.0,223,2,503.01,0.0,0.0,251.505,251,0.00796812749003984,0.8884462151394422
12421.0,11,6,682.59,410.24,6.019176985674518,113.765,343,0.01749271137026239,0.03206997084548105
12422.0,6,20,3971.65,147.7,5.001930853466109,198.5825,559,0.03577817531305903,0.01073345259391771
12423.0,29,8,2214.77,397.42,5.987506725253638,276.84625,303,0.026402640264026403,0.09570957095709572
12424.0,260,5,1528.82,1760.96,7.474182104762846,305.764,570,0.008771929824561403,0.45614035087719296
12425.0,268,2,903.61,777.2,6.6569835605504535,451.805,286,0.006993006993006993,0.9370629370629371
12426.0,32,3,1311.41,0.0,0.0,437.1366666666667,500,0.006,0.064
12427.0,189,2,550.05,461.82,6.137338209597526,275.025,209,0.009569377990430622,0.9043062200956937
12428.0,80,8,6236.2300000000005,1640.97,7.403652019443519,779.5287500000001,121,0.06611570247933884,0.6611570247933884
12429.0,10,8,6529.99,905.52,6.8096130928307295,816.24875,384,0.020833333333333332,0.026041666666666668
12431.0,28,24,7428.65,3290.76,8.099177655129614,309.52708333333334,531,0.04519774011299435,0.05273069679849341
12432.0,8,3,4016.66,1042.66,6.950489044902347,1338.8866666666665,10,0.3,0.8
12433.0,204,6,10840.11,9588.75,9.168450098715997,1806.6850000000002,314,0.01910828025477707,0.6496815286624203
12434.0,87,4,542.59,519.89,6.255538887024156,135.6475,219,0.0182648401826484,0.3972602739726027
12435.0,105,5,10075.03,3850.9,8.256321812041056,2015.006,575,0.008695652173913044,0.1826086956521739
12437.0,15,38,9920.17,2474.68,7.814270384741363,261.0571052631579,575,0.06608695652173913,0.02608695652173913
12439.0,520,3,1104.48,0.0,0.0,368.16,563,0.0053285968028419185,0.9236234458259325
12440.0,295,3,768.15,0.0,0.0,256.05,555,0.005405405405405406,0.5315315315315315
12441.0,204,1,347.1,0.0,0.0,347.1,204,0.004901960784313725,1.0
12443.0,570,1,485.31,0.0,0.0,485.31,570,0.0017543859649122807,1.0
12444.0,9,1,1870.2,3135.26,8.050786286196873,1870.2,9,0.1111111111111111,1.0
12445.0,238,2,293.08000000000004,133.4,4.900820428089049,146.54000000000002,258,0.007751937984496124,0.9224806201550387
12447.0,81,1,476.49,0.0,0.0,476.49,81,0.012345679012345678,1.0
12449.0,25,3,1627.53,3208.36,8.073826819298795,542.51,276,0.010869565217391304,0.09057971014492754
12450.0,11,6,570.95,96.0,4.574710978503383,95.15833333333335,312,0.019230769230769232,0.035256410256410256
12451.0,56,6,8920.83,3625.7,8.196078422876056,1486.805,367,0.01634877384196185,0.15258855585831063
12454.0,233,7,4292.71,5.684341886080802e-14,5.68434188608064e-14,613.2442857142858,520,0.013461538461538462,0.4480769230769231
12455.0,27,7,5376.39,503.56,6.2236867623553955,768.0557142857143,559,0.012522361359570662,0.04830053667262969
12456.0,92,1,940.1700000000001,2213.7200000000003,7.702881263653499,940.1700000000001,92,0.010869565217391304,1.0
12457.0,71,7,1396.8799999999999,1075.43,6.981405289144416,199.5542857142857,273,0.02564102564102564,0.2600732600732601
12458.0,122,3,1272.01,505.48,6.227484836235871,424.00333333333333,325,0.009230769230769232,0.37538461538461537
12459.0,443,1,454.36,0.0,0.0,454.36,443,0.002257336343115124,1.0
12460.0,294,1,326.65,0.0,0.0,326.65,294,0.003401360544217687,1.0
12462.0,132,2,741.3100000000001,382.7,5.949860997252907,370.65500000000003,141,0.014184397163120567,0.9361702127659575
12463.0,13,5,974.39,329.24,5.799819662853143,194.878,79,0.06329113924050633,0.16455696202531644
12464.0,38,4,544.8499999999999,667.1999999999999,6.504587529922656,136.21249999999998,147,0.027210884353741496,0.2585034013605442
12465.0,7,1,440.94,292.95,5.683409684848264,440.94,7,0.14285714285714285,1.0
12466.0,520,1,56.73,0.0,0.0,56.73,520,0.0019230769230769232,1.0
12469.0,360,2,3070.54,0.0,0.0,1535.27,374,0.0053475935828877,0.9625668449197861
12470.0,527,1,211.95,0.0,0.0,211.95,527,0.0018975332068311196,1.0
12471.0,42,105,26946.73,11001.88,9.305912335693927,256.6355238095238,575,0.1826086956521739,0.07304347826086957
12472.0,17,31,14770.83,2185.86,7.690222003995828,476.4783870967742,568,0.05457746478873239,0.02992957746478873
12473.0,23,3,595.73,2252.5,7.720239842130703,198.57666666666668,29,0.10344827586206896,0.7931034482758621
12474.0,4,41,7910.4,4056.05,8.308211387508122,192.93658536585366,504,0.08134920634920635,0.007936507936507936
12475.0,247,1,426.26,723.38,6.585316116572351,426.26,247,0.004048582995951417,1.0
12476.0,41,28,9521.49,4194.13,8.341679607694093,340.05321428571426,339,0.08259587020648967,0.12094395280235988
12477.0,77,6,11629.4,8544.24,9.053129681755621,1938.2333333333333,461,0.013015184381778741,0.16702819956616052
12480.0,105,6,3740.7400000000002,1694.36,7.43565038664365,623.4566666666667,345,0.017391304347826087,0.30434782608695654
12481.0,17,16,10722.47,1494.56,7.310255997626286,670.154375,445,0.035955056179775284,0.038202247191011236
12482.0,287,32,21893.53,0.0,0.0,684.1728125,491,0.06517311608961303,0.5845213849287169
12483.0,21,22,3777.35,1069.52,6.975899790713693,171.69772727272726,515,0.04271844660194175,0.040776699029126215
12484.0,14,11,4048.74,2255.11,7.721397370294523,368.0672727272727,574,0.01916376306620209,0.024390243902439025
12485.0,367,1,708.1,0.0,0.0,708.1,367,0.0027247956403269754,1.0
12486.0,269,1,1037.28,0.0,0.0,1037.28,269,0.0037174721189591076,1.0
12487.0,568,2,259.79999999999995,0.0,0.0,129.89999999999998,568,0.0035211267605633804,1.0
12489.0,174,1,334.93,0.0,0.0,334.93,174,0.005747126436781609,1.0
12490.0,10,15,6080.49,3738.15,8.226613591850946,405.366,576,0.026041666666666668,0.017361111111111112
12492.0,241,1,452.0,263.21000000000004,5.5767442414854775,452.0,241,0.004149377593360996,1.0
12493.0,3,3,416.79,0.0,0.0,138.93,35,0.08571428571428572,0.08571428571428572
12494.0,34,12,1288.76,454.76,6.12196635517214,107.39666666666666,414,0.028985507246376812,0.0821256038647343
12495.0,472,2,323.4,0.0,0.0,161.7,478,0.0041841004184100415,0.9874476987447699
12496.0,458,2,54.09,0.0,0.0,27.045,458,0.004366812227074236,1.0
12497.0,238,3,5168.650000000001,1043.1,6.950910549296065,1722.8833333333334,520,0.0057692307692307696,0.4576923076923077
12499.0,398,1,393.72,0.0,0.0,393.72,398,0.002512562814070352,1.0
12500.0,6,17,3061.88,2810.43,7.941448529680883,180.11058823529413,511,0.033268101761252444,0.011741682974559686
12501.0,153,2,2089.68,0.0,0.0,1044.84,174,0.011494252873563218,0.8793103448275862
12502.0,55,3,1842.65,1881.22,7.540207210231585,614.2166666666667,147,0.02040816326530612,0.3741496598639456
12504.0,255,2,297.0,114.0,4.74493212836325,148.5,434,0.004608294930875576,0.5875576036866359
12505.0,139,3,908.0,0.0,0.0,302.6666666666667,246,0.012195121951219513,0.5650406504065041
12506.0,70,1,73.5,0.0,0.0,73.5,70,0.014285714285714285,1.0
12507.0,136,2,985.41,811.9,6.700608100752526,492.705,422,0.004739336492890996,0.3222748815165877
12509.0,122,1,176.5,0.0,0.0,176.5,122,0.00819672131147541,1.0
12510.0,163,15,3387.81,301.52,5.712147390987829,225.85399999999998,573,0.02617801047120419,0.2844677137870855
12511.0,252,2,3065.77,0.0,0.0,1532.885,266,0.007518796992481203,0.9473684210526315
12514.0,105,2,1597.76,0.0,0.0,798.88,479,0.0041753653444676405,0.21920668058455114
12515.0,191,1,383.7,0.0,0.0,383.7,191,0.005235602094240838,1.0
12516.0,18,3,1919.76,728.86,6.5928527349282255,639.92,437,0.006864988558352402,0.041189931350114416
12517.0,28,1,766.95,1697.94,7.437759806157234,766.95,28,0.03571428571428571,1.0
12519.0,302,2,354.35,340.84,5.83434279133577,177.175,314,0.006369426751592357,0.9617834394904459
12520.0,42,4,1645.81,936.7,6.8434300684255795,411.4525,111,0.036036036036036036,0.3783783783783784
12523.0,90,21,2975.4700000000003,1245.38,7.127998628774648,141.68904761904764,575,0.036521739130434785,0.1565217391304348
12524.0,42,15,9439.02,1652.3400000000001,7.410552763300799,629.268,507,0.029585798816568046,0.08284023668639054
12525.0,329,8,835.1800000000001,0.0,0.0,104.39750000000001,573,0.013961605584642234,0.5741710296684118
12527.0,132,4,671.72,63.790000000000006,4.171151270461866,167.93,367,0.010899182561307902,0.35967302452316074
12528.0,97,3,765.46,1156.82,7.054294205636319,255.15333333333334,150,0.02,0.6466666666666666
12529.0,360,2,311.78000000000003,0.0,0.0,155.89000000000001,366,0.00546448087431694,0.9836065573770492
12530.0,71,9,2871.23,818.63,6.7088530189159465,319.02555555555557,480,0.01875,0.14791666666666667
12531.0,518,2,1773.83,125.22,4.838026416156094,886.915,524,0.003816793893129771,0.9885496183206107
12533.0,456,6,1149.99,0.0,0.0,191.665,576,0.010416666666666666,0.7916666666666666
12535.0,24,1,371.45,344.9,5.846149715943123,371.45,24,0.041666666666666664,1.0
12537.0,246,1,732.94,0.0,0.0,732.94,246,0.0040650406504065045,1.0
12538.0,216,1,276.5,363.95,5.899760357897641,276.5,216,0.004629629629629629,1.0
12539.0,100,7,8448.24,1050.66,6.958125147142896,1206.8914285714286,554,0.01263537906137184,0.18050541516245489
12540.0,24,25,15235.07,6872.22,8.835387979921117,609.4028,570,0.043859649122807015,0.042105263157894736
12541.0,11,2,536.14,445.03999999999996,6.100408634097161,268.07,118,0.01694915254237288,0.09322033898305085
12542.0,322,4,423.38,0.0,0.0,105.845,478,0.008368200836820083,0.6736401673640168
12543.0,286,1,980.25,0.0,0.0,980.25,286,0.0034965034965034965,1.0
12545.0,97,1,628.15,372.24,5.9222216443658215,628.15,97,0.010309278350515464,1.0
12547.0,35,3,383.58,0.0,0.0,127.86,338,0.008875739644970414,0.10355029585798817
12548.0,4,1,95.19999999999999,0.0,0.0,95.19999999999999,4,0.25,1.0
12549.0,413,6,1575.68,0.0,0.0,262.61333333333334,535,0.011214953271028037,0.77196261682243
12551.0,195,1,168.0,0.0,0.0,168.0,195,0.005128205128205128,1.0
12553.0,42,11,2594.89,1953.93,7.578109666151831,235.8990909090909,261,0.0421455938697318,0.16091954022988506
12554.0,286,1,468.5,0.0,0.0,468.5,286,0.0034965034965034965,1.0
12555.0,520,1,129.23,0.0,0.0,129.23,520,0.0019230769230769232,1.0
12557.0,94,6,11579.800000000001,7136.34,8.873095436900396,1929.966666666667,560,0.010714285714285714,0.16785714285714284
12559.0,148,3,536.21,0.0,0.0,178.73666666666668,157,0.01910828025477707,0.9426751592356688
12561.0,140,1,238.85,0.0,0.0,238.85,140,0.007142857142857143,1.0
12562.0,14,4,2140.41,2826.51,7.947151744677213,535.1025,273,0.014652014652014652,0.05128205128205128
12563.0,246,1,249.24,0.0,0.0,249.24,246,0.0040650406504065045,1.0
12564.0,99,1,456.9,0.0,0.0,456.9,99,0.010101010101010102,1.0
12565.0,119,2,131.17,0.0,0.0,65.585,126,0.015873015873015872,0.9444444444444444
12567.0,17,14,10099.64,3294.18,8.100216073669124,721.4028571428571,504,0.027777777777777776,0.03373015873015873
12568.0,482,1,70.0,0.0,0.0,70.0,482,0.002074688796680498,1.0
12569.0,21,7,1282.76,2782.23,7.931367402739111,183.25142857142856,90,0.07777777777777778,0.23333333333333334
12570.0,520,1,77.52,0.0,0.0,77.52,520,0.0019230769230769232,1.0
12573.0,65,5,717.41,0.0,0.0,143.482,303,0.0165016501650165,0.2145214521452145
12574.0,153,1,218.45,0.0,0.0,218.45,153,0.006535947712418301,1.0
12575.0,295,2,622.8199999999999,0.0,0.0,311.40999999999997,364,0.005494505494505495,0.8104395604395604
12576.0,56,7,1198.54,885.3299999999999,6.787089341755503,171.22,364,0.019230769230769232,0.15384615384615385
12577.0,197,6,1191.84,399.51,5.992738734985712,198.64,574,0.010452961672473868,0.343205574912892
12578.0,154,6,3386.6,1185.85,7.079058017626961,564.4333333333333,281,0.021352313167259787,0.5480427046263345
12580.0,84,2,1052.9,0.0,0.0,526.45,414,0.004830917874396135,0.2028985507246377
12582.0,76,4,1980.4,0.0,0.0,495.1,415,0.00963855421686747,0.18313253012048192
12583.0,9,21,10799.43,3545.47,8.173708021562236,514.2585714285715,571,0.03677758318739054,0.01576182136602452
12584.0,1,4,573.0400000000001,1320.91,7.18683293942549,143.26000000000002,118,0.03389830508474576,0.00847457627118644
12585.0,72,4,1982.81,0.0,0.0,495.7025,189,0.021164021164021163,0.38095238095238093
12586.0,206,4,1831.73,196.94000000000003,5.2879639544685455,457.9325,561,0.0071301247771836,0.3672014260249554
12588.0,237,4,724.08,214.89999999999998,5.3748153375207615,181.02,435,0.009195402298850575,0.5448275862068965
12589.0,252,9,2447.49,646.68,6.473396747218991,271.9433333333333,527,0.017077798861480076,0.4781783681214421
12590.0,28,5,9853.48,0.0,0.0,1970.696,444,0.01126126126126126,0.06306306306306306
12591.0,155,3,1352.15,0.0,0.0,450.7166666666667,246,0.012195121951219513,0.6300813008130082
12592.0,51,7,946.8199999999999,205.8,5.331752142634274,135.26,357,0.0196078431372549,0.14285714285714285
12593.0,56,1,236.0,182.1,5.210032451680465,236.0,56,0.017857142857142856,1.0
12594.0,21,14,3514.2400000000002,1530.27,7.33385273543223,251.0171428571429,484,0.028925619834710745,0.04338842975206612
12595.0,342,1,299.02,0.0,0.0,299.02,342,0.0029239766081871343,1.0
12596.0,80,1,269.95,348.32,5.855988407545532,269.95,80,0.0125,1.0
12597.0,21,2,1428.81,2254.32,7.721047148742565,714.405,106,0.018867924528301886,0.19811320754716982
12598.0,58,10,2677.33,1737.34,7.460685913850493,267.733,486,0.0205761316872428,0.11934156378600823
12599.0,2,10,1862.28,434.44,6.076357014125945,186.228,415,0.024096385542168676,0.004819277108433735
12600.0,42,22,3672.71,1283.08,7.157797787604962,166.94136363636363,570,0.03859649122807018,0.07368421052631578
12601.0,27,7,673.76,0.0,0.0,96.25142857142858,242,0.028925619834710745,0.1115702479338843
12604.0,99,1,178.5,75.68,4.339640918177444,178.5,99,0.010101010101010102,1.0
12605.0,203,5,1217.95,0.0,0.0,243.59,296,0.016891891891891893,0.6858108108108109
12606.0,520,1,21.0,0.0,0.0,21.0,520,0.0019230769230769232,1.0
12608.0,242,1,415.79,0.0,0.0,415.79,242,0.004132231404958678,1.0
12609.0,24,9,3091.7400000000002,326.12,5.7903270760563865,343.5266666666667,557,0.01615798922800718,0.04308797127468582
12613.0,35,11,4835.06,1756.46,7.471624863824109,439.5509090909091,563,0.019538188277087035,0.06216696269982238
12614.0,115,1,315.6,0.0,0.0,315.6,115,0.008695652173913044,1.0
12615.0,6,8,3908.43,1656.45,7.413035555692498,488.55375,576,0.013888888888888888,0.010416666666666666
12616.0,90,5,617.5,427.84999999999997,6.0611072074364305,123.5,226,0.022123893805309734,0.39823008849557523
12619.0,72,3,771.8,2583.15,7.857151912753287,257.26666666666665,398,0.007537688442211055,0.18090452261306533
12620.0,42,1,561.66,777.75,6.657690070101663,561.66,42,0.023809523809523808,1.0
12621.0,10,35,18984.66,5594.65,8.629744789154604,542.4188571428572,506,0.0691699604743083,0.019762845849802372
12622.0,70,1,180.1,0.0,0.0,180.1,70,0.014285714285714285,1.0
12623.0,114,9,3639.84,0.0,0.0,404.4266666666667,534,0.016853932584269662,0.21348314606741572
12624.0,15,1,299.94,341.19,5.835366138354305,299.94,15,0.06666666666666667,1.0
12625.0,49,5,5095.38,0.0,0.0,1019.076,434,0.01152073732718894,0.11290322580645161
12626.0,149,4,1166.55,5221.8,8.560788935533884,291.6375,164,0.024390243902439025,0.9085365853658537
12629.0,223,2,1558.22,0.0,0.0,779.11,261,0.007662835249042145,0.8544061302681992
12631.0,269,6,2811.77,640.5,6.463809184055691,468.62833333333333,531,0.011299435028248588,0.5065913370998116
12632.0,358,4,738.88,0.0,0.0,184.72,402,0.009950248756218905,0.8905472636815921
12633.0,24,8,5160.78,434.43,6.0763340485857364,645.0975,363,0.02203856749311295,0.06611570247933884
12634.0,373,2,490.0,0.0,0.0,245.0,386,0.0051813471502590676,0.966321243523316
12635.0,230,2,1241.23,1689.18,7.432590311121191,620.615,294,0.006802721088435374,0.782312925170068
12636.0,576,1,141.0,0.0,0.0,141.0,576,0.001736111111111111,1.0
12637.0,77,10,4641.51,3630.15,8.197304681494689,464.151,381,0.026246719160104987,0.2020997375328084
12638.0,477,1,249.8,671.69,6.511284599453549,249.8,477,0.0020964360587002098,1.0
12639.0,76,3,1312.37,0.0,0.0,437.45666666666665,465,0.0064516129032258064,0.16344086021505377
12643.0,10,13,6678.68,1202.22,7.092756575397852,513.7446153846154,449,0.028953229398663696,0.022271714922048998
12644.0,268,5,1337.63,477.91,6.171512688316606,267.526,532,0.009398496240601503,0.5037593984962406
12645.0,57,7,2542.62,956.48,6.86430483310819,363.2314285714286,506,0.01383399209486166,0.11264822134387352
12647.0,37,40,16262.28,1420.51,7.259474965888681,406.557,533,0.075046904315197,0.06941838649155722
12648.0,272,4,778.95,318.05,5.765347830314356,194.7375,539,0.0074211502782931356,0.5046382189239332
12649.0,50,8,1990.19,248.51000000000002,5.519498994548706,248.77375,534,0.0149812734082397,0.09363295880149813
12651.0,172,5,365.3,0.0,0.0,73.06,303,0.0165016501650165,0.5676567656765676
12652.0,160,3,1011.58,0.0,0.0,337.1933333333333,272,0.011029411764705883,0.5882352941176471
12653.0,134,2,2730.08,1430.75,7.266652751273966,1365.04,364,0.005494505494505495,0.36813186813186816
12654.0,35,3,337.75,264.23,5.580597374085823,112.58333333333333,133,0.022556390977443608,0.2631578947368421
12655.0,261,1,261.35,0.0,0.0,261.35,261,0.0038314176245210726,1.0
12656.0,41,7,3959.41,2361.37,7.767420631398861,565.63,400,0.0175,0.1025
12661.0,274,1,162.0,0.0,0.0,162.0,274,0.0036496350364963502,1.0
12662.0,25,16,4937.47,2011.7,7.607232383236952,308.591875,455,0.035164835164835165,0.054945054945054944
12663.0,462,3,204.0,0.0,0.0,68.0,506,0.005928853754940711,0.9130434782608695
12664.0,70,4,2491.7400000000002,3560.3,8.177880925727598,622.9350000000001,564,0.0070921985815602835,0.12411347517730496
12665.0,162,5,301.45,0.0,0.0,60.29,507,0.009861932938856016,0.31952662721893493
12666.0,197,2,1020.98,0.0,0.0,510.49,232,0.008620689655172414,0.8491379310344828
12668.0,86,10,10527.2,853.51,6.750528205237315,1052.72,515,0.019417475728155338,0.1669902912621359
12669.0,86,3,1136.3,471.43,6.157889587810629,378.76666666666665,94,0.031914893617021274,0.9148936170212766
12670.0,37,4,1790.6299999999999,1959.76,7.581087432169022,447.65749999999997,504,0.007936507936507936,0.07341269841269842
12671.0,444,1,2622.481,0.0,0.0,2622.481,444,0.0022522522522522522,1.0
12672.0,167,3,410.5,0.0,0.0,136.83333333333334,433,0.006928406466512702,0.3856812933025404
12673.0,164,2,840.4,389.62,5.967735220408745,420.2,239,0.008368200836820083,0.6861924686192469
12674.0,8,2,976.8,942.51,6.849606963586566,488.4,45,0.044444444444444446,0.17777777777777778
12675.0,391,4,934.8,0.0,0.0,233.7,416,0.009615384615384616,0.9399038461538461
12676.0,28,9,2270.65,502.44,6.221464539218678,252.29444444444445,321,0.028037383177570093,0.08722741433021806
12677.0,393,3,389.3,0.0,0.0,129.76666666666668,570,0.005263157894736842,0.6894736842105263
12678.0,13,17,22114.03,11737.1,9.37059524042089,1300.825294117647,539,0.03153988868274583,0.02411873840445269
12679.0,43,3,869.13,189.54000000000002,5.249862146278633,289.71,121,0.024793388429752067,0.35537190082644626
12681.0,25,45,25586.51,4965.25,8.51042030712881,568.589111111111,564,0.0797872340425532,0.044326241134751775
12682.0,15,35,17719.97,6225.84,8.736624259986375,506.28485714285716,576,0.06076388888888889,0.026041666666666668
12683.0,22,20,9212.69,3205.91,8.073063135688512,460.6345,564,0.03546099290780142,0.03900709219858156
12684.0,8,4,1379.48,904.15,6.808100675821953,344.87,51,0.0784313725490196,0.1568627450980392
12686.0,209,1,178.28,0.0,0.0,178.28,209,0.004784688995215311,1.0
12687.0,318,2,2138.91,0.0,0.0,1069.455,318,0.006289308176100629,1.0
12690.0,43,1,389.01,0.0,0.0,389.01,43,0.023255813953488372,1.0
12691.0,156,4,540.8,629.6,6.446671747110961,135.2,258,0.015503875968992248,0.6046511627906976
12692.0,475,1,110.95,0.0,0.0,110.95,475,0.002105263157894737,1.0
12693.0,49,9,1425.23,215.19000000000003,5.376157650666373,158.35888888888888,360,0.025,0.1361111111111111
12694.0,21,3,1409.28,430.17,6.066502443890595,469.76,259,0.011583011583011582,0.08108108108108109
12695.0,48,4,914.27,492.85,6.202231827354137,228.5675,503,0.007952286282306162,0.09542743538767395
12696.0,272,3,801.15,0.0,0.0,267.05,520,0.0057692307692307696,0.5230769230769231
12697.0,7,1,390.5,548.52,6.309045169905626,390.5,7,0.14285714285714285,1.0
12698.0,428,1,339.75,0.0,0.0,339.75,428,0.002336448598130841,1.0
12699.0,255,1,638.11,0.0,0.0,638.11,255,0.00392156862745098,1.0
12700.0,53,2,1056.43,3811.56,8.24605615849675,528.215,53,0.03773584905660377,1.0
12701.0,80,5,1985.78,460.63,6.1347637044165335,397.156,471,0.010615711252653927,0.16985138004246284
12703.0,471,5,617.48,274.7,5.619313318029751,123.49600000000001,522,0.009578544061302681,0.9022988505747126
12704.0,7,1,329.56,1891.28,7.545537730205496,329.56,7,0.14285714285714285,1.0
12705.0,14,13,7862.41,3691.59,8.214083387839036,604.8007692307692,574,0.02264808362369338,0.024390243902439025
12707.0,129,1,603.42,0.0,0.0,603.42,129,0.007751937984496124,1.0
12708.0,10,24,4044.89,1073.27,6.979396640122013,168.53708333333333,559,0.04293381037567084,0.017889087656529516
12709.0,28,40,25950.57,4362.04,8.380924341085251,648.76425,568,0.07042253521126761,0.04929577464788732
12710.0,28,2,700.51,430.06,6.066247291551668,350.255,39,0.05128205128205128,0.717948717948718
12711.0,449,2,1339.05,0.0,0.0,669.525,514,0.0038910505836575876,0.8735408560311284
12712.0,20,23,5503.41,1476.25,7.297937530225784,239.2786956521739,568,0.040492957746478875,0.035211267605633804
12714.0,17,10,11660.03,2433.68,7.797570610042959,1166.0030000000002,573,0.017452006980802792,0.029668411867364748
12717.0,83,2,887.6700000000001,371.24,5.9195388075363935,443.83500000000004,428,0.004672897196261682,0.1939252336448598
12720.0,7,25,4929.35,3118.53,8.045437628430388,197.174,344,0.07267441860465117,0.020348837209302327
12721.0,21,8,2949.46,957.22,6.865077396700408,368.6825,309,0.025889967637540454,0.06796116504854369
12724.0,11,5,1566.47,751.0500000000001,6.622802811101223,313.294,373,0.013404825737265416,0.029490616621983913
12725.0,209,4,2694.56,0.0,0.0,673.64,422,0.009478672985781991,0.495260663507109
12726.0,22,9,2872.82,1141.78,7.041219169328432,319.20222222222225,462,0.01948051948051948,0.047619047619047616
12727.0,25,10,4466.2300000000005,1180.3,7.074370805954474,446.62300000000005,492,0.02032520325203252,0.0508130081300813
12728.0,95,4,851.15,219.01999999999998,5.3937184513112895,212.7875,221,0.01809954751131222,0.4298642533936652
12730.0,359,1,829.25,0.0,0.0,829.25,359,0.002785515320334262,1.0
12731.0,13,13,16383.47,9289.74,9.136773484179145,1260.266923076923,485,0.026804123711340205,0.026804123711340205
12732.0,17,1,236.26000000000002,0.0,0.0,236.26000000000002,17,0.058823529411764705,1.0
12733.0,72,6,2326.82,0.0,0.0,387.80333333333334,527,0.011385199240986717,0.1366223908918406
12734.0,190,3,639.65,0.0,0.0,213.21666666666667,230,0.013043478260869565,0.8260869565217391
12735.0,153,2,779.5699999999999,0.0,0.0,389.78499999999997,175,0.011428571428571429,0.8742857142857143
12736.0,170,1,234.0,0.0,0.0,234.0,170,0.0058823529411764705,1.0
12737.0,336,2,3710.5,0.0,0.0,1855.25,336,0.005952380952380952,1.0
12738.0,210,1,310.7,0.0,0.0,310.7,210,0.004761904761904762,1.0
12739.0,223,2,1713.69,1013.04,6.921697631104842,856.845,232,0.008620689655172414,0.9612068965517241
12741.0,367,2,406.07,0.0,0.0,203.035,371,0.005390835579514825,0.9892183288409704
12742.0,437,2,1185.02,0.0,0.0,592.51,463,0.004319654427645789,0.9438444924406048
12744.0,86,10,8209.58,4948.58,8.50705800347805,820.958,429,0.023310023310023312,0.20046620046620048
12745.0,324,3,925.41,0.0,0.0,308.46999999999997,520,0.0057692307692307696,0.6230769230769231
12746.0,365,3,230.85000000000002,0.0,0.0,76.95,569,0.005272407732864675,0.6414762741652021
12747.0,2,28,7436.28,1728.31,7.455477764001793,265.58142857142855,570,0.04912280701754386,0.0035087719298245615
12748.0,2,246,32225.46,17744.670000000002,9.783896821482495,130.99780487804878,573,0.4293193717277487,0.0034904013961605585
12749.0,38,10,3242.39,3086.1,8.034987417887432,324.239,359,0.027855153203342618,0.10584958217270195
12751.0,282,1,268.27,0.0,0.0,268.27,282,0.0035460992907801418,1.0
12753.0,65,7,12701.85,8322.16,9.026797269398878,1814.55,200,0.035,0.325
12754.0,73,5,2949.12,0.0,0.0,589.824,146,0.03424657534246575,0.5
12755.0,87,22,6406.349999999999,0.0,0.0,291.19772727272726,575,0.03826086956521739,0.15130434782608695
12757.0,23,11,831.03,3396.67,8.13084518156526,75.54818181818182,49,0.22448979591836735,0.46938775510204084
12758.0,114,7,8557.6,1221.4,7.108571418412256,1222.5142857142857,576,0.012152777777777778,0.19791666666666666
12759.0,9,7,4571.82,448.92,6.109069789182246,653.1171428571428,573,0.012216404886561954,0.015706806282722512
12760.0,293,1,347.8,0.0,0.0,347.8,293,0.0034129692832764505,1.0
12761.0,295,2,782.95,0.0,0.0,391.475,302,0.006622516556291391,0.9768211920529801
12763.0,207,1,640.16,174.0,5.1647859739235145,640.16,207,0.004830917874396135,1.0
12764.0,154,1,1693.88,0.0,0.0,1693.88,154,0.006493506493506494,1.0
12765.0,310,6,1404.58,0.0,0.0,234.09666666666666,479,0.012526096033402923,0.6471816283924844
12766.0,78,8,7052.51,2973.92,7.997972426861865,881.56375,245,0.0326530612244898,0.3183673469387755
12767.0,213,1,949.82,0.0,0.0,949.82,213,0.004694835680751174,1.0
12768.0,269,2,3.552713678800501e-15,0.0,0.0,1.7763568394002505e-15,288,0.006944444444444444,0.9340277777777778
12769.0,76,1,1143.6,0.0,0.0,1143.6,76,0.013157894736842105,1.0
12770.0,48,7,2975.95,0.0,0.0,425.13571428571424,449,0.015590200445434299,0.10690423162583519
12771.0,302,2,262.5,0.0,0.0,131.25,323,0.006191950464396285,0.934984520123839
12773.0,402,2,1.7763568394002505e-15,0.0,0.0,8.881784197001252e-16,402,0.004975124378109453,1.0
12774.0,373,1,98.7,0.0,0.0,98.7,373,0.002680965147453083,1.0
12775.0,27,7,1429.96,221.36,5.404297690085269,204.28,247,0.02834008097165992,0.10931174089068826
12776.0,505,1,55.5,0.0,0.0,55.5,505,0.0019801980198019802,1.0
12777.0,295,1,519.45,0.0,0.0,519.45,295,0.003389830508474576,1.0
12778.0,21,7,1445.51,312.17,5.746746174088317,206.50142857142856,440,0.015909090909090907,0.04772727272727273
12779.0,27,19,5444.17,962.59,6.870665892936763,286.53526315789475,574,0.033101045296167246,0.047038327526132406
12780.0,436,1,337.4,0.0,0.0,337.4,436,0.0022935779816513763,1.0
12781.0,90,2,491.75,215.97,5.37975909513528,245.875,122,0.01639344262295082,0.7377049180327869
12782.0,91,12,3758.07,767.97,6.645051957041157,313.1725,357,0.03361344537815126,0.2549019607843137
12784.0,367,1,1230.33,574.42,6.355100208942306,1230.33,367,0.0027247956403269754,1.0
12786.0,447,1,728.5,0.0,0.0,728.5,447,0.0022371364653243847,1.0
12787.0,30,3,553.62,305.56,5.7254134947824955,184.54,251,0.01195219123505976,0.11952191235059761
12788.0,301,4,444.9,0.0,0.0,111.225,366,0.01092896174863388,0.8224043715846995
12789.0,350,2,181.5,91.85,4.530985287798715,90.75,531,0.003766478342749529,0.6591337099811676
12790.0,30,3,563.45,0.0,0.0,187.8166666666667,248,0.012096774193548387,0.12096774193548387
12791.0,211,8,777.75,0.0,0.0,97.21875,462,0.017316017316017316,0.45670995670995673
12792.0,94,3,813.88,0.0,0.0,271.29333333333335,520,0.0057692307692307696,0.18076923076923077
12793.0,172,3,1017.33,0.0,0.0,339.11,239,0.012552301255230125,0.7196652719665272
12796.0,466,1,381.0,0.0,0.0,381.0,466,0.002145922746781116,1.0
12797.0,198,6,725.46,0.0,0.0,120.91000000000001,262,0.022900763358778626,0.7557251908396947
12798.0,8,2,3140.93,5370.0,8.58876938990546,1570.465,259,0.007722007722007722,0.03088803088803089
12799.0,367,1,219.35,0.0,0.0,219.35,367,0.0027247956403269754,1.0
12800.0,308,3,584.25,0.0,0.0,194.75,514,0.005836575875486381,0.5992217898832685
12801.0,315,2,1031.87,0.0,0.0,515.935,338,0.005917159763313609,0.9319526627218935
12802.0,21,9,2350.42,0.0,0.0,261.15777777777777,401,0.022443890274314215,0.05236907730673317
12803.0,231,1,1092.81,0.0,0.0,1092.81,231,0.004329004329004329,1.0
12804.0,303,2,327.02,0.0,0.0,163.51,338,0.005917159763313609,0.8964497041420119
12805.0,219,4,1434.95,0.0,0.0,358.7375,512,0.0078125,0.427734375
12806.0,273,4,2878.96,0.0,0.0,719.74,426,0.009389671361502348,0.6408450704225352
12807.0,220,3,269.95,0.0,0.0,89.98333333333333,224,0.013392857142857142,0.9821428571428571
12808.0,22,4,703.8000000000001,202.3,5.314682720634301,175.95000000000002,300,0.013333333333333334,0.07333333333333333
12809.0,6,8,1705.34,0.0,0.0,213.1675,485,0.016494845360824743,0.012371134020618556
12810.0,372,2,534.99,0.0,0.0,267.495,514,0.0038910505836575876,0.7237354085603113
12811.0,98,5,1033.9,0.0,0.0,206.78000000000003,265,0.018867924528301886,0.36981132075471695
12813.0,339,3,1687.8,0.0,0.0,562.6,531,0.005649717514124294,0.6384180790960452
12815.0,36,1,615.36,448.1,6.107245580093692,615.36,36,0.027777777777777776,1.0
12816.0,14,1,318.65000000000003,253.55,5.539497280348345,318.65000000000003,14,0.07142857142857142,1.0
12817.0,119,3,690.98,0.0,0.0,230.32666666666668,272,0.011029411764705883,0.4375
12818.0,16,2,1517.88,0.0,0.0,758.94,99,0.020202020202020204,0.16161616161616163
12819.0,296,1,540.52,0.0,0.0,540.52,296,0.0033783783783783786,1.0
12820.0,164,10,1876.06,771.88,6.650123797209254,187.606,572,0.017482517482517484,0.2867132867132867
12821.0,52,2,220.8,0.0,0.0,110.4,449,0.004454342984409799,0.11581291759465479
12823.0,92,16,5736.5,765.0,6.641182169740591,358.53125,517,0.030947775628626693,0.17794970986460348
12825.0,359,2,518.63,0.0,0.0,259.315,479,0.0041753653444676405,0.7494780793319415
12826.0,6,12,2272.59,656.1,6.487836213903822,189.38250000000002,559,0.02146690518783542,0.01073345259391771
12829.0,160,4,345.35,0.0,0.0,86.3375,388,0.010309278350515464,0.41237113402061853
12830.0,9,1,2221.84,4526.56,8.417938442016526,2221.84,9,0.1111111111111111,1.0
12831.0,100,3,451.11,0.0,0.0,150.37,301,0.009966777408637873,0.33222591362126247
12834.0,120,1,312.38,0.0,0.0,312.38,120,0.008333333333333333,1.0
12835.0,256,49,6018.67,0.0,0.0,122.83,574,0.08536585365853659,0.445993031358885
12836.0,57,15,5595.01,951.46,6.859048111368396,373.0006666666667,576,0.026041666666666668,0.09895833333333333
12837.0,11,2,688.41,0.0,0.0,344.205,407,0.004914004914004914,0.02702702702702703
12838.0,211,11,3083.69,292.34000000000003,5.68133234581861,280.3354545454545,430,0.02558139534883721,0.4906976744186046
12839.0,21,21,6041.28,3886.55,8.265534418141113,287.68,570,0.03684210526315789,0.03684210526315789
12840.0,20,10,3437.87,576.0,6.3578422665081,343.787,512,0.01953125,0.0390625
12841.0,18,29,5675.07,1715.41,7.447990179248149,195.69206896551722,357,0.08123249299719888,0.05042016806722689
12842.0,146,3,1109.73,808.26,6.696120249850796,369.91,575,0.0052173913043478265,0.2539130434782609
12843.0,6,32,6041.36,304.25,5.721131112990814,188.7925,564,0.05673758865248227,0.010638297872340425
12844.0,280,2,322.64,325.96000000000004,5.789837839256022,161.32,431,0.004640371229698376,0.6496519721577726
12845.0,105,4,354.09,0.0,0.0,88.5225,128,0.03125,0.8203125
12846.0,520,1,15.58,0.0,0.0,15.58,520,0.0019230769230769232,1.0
12847.0,225,1,765.36,871.54,6.771408498297926,765.36,225,0.0044444444444444444,1.0
12848.0,513,1,208.0,0.0,0.0,208.0,513,0.001949317738791423,1.0
12849.0,106,5,2744.17,346.39,5.850448068130755,548.8340000000001,429,0.011655011655011656,0.24708624708624707
12850.0,283,1,330.0,0.0,0.0,330.0,283,0.0035335689045936395,1.0
12851.0,315,1,148.95,135.18,4.9139775400548205,148.95,315,0.0031746031746031746,1.0
12852.0,128,2,299.75,0.0,0.0,149.875,132,0.015151515151515152,0.9696969696969697
12853.0,52,12,2709.4,1019.1,6.9276559406884735,225.78333333333333,510,0.023529411764705882,0.10196078431372549
12854.0,79,10,2408.2400000000002,514.13,6.244419295993821,240.824,566,0.0176678445229682,0.13957597173144876
12855.0,210,4,650.9399999999999,0.0,0.0,162.73499999999999,240,0.016666666666666666,0.875
12857.0,48,7,3684.25,0.0,0.0,526.3214285714286,521,0.013435700575815739,0.09213051823416507
12858.0,221,2,151.73,0.0,0.0,75.865,520,0.0038461538461538464,0.425
12859.0,296,1,575.1,0.0,0.0,575.1,296,0.0033783783783783786,1.0
12860.0,531,1,55.47,0.0,0.0,55.47,531,0.0018832391713747645,1.0
12861.0,457,1,68.25,0.0,0.0,68.25,457,0.002188183807439825,1.0
12862.0,263,2,1008.3199999999999,0.0,0.0,504.15999999999997,333,0.006006006006006006,0.7897897897897898
12863.0,37,6,2254.35,521.2,6.258050656265029,375.72499999999997,427,0.01405152224824356,0.08665105386416862
12864.0,346,1,152.45,147.12,4.998022756045412,152.45,346,0.002890173410404624,1.0
12865.0,197,3,1735.08,1568.23,7.358340332174572,578.36,314,0.009554140127388535,0.6273885350318471
12866.0,121,3,1227.35,0.0,0.0,409.1166666666666,340,0.008823529411764706,0.3558823529411765
12867.0,3,12,6220.67,1642.02,7.404291290817714,518.3891666666667,561,0.0213903743315508,0.0053475935828877
12868.0,23,8,2247.06,0.0,0.0,280.8825,230,0.034782608695652174,0.1
12869.0,519,1,337.66999999999996,0.0,0.0,337.66999999999996,519,0.0019267822736030828,1.0
12870.0,204,4,1647.15,0.0,0.0,411.7875,462,0.008658008658008658,0.44155844155844154
12871.0,45,2,495.38,248.64,5.520019880065842,247.69,277,0.007220216606498195,0.1624548736462094
12872.0,164,13,3678.34,0.0,0.0,282.9492307692308,574,0.02264808362369338,0.2857142857142857
12873.0,120,3,2027.3,0.0,0.0,675.7666666666667,519,0.005780346820809248,0.23121387283236994
12874.0,223,3,933.42,0.0,0.0,311.14,392,0.007653061224489796,0.5688775510204082
12875.0,200,4,1307.52,49.470000000000006,3.921379100352171,326.88,535,0.007476635514018692,0.37383177570093457
12876.0,34,4,2577.0,1491.59,7.308268144956232,644.25,428,0.009345794392523364,0.0794392523364486
12877.0,15,16,2378.23,576.94,6.3594700570557645,148.639375,528,0.030303030303030304,0.028409090909090908
12880.0,219,2,640.13,0.0,0.0,320.065,412,0.0048543689320388345,0.5315533980582524
12881.0,113,1,298.0,0.0,0.0,298.0,113,0.008849557522123894,1.0
12886.0,51,2,747.69,603.4,6.404236230398585,373.845,57,0.03508771929824561,0.8947368421052632
12887.0,221,1,222.4,0.0,0.0,222.4,221,0.004524886877828055,1.0
12888.0,52,4,313.77,0.0,0.0,78.4425,93,0.043010752688172046,0.5591397849462365
12889.0,219,6,365.66,0.0,0.0,60.943333333333335,340,0.01764705882352941,0.6441176470588236
12890.0,225,1,336.8,380.46999999999997,5.944032210673093,336.8,225,0.0044444444444444444,1.0
12891.0,23,12,819.5,0.0,0.0,68.29166666666667,497,0.02414486921529175,0.04627766599597585
12892.0,234,1,263.38,0.0,0.0,263.38,234,0.004273504273504274,1.0
12894.0,413,1,157.35,0.0,0.0,157.35,413,0.002421307506053269,1.0
12897.0,42,4,514.25,0.0,0.0,128.5625,381,0.010498687664041995,0.11023622047244094
12898.0,301,2,310.96000000000004,0.0,0.0,155.48000000000002,497,0.004024144869215292,0.6056338028169014
12899.0,251,1,366.4,0.0,0.0,366.4,251,0.00398406374501992,1.0
12900.0,260,1,340.33,0.0,0.0,340.33,260,0.0038461538461538464,1.0
12901.0,1,20,8697.28,7595.82,8.935485017659277,434.86400000000003,108,0.18518518518518517,0.009259259259259259
12902.0,102,1,138.68,0.0,0.0,138.68,102,0.00980392156862745,1.0
12903.0,266,1,833.53,0.0,0.0,833.53,266,0.0037593984962406013,1.0
12904.0,10,1,244.69,264.89,5.583082689418416,244.69,10,0.1,1.0
12905.0,414,3,1011.82,0.0,0.0,337.27333333333337,520,0.0057692307692307696,0.7961538461538461
12907.0,233,3,440.36,0.0,0.0,146.78666666666666,491,0.006109979633401222,0.4745417515274949
12909.0,29,10,2391.86,642.91,6.4675589647854,239.186,491,0.020366598778004074,0.059063136456211814
12910.0,35,9,3814.48,1932.54,7.567107798705096,423.8311111111111,459,0.0196078431372549,0.07625272331154684
12911.0,389,1,1680.47,0.0,0.0,1680.47,389,0.002570694087403599,1.0
12913.0,120,11,5083.62,1617.24,7.389094417891618,462.1472727272727,576,0.019097222222222224,0.20833333333333334
12914.0,238,1,223.98,0.0,0.0,223.98,238,0.004201680672268907,1.0
12915.0,210,7,920.85,164.0,5.10594547390058,131.55,427,0.01639344262295082,0.4918032786885246
12916.0,39,7,3936.85,693.37,6.543004959647897,562.4071428571428,522,0.013409961685823755,0.07471264367816093
12917.0,238,7,3735.5,594.0,6.38856140554563,533.6428571428571,568,0.01232394366197183,0.41901408450704225
12919.0,3,2,190.29999999999998,1111.14,7.014041366166454,95.14999999999999,7,0.2857142857142857,0.42857142857142855
12920.0,409,3,323.86,164.23,5.1073384426629,107.95333333333333,563,0.0053285968028419185,0.7264653641207816
12921.0,22,77,24190.73,10448.720000000001,9.254330462775611,314.16532467532465,576,0.13368055555555555,0.03819444444444445
12923.0,228,2,612.9,176.97,5.181614996761894,306.45,413,0.004842615012106538,0.5520581113801453
12924.0,36,13,2144.7200000000003,278.43,5.632751814000819,164.97846153846154,568,0.022887323943661973,0.06338028169014084
12925.0,430,1,35.28,694.05,6.5439837854231016,35.28,430,0.002325581395348837,1.0
12926.0,249,4,1548.46,0.0,0.0,387.115,563,0.007104795737122558,0.4422735346358792
12927.0,232,1,197.31,0.0,0.0,197.31,232,0.004310344827586207,1.0
12928.0,79,9,3022.23,1282.66,7.157470651677068,335.80333333333334,387,0.023255813953488372,0.2041343669250646
12930.0,9,1,221.56,188.34,5.243544340700745,221.56,9,0.1111111111111111,1.0
12931.0,41,59,41675.56,29624.11,10.296377591510709,706.3654237288135,576,0.10243055555555555,0.07118055555555555
12932.0,377,8,1698.56,0.0,0.0,212.32,505,0.015841584158415842,0.7465346534653465
12933.0,9,10,1377.24,250.04,5.525612288984722,137.724,567,0.01763668430335097,0.015873015873015872
12934.0,574,1,181.65,0.0,0.0,181.65,574,0.0017421602787456446,1.0
12935.0,36,14,2887.54,1294.47,7.166628842651828,206.25285714285715,445,0.03146067415730337,0.08089887640449438
12937.0,35,7,2021.57,1076.04,6.981971816670979,288.79571428571427,574,0.012195121951219513,0.06097560975609756
12939.0,111,15,20911.32,4353.48,8.378960479172424,1394.088,534,0.028089887640449437,0.20786516853932585
12941.0,562,1,377.49,0.0,0.0,377.49,562,0.0017793594306049821,1.0
12942.0,35,2,655.27,287.38,5.6642790548785005,327.635,203,0.009852216748768473,0.1724137931034483
12943.0,139,4,489.0,0.0,0.0,122.25,443,0.009029345372460496,0.31376975169300225
12944.0,192,1,286.95,317.56,5.7638108403158865,286.95,192,0.005208333333333333,1.0
12945.0,126,2,900.11,0.0,0.0,450.055,494,0.004048582995951417,0.2550607287449393
12946.0,274,1,324.45,0.0,0.0,324.45,274,0.0036496350364963502,1.0
12947.0,9,10,1487.03,224.3,5.4174328474381985,148.703,211,0.04739336492890995,0.04265402843601896
12948.0,52,5,1138.74,1167.44,7.063424804778665,227.748,575,0.008695652173913044,0.09043478260869565
12949.0,44,23,13474.48,1916.52,7.558787963434735,585.8469565217391,574,0.04006968641114982,0.07665505226480836
12951.0,1,19,2852.13,312.29,5.747129279159567,150.1121052631579,536,0.03544776119402985,0.0018656716417910447
12953.0,360,1,498.96000000000004,329.85,5.801665100458068,498.96000000000004,360,0.002777777777777778,1.0
12954.0,476,1,162.45,0.0,0.0,162.45,476,0.0021008403361344537,1.0
12955.0,2,6,985.4799999999999,3748.7799999999997,8.229452450576833,164.24666666666664,105,0.05714285714285714,0.01904761904761905
12956.0,144,4,521.89,0.0,0.0,130.4725,562,0.0071174377224199285,0.25622775800711745
12957.0,24,15,6348.82,2279.6,7.732193845223258,423.25466666666665,566,0.026501766784452298,0.04240282685512368
12958.0,238,2,539.49,0.0,0.0,269.745,421,0.004750593824228029,0.5653206650831354
12959.0,322,2,133.35,0.0,0.0,66.675,535,0.003738317757009346,0.6018691588785047
12960.0,251,4,1322.07,0.0,0.0,330.5175,499,0.008016032064128256,0.503006012024048
12961.0,217,1,211.99,0.0,0.0,211.99,217,0.004608294930875576,1.0
12963.0,136,7,2021.96,1490.83,7.307758833253168,288.8514285714286,357,0.0196078431372549,0.38095238095238093
12964.0,275,1,132.24,0.0,0.0,132.24,275,0.0036363636363636364,1.0
12969.0,440,1,122.45,0.0,0.0,122.45,440,0.0022727272727272726,1.0
12970.0,160,8,1096.53,428.44,6.062482034343263,137.06625,573,0.013961605584642234,0.2792321116928447
12971.0,6,78,9728.62,5754.12,8.65784517237213,124.72589743589745,562,0.1387900355871886,0.010676156583629894
12972.0,251,6,1115.95,0.0,0.0,185.99166666666667,499,0.012024048096192385,0.503006012024048
12973.0,251,1,385.55,0.0,0.0,385.55,251,0.00398406374501992,1.0
12974.0,35,2,408.95,0.0,0.0,204.475,403,0.004962779156327543,0.08684863523573201
12975.0,268,8,1993.99,0.0,0.0,249.24875,571,0.014010507880910683,0.46935201401050786
12976.0,49,8,3156.38,0.0,0.0,394.5475,503,0.015904572564612324,0.09741550695825049
12977.0,339,3,478.39,39.239999999999995,3.6948615257914836,159.46333333333334,349,0.008595988538681949,0.9713467048710601
12978.0,223,6,2496.07,0.0,0.0,416.0116666666667,567,0.010582010582010581,0.3932980599647266
12979.0,567,2,479.53999999999996,0.0,0.0,239.76999999999998,567,0.003527336860670194,1.0
12980.0,14,24,15210.390000000001,699.0,6.551080335043404,633.76625,575,0.04173913043478261,0.02434782608695652
12982.0,77,17,2562.12,0.0,0.0,150.7129411764706,444,0.038288288288288286,0.17342342342342343
12983.0,436,1,490.08000000000004,0.0,0.0,490.08000000000004,436,0.0022935779816513763,1.0
12986.0,240,12,1991.5900000000001,0.0,0.0,165.96583333333334,525,0.022857142857142857,0.45714285714285713
12987.0,29,5,1044.1100000000001,254.4,5.542830943598439,208.82200000000003,526,0.009505703422053232,0.055133079847908745
12988.0,130,1,535.32,0.0,0.0,535.32,130,0.007692307692307693,1.0
12989.0,38,29,9313.93,3532.87,8.170148866690871,321.17,567,0.05114638447971781,0.06701940035273368
12990.0,23,6,809.9,145.6,4.987707789452551,134.98333333333332,457,0.01312910284463895,0.05032822757111598
12991.0,227,1,261.06,503.76,6.22408306878471,261.06,227,0.004405286343612335,1.0
12992.0,563,1,93.35000000000001,0.0,0.0,93.35000000000001,563,0.0017761989342806395,1.0
12993.0,45,8,951.8,239.46,5.482553755546763,118.975,497,0.01609657947686117,0.09054325955734406
12994.0,101,2,316.40000000000003,585.82,6.374718128850926,158.20000000000002,106,0.018867924528301886,0.9528301886792453
12996.0,213,1,355.5,0.0,0.0,355.5,213,0.004694835680751174,1.0
12997.0,71,13,1450.44,614.67,6.422711105701639,111.5723076923077,560,0.023214285714285715,0.12678571428571428
12998.0,330,4,897.38,0.0,0.0,224.345,491,0.008146639511201629,0.6720977596741344
12999.0,34,3,455.88,0.0,0.0,151.96,83,0.03614457831325301,0.40963855421686746
13000.0,97,4,888.6800000000001,76.32000000000001,4.34795265434013,222.17000000000002,563,0.007104795737122558,0.17229129662522202
13001.0,22,34,22162.58,1973.47,7.58805528689135,651.8405882352941,574,0.059233449477351915,0.03832752613240418
13002.0,156,3,414.13,0.0,0.0,138.04333333333332,272,0.011029411764705883,0.5735294117647058
13003.0,52,1,59.050000000000004,90.0,4.51085950651685,59.050000000000004,52,0.019230769230769232,1.0
13004.0,6,37,8642.54,2501.45,7.825025530969793,233.58216216216218,562,0.06583629893238434,0.010676156583629894
13005.0,11,6,935.03,0.0,0.0,155.83833333333334,295,0.020338983050847456,0.03728813559322034
13007.0,417,1,175.25,0.0,0.0,175.25,417,0.002398081534772182,1.0
13008.0,161,7,543.28,0.0,0.0,77.61142857142856,561,0.012477718360071301,0.28698752228163993
13009.0,510,1,234.0,0.0,0.0,234.0,510,0.00196078431372549,1.0
13010.0,212,2,330.12,0.0,0.0,165.06,486,0.00411522633744856,0.43621399176954734
13011.0,210,1,101.10000000000001,0.0,0.0,101.10000000000001,210,0.004761904761904762,1.0
13012.0,17,9,1651.73,939.45,6.846358484116814,183.52555555555557,430,0.020930232558139535,0.03953488372093023
13013.0,50,20,10187.12,2414.7000000000003,7.789744379159271,509.35600000000005,563,0.035523978685612786,0.08880994671403197
13014.0,3,10,3583.93,1636.9,7.401170212488334,358.393,270,0.037037037037037035,0.011111111111111112
13015.0,35,13,4882.4800000000005,1583.24,7.3678600760486255,375.5753846153847,441,0.02947845804988662,0.07936507936507936
13018.0,17,21,6318.01,3424.8,8.139090300063884,300.85761904761904,486,0.043209876543209874,0.03497942386831276
13019.0,217,8,1212.95,0.0,0.0,151.61875,571,0.014010507880910683,0.38003502626970226
13020.0,386,5,606.96,0.0,0.0,121.39200000000001,497,0.01006036217303823,0.7766599597585513
13021.0,4,18,3327.42,1458.96,7.286164317066796,184.85666666666668,572,0.03146853146853147,0.006993006993006993
13022.0,267,1,65.3,0.0,0.0,65.3,267,0.003745318352059925,1.0
13023.0,366,1,759.13,689.9,6.537995095494749,759.13,366,0.00273224043715847,1.0
13024.0,302,3,535.42,0.0,0.0,178.47333333333333,420,0.007142857142857143,0.719047619047619
13025.0,569,1,323.39,0.0,0.0,323.39,569,0.0017574692442882249,1.0
13026.0,58,7,997.69,692.43,6.541650297385683,142.52714285714288,564,0.012411347517730497,0.10283687943262411
13027.0,71,20,14076.0,3072.0,8.030409562130485,703.8,526,0.03802281368821293,0.13498098859315588
13029.0,191,3,1062.3,865.0,6.763884908562435,354.09999999999997,361,0.008310249307479225,0.5290858725761773
13030.0,206,1,855.48,371.74,5.920881125652519,855.48,206,0.0048543689320388345,1.0
13031.0,245,5,3419.27,0.0,0.0,683.854,392,0.012755102040816327,0.625
13032.0,230,8,1821.07,996.52,6.905272198688331,227.63375,298,0.026845637583892617,0.7718120805369127
13033.0,195,2,220.55,0.0,0.0,110.275,267,0.00749063670411985,0.7303370786516854
13034.0,207,2,445.77,476.90999999999997,6.169422430244873,222.885,239,0.008368200836820083,0.8661087866108786
13035.0,98,2,775.32,553.63,6.318301224758731,387.66,269,0.007434944237918215,0.3643122676579926
13036.0,522,1,307.1,0.0,0.0,307.1,522,0.0019157088122605363,1.0
13037.0,57,15,3538.8,303.75,5.719491768361381,235.92000000000002,574,0.02613240418118467,0.09930313588850175
13038.0,21,2,591.76,316.70000000000005,5.761107541275471,295.88,128,0.015625,0.1640625
13039.0,422,4,1010.73,0.0,0.0,252.6825,560,0.007142857142857143,0.7535714285714286
13041.0,288,4,799.13,0.0,0.0,199.7825,427,0.00936768149882904,0.6744730679156908
13042.0,422,4,1522.79,0.0,0.0,380.6975,570,0.007017543859649123,0.7403508771929824
13043.0,91,2,471.57,0.0,0.0,235.785,111,0.018018018018018018,0.8198198198198198
13044.0,129,13,4824.2,0.0,0.0,371.09230769230766,538,0.024163568773234202,0.23977695167286245
13045.0,239,2,503.64,305.28000000000003,5.724499716244923,251.82,324,0.006172839506172839,0.7376543209876543
13046.0,104,2,517.66,431.59,6.069790397209245,258.83,294,0.006802721088435374,0.35374149659863946
13047.0,11,34,7589.85,876.87,6.777498518891272,223.2308823529412,561,0.06060606060606061,0.0196078431372549
13048.0,76,10,3169.17,865.99,6.765027442688649,316.91700000000003,519,0.019267822736030827,0.1464354527938343
13049.0,156,4,881.24,502.90000000000003,6.222377835686553,220.31,239,0.016736401673640166,0.6527196652719666
13050.0,23,45,9501.16,2321.28,7.750304740689947,211.13688888888888,562,0.0800711743772242,0.04092526690391459
13051.0,416,2,155.8,0.0,0.0,77.9,457,0.00437636761487965,0.9102844638949672
13052.0,50,7,3168.53,0.0,0.0,452.6471428571429,492,0.014227642276422764,0.1016260162601626
13053.0,459,1,127.65,0.0,0.0,127.65,459,0.002178649237472767,1.0
13055.0,51,3,1435.41,857.1,6.7547206428130755,478.47,267,0.011235955056179775,0.19101123595505617
13056.0,389,1,209.48,0.0,0.0,209.48,389,0.002570694087403599,1.0
13057.0,368,4,540.74,0.0,0.0,135.185,469,0.008528784648187633,0.7846481876332623
13059.0,87,12,2272.62,0.0,0.0,189.385,456,0.02631578947368421,0.19078947368421054
13060.0,91,1,307.53,0.0,0.0,307.53,91,0.01098901098901099,1.0
13062.0,29,1,346.98,0.0,0.0,346.98,29,0.034482758620689655,1.0
13063.0,318,1,188.4,0.0,0.0,188.4,318,0.0031446540880503146,1.0
13064.0,165,3,764.55,916.19,6.821314648176822,254.85,429,0.006993006993006993,0.38461538461538464
13065.0,211,6,1255.96,0.0,0.0,209.32666666666668,385,0.015584415584415584,0.548051948051948
13067.0,247,2,393.05,115.46000000000001,4.757547866408974,196.525,284,0.007042253521126761,0.8697183098591549
13068.0,157,1,165.0,179.0,5.19295685089021,165.0,157,0.006369426751592357,1.0
13069.0,18,33,7525.24,1222.23,7.109250180147978,228.03757575757575,381,0.08661417322834646,0.047244094488188976
13070.0,30,5,743.9,0.0,0.0,148.78,575,0.008695652173913044,0.05217391304347826
13071.0,450,1,129.22,0.0,0.0,129.22,450,0.0022222222222222222,1.0
13072.0,104,1,177.15,0.0,0.0,177.15,104,0.009615384615384616,1.0
13073.0,249,2,418.08,0.0,0.0,209.04,275,0.007272727272727273,0.9054545454545454
13074.0,349,5,1362.8400000000001,0.0,0.0,272.56800000000004,561,0.008912655971479501,0.6221033868092691
13076.0,295,1,135.4,0.0,0.0,135.4,295,0.003389830508474576,1.0
13077.0,128,13,2888.34,151.83,5.029326192539745,222.18,566,0.022968197879858657,0.22614840989399293
13078.0,1,72,21572.08,7311.75,8.897374678989902,299.6122222222223,576,0.125,0.001736111111111111
13079.0,255,1,199.08,220.10000000000002,5.3986150878634005,199.08,255,0.00392156862745098,1.0
13080.0,17,5,260.83,0.0,0.0,52.166,447,0.011185682326621925,0.03803131991051454
13081.0,42,34,44562.73,13765.42,9.529987572444947,1310.668529411765,569,0.05975395430579965,0.07381370826010544
13082.0,14,23,5900.82,1368.1,7.22190886863971,256.5573913043478,555,0.04144144144144144,0.025225225225225224
13083.0,263,1,91.67999999999999,303.75,5.719491768361381,91.67999999999999,263,0.0038022813688212928,1.0
13084.0,325,2,116.44999999999999,0.0,0.0,58.224999999999994,329,0.0060790273556231,0.9878419452887538
13085.0,63,9,1321.48,137.98000000000002,4.934330037886181,146.8311111111111,576,0.015625,0.109375
13086.0,220,1,439.33000000000004,0.0,0.0,439.33000000000004,220,0.004545454545454545,1.0
13087.0,564,1,313.64,0.0,0.0,313.64,564,0.0017730496453900709,1.0
13088.0,255,1,236.11,0.0,0.0,236.11,255,0.00392156862745098,1.0
13089.0,7,200,86223.38,26990.81,10.203288765638272,431.11690000000004,575,0.34782608695652173,0.01217391304347826
13090.0,13,22,8851.48,4919.8,8.50122639789416,402.34,332,0.06626506024096386,0.0391566265060241
13092.0,49,14,1969.25,38.08,3.6656108271745818,140.66071428571428,505,0.027722772277227723,0.09702970297029703
13093.0,105,88,54073.729999999996,0.0,0.0,614.4742045454545,573,0.15357766143106458,0.18324607329842932
13094.0,20,13,1380.42,834.2400000000001,6.727719108701861,106.18615384615386,227,0.05726872246696035,0.0881057268722467
13096.0,232,1,419.70000000000005,0.0,0.0,419.70000000000005,232,0.004310344827586207,1.0
13097.0,11,35,10896.02,1965.71,7.584117374881264,311.31485714285714,576,0.06076388888888889,0.019097222222222224
13098.0,7,19,9399.13,19259.75,9.865824625403912,494.6910526315789,155,0.12258064516129032,0.04516129032258064
13101.0,72,4,695.4,0.0,0.0,173.85,519,0.007707129094412331,0.13872832369942195
13102.0,11,34,9021.63,2418.49,7.7913120531394835,265.3420588235294,420,0.08095238095238096,0.02619047619047619
13103.0,275,2,465.70000000000005,243.94,5.501013282593141,232.85000000000002,415,0.004819277108433735,0.6626506024096386
13104.0,105,5,824.34,884.76,6.786446033549195,164.868,491,0.010183299389002037,0.21384928716904278
13105.0,274,1,72.0,0.0,0.0,72.0,274,0.0036496350364963502,1.0
13106.0,251,1,526.96,59.5,4.102643365036796,526.96,251,0.00398406374501992,1.0
13107.0,13,13,4513.22,596.4,6.392586905782009,347.1707692307692,569,0.022847100175746926,0.022847100175746926
13108.0,210,2,1098.52,0.0,0.0,549.26,273,0.007326007326007326,0.7692307692307693
13109.0,387,2,340.74,766.84,6.6435813781099355,170.37,389,0.005141388174807198,0.9948586118251928
13110.0,95,10,2139.9900000000002,756.1800000000001,6.629601005885438,213.99900000000002,576,0.017361111111111112,0.16493055555555555
13111.0,556,1,321.88000000000005,0.0,0.0,321.88000000000005,556,0.0017985611510791368,1.0
13113.0,13,49,14536.69,2063.56,7.632672407630885,296.6671428571429,459,0.10675381263616558,0.02832244008714597
13114.0,568,1,234.38,0.0,0.0,234.38,568,0.0017605633802816902,1.0
13115.0,6,15,4019.62,1354.83,7.212169091909461,267.9746666666667,498,0.030120481927710843,0.012048192771084338
13117.0,55,17,2408.57,233.54,5.457626149032919,141.68058823529412,461,0.0368763557483731,0.1193058568329718
13118.0,46,9,1995.39,338.71000000000004,5.828092312472438,221.71,277,0.032490974729241874,0.16606498194945848
13119.0,506,1,134.9,0.0,0.0,134.9,506,0.001976284584980237,1.0
13120.0,76,1,30.599999999999998,0.0,0.0,30.599999999999998,76,0.013157894736842105,1.0
13121.0,107,2,254.73,0.0,0.0,127.365,107,0.018691588785046728,1.0
13122.0,78,1,903.67,18.72,2.9816333491744893,903.67,78,0.01282051282051282,1.0
13123.0,310,2,506.75,0.0,0.0,253.375,367,0.005449591280653951,0.8446866485013624
13124.0,90,3,3490.24,1292.21,7.164882778577335,1163.4133333333332,223,0.013452914798206279,0.40358744394618834
13125.0,361,1,158.57,0.0,0.0,158.57,361,0.002770083102493075,1.0
13126.0,91,15,2900.2,1002.27,6.911019944158888,193.34666666666666,485,0.030927835051546393,0.18762886597938144
13128.0,469,1,263.5,0.0,0.0,263.5,469,0.0021321961620469083,1.0
13129.0,290,2,233.25,0.0,0.0,116.625,367,0.005449591280653951,0.7901907356948229
13131.0,25,5,2565.37,714.4,6.572841826824917,513.074,506,0.009881422924901186,0.04940711462450593
13132.0,99,1,77.3,0.0,0.0,77.3,99,0.010101010101010102,1.0
13133.0,111,3,200.45000000000002,0.0,0.0,66.81666666666668,297,0.010101010101010102,0.37373737373737376
13134.0,21,7,1531.44,890.84,6.793286744293583,218.77714285714288,254,0.027559055118110236,0.08267716535433071
13135.0,34,2,3371.45,0.0,0.0,1685.725,329,0.0060790273556231,0.1033434650455927
13136.0,49,16,4085.13,1992.67,7.5977324403362605,255.320625,569,0.028119507908611598,0.08611599297012303
13137.0,90,10,4926.13,2741.2400000000002,7.916530383644262,492.613,340,0.029411764705882353,0.2647058823529412
13138.0,78,4,878.95,575.54,6.357044721517231,219.7375,234,0.017094017094017096,0.3333333333333333
13139.0,53,3,4308.06,3885.77,8.265333757503882,1436.0200000000002,275,0.01090909090909091,0.19272727272727272
13140.0,204,3,951.47,264.21,5.58052196499145,317.1566666666667,329,0.00911854103343465,0.6200607902735562
13141.0,52,20,6548.91,987.72,6.89641117728148,327.4455,568,0.035211267605633804,0.09154929577464789
13143.0,420,2,399.2,0.0,0.0,199.6,422,0.004739336492890996,0.995260663507109
13144.0,170,2,135.35,0.0,0.0,67.675,269,0.007434944237918215,0.6319702602230484
13145.0,210,4,1100.0,319.77000000000004,5.77072435540997,275.0,437,0.009153318077803204,0.4805491990846682
13148.0,17,29,6255.76,1867.84,7.533073196514432,215.71586206896552,570,0.05087719298245614,0.02982456140350877
13149.0,127,1,376.74,1299.32,7.170365667004894,376.74,127,0.007874015748031496,1.0
13150.0,308,4,435.02,0.0,0.0,108.755,468,0.008547008547008548,0.6581196581196581
13151.0,41,5,2511.69,0.0,0.0,502.338,465,0.010752688172043012,0.08817204301075268
13152.0,255,9,2114.98,0.0,0.0,234.99777777777777,532,0.016917293233082706,0.4793233082706767
13155.0,164,4,1347.6200000000001,402.56,6.000325175540179,336.90500000000003,329,0.0121580547112462,0.49848024316109424
13156.0,223,3,1586.54,0.0,0.0,528.8466666666667,514,0.005836575875486381,0.433852140077821
13157.0,73,8,4424.43,1243.28,7.126312328358187,553.05375,479,0.016701461377870562,0.1524008350730689
13158.0,156,2,563.53,944.65,6.851872521734463,281.765,226,0.008849557522123894,0.6902654867256637
13161.0,151,2,478.88,0.0,0.0,239.44,338,0.005917159763313609,0.4467455621301775
13162.0,22,18,8734.09,382.85,5.950251851273908,485.2272222222222,573,0.031413612565445025,0.038394415357766144
13164.0,407,3,297.46000000000004,0.0,0.0,99.15333333333335,505,0.005940594059405941,0.805940594059406
13165.0,189,2,784.32,666.84,6.504048623888836,392.16,251,0.00796812749003984,0.7529880478087649
13166.0,120,3,881.68,0.0,0.0,293.8933333333333,252,0.011904761904761904,0.47619047619047616
13167.0,228,1,333.82,791.33,6.674977971699642,333.82,228,0.0043859649122807015,1.0
13168.0,37,5,1519.73,346.53000000000003,5.850850992213798,303.946,380,0.013157894736842105,0.09736842105263158
13169.0,90,2,632.4000000000001,207.68,5.340801978154192,316.20000000000005,400,0.005,0.225
13171.0,137,1,140.35,286.46,5.661083720123085,140.35,137,0.0072992700729927005,1.0
13172.0,238,1,69.6,0.0,0.0,69.6,238,0.004201680672268907,1.0
13173.0,205,12,2432.79,187.71,5.2402114451410045,202.7325,567,0.021164021164021163,0.36155202821869487
13174.0,154,11,8786.08,708.76,6.564926884721947,798.7345454545455,573,0.019197207678883072,0.268760907504363
13175.0,392,4,793.1,0.0,0.0,198.275,573,0.006980802792321117,0.6841186736474695
13177.0,268,1,229.75,282.45,5.6470357407703125,229.75,268,0.0037313432835820895,1.0
13178.0,9,20,11583.35,2414.54,7.789678143575835,579.1675,561,0.035650623885918005,0.016042780748663103
13179.0,456,1,572.3100000000001,0.0,0.0,572.3100000000001,456,0.0021929824561403508,1.0
13180.0,445,1,86.10000000000001,0.0,0.0,86.10000000000001,445,0.0022471910112359553,1.0
13181.0,219,1,359.69,0.0,0.0,359.69,219,0.0045662100456621,1.0
13183.0,46,12,4580.18,2430.7000000000003,7.796345880214013,381.6816666666667,473,0.02536997885835095,0.09725158562367865
13184.0,22,6,897.47,751.32,6.623161765351705,149.57833333333335,128,0.046875,0.171875
13185.0,105,1,71.4,0.0,0.0,71.4,105,0.009523809523809525,1.0
13187.0,175,5,348.31,0.0,0.0,69.662,462,0.010822510822510822,0.3787878787878788
13190.0,382,4,518.76,0.0,0.0,129.69,570,0.007017543859649123,0.6701754385964912
13191.0,496,1,164.69,0.0,0.0,164.69,496,0.0020161290322580645,1.0
13192.0,43,7,2096.91,447.62,6.106176204239879,299.5585714285714,524,0.013358778625954198,0.08206106870229007
13194.0,259,1,412.08,60.7,4.122283930911342,412.08,259,0.003861003861003861,1.0
13195.0,252,1,172.38,0.0,0.0,172.38,252,0.003968253968253968,1.0
13196.0,100,5,1773.99,1285.65,7.159797220338996,354.798,455,0.01098901098901099,0.21978021978021978
13197.0,447,1,373.01000000000005,0.0,0.0,373.01000000000005,447,0.0022371364653243847,1.0
13198.0,87,8,3604.9900000000002,1307.29,7.176476219980778,450.62375000000003,272,0.029411764705882353,0.31985294117647056
13199.0,10,49,10753.42,5651.5599999999995,8.639863818868013,219.45755102040818,572,0.08566433566433566,0.017482517482517484
13201.0,340,4,1240.6100000000001,0.0,0.0,310.15250000000003,480,0.008333333333333333,0.7083333333333334
13202.0,216,8,1571.35,0.0,0.0,196.41875,568,0.014084507042253521,0.38028169014084506
13203.0,80,8,1926.8,703.75,6.557843129994222,240.85,560,0.014285714285714285,0.14285714285714285
13204.0,569,1,966.6600000000001,0.0,0.0,966.6600000000001,569,0.0017574692442882249,1.0
13205.0,281,1,2803.2,0.0,0.0,2803.2,281,0.0035587188612099642,1.0
13206.0,238,15,8280.13,0.0,0.0,552.0086666666666,570,0.02631578947368421,0.41754385964912283
13207.0,289,2,285.6,250.26000000000002,5.526488259576272,142.8,450,0.0044444444444444444,0.6422222222222222
13208.0,44,6,1464.81,505.69,6.227899376743402,244.135,574,0.010452961672473868,0.07665505226480836
13209.0,58,10,4925.04,3513.02,8.164515960250482,492.504,522,0.019157088122605363,0.1111111111111111
13211.0,199,10,1620.15,1086.72,6.991839041353761,162.01500000000001,571,0.017513134851138354,0.34851138353765326
13213.0,14,12,2865.57,969.05,6.877347616560711,238.7975,406,0.029556650246305417,0.034482758620689655
13214.0,255,7,3264.23,0.0,0.0,466.31857142857143,484,0.014462809917355372,0.5268595041322314
13215.0,240,1,81.6,0.0,0.0,81.6,240,0.004166666666666667,1.0
13216.0,105,1,333.74,0.0,0.0,333.74,105,0.009523809523809525,1.0
13217.0,493,1,132.5,133.62,4.902455994582567,132.5,493,0.002028397565922921,1.0
13219.0,456,1,76.23,0.0,0.0,76.23,456,0.0021929824561403508,1.0
13220.0,23,4,1243.29,92.8,4.541164856012179,310.8225,413,0.009685230024213076,0.05569007263922518
13221.0,78,2,847.41,0.0,0.0,423.705,197,0.01015228426395939,0.39593908629441626
13222.0,415,1,88.5,0.0,0.0,88.5,415,0.0024096385542168677,1.0
13223.0,38,6,969.1200000000001,0.0,0.0,161.52,503,0.011928429423459244,0.07554671968190854
13225.0,34,14,13157.31,2721.96,7.909474802885366,939.8078571428571,560,0.025,0.060714285714285714
13226.0,111,2,312.46,0.0,0.0,156.23,231,0.008658008658008658,0.4805194805194805
13227.0,39,1,257.7,0.0,0.0,257.7,39,0.02564102564102564,1.0
13229.0,63,1,160.95,0.0,0.0,160.95,63,0.015873015873015872,1.0
13230.0,39,25,5353.29,963.93,6.872055559847812,214.1316,469,0.053304904051172705,0.08315565031982942
13232.0,18,4,878.45,479.15,6.174098555083981,219.6125,81,0.04938271604938271,0.2222222222222222
13233.0,174,3,875.58,300.88,5.710029587416668,291.86,532,0.005639097744360902,0.32706766917293234
13234.0,510,2,356.95,0.0,0.0,178.475,570,0.0035087719298245615,0.8947368421052632
13235.0,49,2,101.17000000000007,0.0,0.0,50.585000000000036,50,0.04,0.98
13237.0,225,1,643.0,0.0,0.0,643.0,225,0.0044444444444444444,1.0
13238.0,1,4,624.75,361.98,5.894347736328255,156.1875,428,0.009345794392523364,0.002336448598130841
13239.0,99,6,1579.84,0.0,0.0,263.3066666666667,340,0.01764705882352941,0.2911764705882353
13240.0,11,8,1551.13,110.04,4.7098904967584945,193.89125,490,0.0163265306122449,0.022448979591836733
13241.0,249,1,115.58,0.0,0.0,115.58,249,0.004016064257028112,1.0
13242.0,51,6,533.0,166.4,5.120386158055375,88.83333333333333,506,0.011857707509881422,0.1007905138339921
13243.0,41,5,1278.04,0.0,0.0,255.608,469,0.010660980810234541,0.08742004264392324
13245.0,270,1,558.72,430.5,6.067267510523482,558.72,270,0.003703703703703704,1.0
13246.0,14,12,3216.57,61.11,4.128907006571212,268.0475,363,0.03305785123966942,0.03856749311294766
13248.0,27,1,387.46999999999997,78.21000000000001,4.372102553476188,387.46999999999997,27,0.037037037037037035,1.0
13249.0,99,7,1189.3600000000001,419.57000000000005,6.041610934048554,169.90857142857143,522,0.013409961685823755,0.1896551724137931
13250.0,290,3,248.54000000000002,0.0,0.0,82.84666666666668,340,0.008823529411764706,0.8529411764705882
13251.0,240,1,252.68,0.0,0.0,252.68,240,0.004166666666666667,1.0
13252.0,232,3,341.3,0.0,0.0,113.76666666666667,463,0.0064794816414686825,0.5010799136069114
13253.0,177,3,2397.19,553.92,6.318823959212525,799.0633333333334,541,0.005545286506469501,0.32717190388170053
13254.0,214,1,51.410000000000004,0.0,0.0,51.410000000000004,214,0.004672897196261682,1.0
13255.0,211,2,730.65,164.96,5.111746795464668,365.325,350,0.005714285714285714,0.6028571428571429
13257.0,265,3,117.95,0.0,0.0,39.31666666666667,274,0.010948905109489052,0.9671532846715328
13258.0,43,3,561.22,473.96,6.16323058996242,187.07333333333335,238,0.012605042016806723,0.18067226890756302
13259.0,235,8,1141.06,292.32,5.681264163225599,142.6325,536,0.014925373134328358,0.43843283582089554
13261.0,106,2,944.1,0.0,0.0,472.05,123,0.016260162601626018,0.8617886178861789
13262.0,101,3,573.45,0.0,0.0,191.15,438,0.00684931506849315,0.23059360730593606
13263.0,1,22,5226.82,3477.87,8.154462807394276,237.58272727272725,251,0.08764940239043825,0.00398406374501992
13264.0,280,1,722.5600000000001,0.0,0.0,722.5600000000001,280,0.0035714285714285713,1.0
13265.0,21,3,1465.66,642.0,6.466144724237619,488.55333333333334,111,0.02702702702702703,0.1891891891891892
13266.0,23,21,4002.3,1963.0,7.582738488914411,190.5857142857143,560,0.0375,0.04107142857142857
13267.0,28,39,7232.46,2279.75,7.732259615225583,185.4476923076923,570,0.06842105263157895,0.04912280701754386
13268.0,7,9,2111.4,1056.24,6.963417017807038,234.60000000000002,105,0.08571428571428572,0.06666666666666667
13269.0,17,20,5877.49,2983.9,8.001321524428016,293.8745,575,0.034782608695652174,0.029565217391304348
13270.0,204,1,1180.0,0.0,0.0,1180.0,204,0.004901960784313725,1.0
13274.0,247,1,360.85,0.0,0.0,360.85,247,0.004048582995951417,1.0
13275.0,221,2,241.66,0.0,0.0,120.83,470,0.00425531914893617,0.4702127659574468
13276.0,235,5,1327.63,590.9300000000001,6.383388384649479,265.526,480,0.010416666666666666,0.4895833333333333
13277.0,218,3,264.9,258.4,5.5583712718823435,88.3,377,0.007957559681697613,0.5782493368700266
13278.0,237,4,885.47,542.73,6.298452800117238,221.3675,448,0.008928571428571428,0.5290178571428571
13280.0,154,7,2181.63,115.5,4.757891273005756,311.6614285714286,482,0.014522821576763486,0.31950207468879666
13281.0,275,3,306.45,0.0,0.0,102.14999999999999,429,0.006993006993006993,0.6410256410256411
13282.0,49,3,523.2,705.69,6.560592097320762,174.4,244,0.012295081967213115,0.20081967213114754
13283.0,23,3,305.2,68.16,4.23642266081509,101.73333333333333,478,0.006276150627615063,0.04811715481171548
13284.0,160,2,196.15,0.0,0.0,98.075,168,0.011904761904761904,0.9523809523809523
13285.0,64,4,1828.74,1535.85,7.33749014606304,457.185,462,0.008658008658008658,0.13852813852813853
13286.0,438,1,734.91,0.0,0.0,734.91,438,0.00228310502283105,1.0
13287.0,421,7,519.67,0.0,0.0,74.23857142857142,542,0.012915129151291513,0.7767527675276753
13288.0,281,6,892.16,0.0,0.0,148.69333333333333,504,0.011904761904761904,0.5575396825396826
13289.0,561,1,307.95,0.0,0.0,307.95,561,0.0017825311942959,1.0
13291.0,252,10,2959.73,361.11,5.8919480330707374,295.973,504,0.01984126984126984,0.5
13292.0,122,5,658.42,329.37,5.800213238492865,131.684,364,0.013736263736263736,0.33516483516483514
13293.0,230,7,1180.34,0.0,0.0,168.61999999999998,576,0.012152777777777778,0.3993055555555556
13294.0,27,3,1689.53,0.0,0.0,563.1766666666666,484,0.006198347107438017,0.05578512396694215
13295.0,197,9,1058.02,0.0,0.0,117.55777777777777,414,0.021739130434782608,0.4758454106280193
13296.0,261,5,705.11,87.4,4.481871969643598,141.022,415,0.012048192771084338,0.6289156626506024
13297.0,223,4,2262.82,2089.85,7.645325960844005,565.705,380,0.010526315789473684,0.5868421052631579
13299.0,106,5,1173.3,0.0,0.0,234.66,366,0.01366120218579235,0.2896174863387978
13300.0,2,5,1267.21,0.0,0.0,253.442,412,0.012135922330097087,0.0048543689320388345
13301.0,60,2,327.77,290.32,5.6744223193497145,163.885,130,0.015384615384615385,0.46153846153846156
13302.0,364,1,95.45,63.75,4.1705337005796475,95.45,364,0.0027472527472527475,1.0
13303.0,238,1,61.72,0.0,0.0,61.72,238,0.004201680672268907,1.0
13304.0,189,7,1120.79,0.0,0.0,160.11285714285714,507,0.013806706114398421,0.3727810650887574
13305.0,83,10,2394.1,1360.61,7.216423102092963,239.41,477,0.020964360587002098,0.1740041928721174
13306.0,268,1,53.65,0.0,0.0,53.65,268,0.0037313432835820895,1.0
13307.0,325,2,258.34,15.0,2.772588722239781,129.17,430,0.004651162790697674,0.7558139534883721
13308.0,28,3,1081.91,570.5600000000001,6.348369464600769,360.6366666666667,434,0.0069124423963133645,0.06451612903225806
13309.0,44,3,796.22,910.15,6.8147075379320645,265.4066666666667,230,0.013043478260869565,0.19130434782608696
13310.0,38,6,1195.02,297.78,5.699707516614171,199.17,240,0.025,0.15833333333333333
13312.0,289,1,124.75,0.0,0.0,124.75,289,0.0034602076124567475,1.0
13313.0,53,12,2477.69,945.58,6.852855489000475,206.47416666666666,575,0.020869565217391306,0.09217391304347826
13315.0,527,1,310.26,0.0,0.0,310.26,527,0.0018975332068311196,1.0
13316.0,91,9,8551.68,4355.25,8.379366874508834,950.1866666666667,477,0.018867924528301886,0.19077568134171907
13317.0,21,29,5121.331,947.2,6.854565450468018,176.59762068965517,564,0.051418439716312055,0.03723404255319149
13319.0,7,62,16510.44,5195.650000000001,8.555769466194477,266.29741935483867,571,0.1085814360770578,0.012259194395796848
13320.0,49,6,1135.86,1025.09,6.9335107411818475,189.30999999999997,316,0.0189873417721519,0.1550632911392405
13324.0,41,19,7114.71,3306.66,8.1039962697246,374.4584210526316,401,0.04738154613466334,0.10224438902743142
13326.0,270,1,281.76,0.0,0.0,281.76,270,0.003703703703703704,1.0
13327.0,23,18,7995.81,1745.22,7.4652087307528765,444.2116666666667,559,0.03220035778175313,0.04114490161001789
13328.0,154,1,1308.48,0.0,0.0,1308.48,154,0.006493506493506494,1.0
13329.0,192,13,4492.22,484.79999999999995,6.185797016568072,345.55538461538464,573,0.02268760907504363,0.33507853403141363
13330.0,23,5,2393.47,412.71,6.025165245280616,478.69399999999996,492,0.01016260162601626,0.046747967479674794
13331.0,239,1,262.4,0.0,0.0,262.4,239,0.0041841004184100415,1.0
13333.0,249,3,1015.74,0.0,0.0,338.58,496,0.006048387096774193,0.5020161290322581
13334.0,28,5,5452.02,804.98,6.692058928302977,1090.404,490,0.01020408163265306,0.05714285714285714
13337.0,356,2,1548.55,0.0,0.0,774.275,384,0.005208333333333333,0.9270833333333334
13338.0,371,7,1791.8,431.82,6.070321937185477,255.97142857142856,541,0.012939001848428836,0.6857670979667283
13339.0,38,1,860.12,0.0,0.0,860.12,38,0.02631578947368421,1.0
13340.0,114,6,15042.11,7058.45,8.862122423769918,2507.0183333333334,493,0.012170385395537525,0.23123732251521298
13341.0,98,1,775.85,0.0,0.0,775.85,98,0.01020408163265306,1.0
13343.0,10,2,303.93,0.0,0.0,151.965,15,0.13333333333333333,0.6666666666666666
13344.0,115,1,1656.15,887.57,6.789613428959577,1656.15,115,0.008695652173913044,1.0
13345.0,114,2,377.6,0.0,0.0,188.8,125,0.016,0.912
13346.0,300,6,299.4,0.0,0.0,49.9,434,0.013824884792626729,0.6912442396313364
13357.0,95,5,3838.36,0.0,0.0,767.672,465,0.010752688172043012,0.20430107526881722
13358.0,106,1,439.03,0.0,0.0,439.03,106,0.009433962264150943,1.0
13359.0,231,2,570.7,431.26,6.069027259055773,285.35,241,0.008298755186721992,0.9585062240663901
13360.0,266,7,1464.1,0.0,0.0,209.15714285714284,538,0.013011152416356878,0.4944237918215613
13361.0,310,2,1450.5,0.0,0.0,725.25,455,0.004395604395604396,0.6813186813186813
13362.0,83,7,3853.61,1503.96,7.316521598756683,550.5157142857144,263,0.026615969581749048,0.3155893536121673
13363.0,247,1,731.36,992.5,6.901234061991872,731.36,247,0.004048582995951417,1.0
13365.0,55,2,673.7,1490.62,7.3076180566352615,336.85,231,0.008658008658008658,0.23809523809523808
13367.0,269,1,510.20000000000005,0.0,0.0,510.20000000000005,269,0.0037174721189591076,1.0
13368.0,94,5,1086.1,0.0,0.0,217.21999999999997,261,0.019157088122605363,0.36015325670498083
13369.0,192,2,572.03,0.0,0.0,286.015,203,0.009852216748768473,0.9458128078817734
13370.0,204,2,1442.64,0.0,0.0,721.32,209,0.009569377990430622,0.9760765550239234
13371.0,336,4,2271.46,0.0,0.0,567.865,470,0.00851063829787234,0.7148936170212766
13373.0,114,4,5262.64,2324.55,7.75171184918554,1315.66,571,0.0070052539404553416,0.19964973730297722
13374.0,252,2,422.8,0.0,0.0,211.4,287,0.006968641114982578,0.8780487804878049
13375.0,282,1,1013.58,772.9,6.651442666276413,1013.58,282,0.0035460992907801418,1.0
13376.0,41,2,770.0,249.76,5.5244963064057675,385.0,72,0.027777777777777776,0.5694444444444444
13377.0,234,4,1495.43,0.0,0.0,373.8575,483,0.008281573498964804,0.484472049689441
13380.0,270,1,62.4,0.0,0.0,62.4,270,0.003703703703703704,1.0
13381.0,45,10,5629.56,2555.46,7.846378768006097,562.956,576,0.017361111111111112,0.078125
13382.0,118,5,1387.58,0.0,0.0,277.51599999999996,569,0.008787346221441126,0.20738137082601055
13383.0,381,1,305.28000000000003,0.0,0.0,305.28000000000003,381,0.0026246719160104987,1.0
13384.0,9,8,3674.51,2960.58,7.993478188690002,459.31375,338,0.023668639053254437,0.026627218934911243
13385.0,167,1,534.57,0.0,0.0,534.57,167,0.005988023952095809,1.0
13386.0,252,2,835.46,0.0,0.0,417.73,275,0.007272727272727273,0.9163636363636364
13387.0,255,1,189.44,0.0,0.0,189.44,255,0.00392156862745098,1.0
13388.0,441,1,508.55,627.15,6.442778991450427,508.55,441,0.0022675736961451248,1.0
13389.0,70,1,257.89,540.07,6.2935486604948,257.89,70,0.014285714285714285,1.0
13391.0,41,1,59.8,0.0,0.0,59.8,41,0.024390243902439025,1.0
13392.0,515,1,91.14,0.0,0.0,91.14,515,0.001941747572815534,1.0
13393.0,421,6,1105.85,0.0,0.0,184.3083333333333,570,0.010526315789473684,0.7385964912280701
13394.0,52,17,4946.41,1377.47,7.228729467441402,290.96529411764703,576,0.029513888888888888,0.09027777777777778
13395.0,23,3,1180.23,0.0,0.0,393.41,259,0.011583011583011582,0.0888030888030888
13396.0,150,2,370.92,954.37,6.862098700002317,185.46,157,0.012738853503184714,0.9554140127388535
13397.0,17,11,2530.4500000000003,563.66,6.336223780098751,230.0409090909091,526,0.02091254752851711,0.03231939163498099
13398.0,30,2,670.34,0.0,0.0,335.17,286,0.006993006993006993,0.1048951048951049
13399.0,302,3,275.4,0.0,0.0,91.8,357,0.008403361344537815,0.84593837535014
13400.0,412,2,300.93,0.0,0.0,150.465,420,0.004761904761904762,0.9809523809523809
13402.0,210,3,1222.18,312.95,5.749233737560118,407.3933333333334,402,0.007462686567164179,0.5223880597014925
13403.0,225,2,154.5,75.0,4.330733340286331,77.25,561,0.0035650623885918,0.40106951871657753
13404.0,50,1,217.81,34.68,3.5745903077118086,217.81,50,0.02,1.0
13405.0,42,8,1181.56,15.001,2.7726512202867375,147.695,562,0.014234875444839857,0.07473309608540925
13406.0,265,3,557.22,0.0,0.0,185.74,469,0.006396588486140725,0.5650319829424307
13407.0,416,6,2111.89,0.0,0.0,351.9816666666666,499,0.012024048096192385,0.8336673346693386
13408.0,4,91,36177.572,14675.28,9.593987864061232,397.55573626373626,573,0.15881326352530542,0.006980802792321117
13410.0,25,9,1722.79,449.72,6.110846304128063,191.42111111111112,569,0.015817223198594025,0.043936731107205626
13412.0,458,1,487.34999999999997,0.0,0.0,487.34999999999997,458,0.002183406113537118,1.0
13413.0,477,8,345.8,0.0,0.0,43.225,525,0.015238095238095238,0.9085714285714286
13414.0,134,5,1481.74,1000.5,6.909254155105873,296.348,569,0.008787346221441126,0.23550087873462214
13415.0,310,5,681.92,0.0,0.0,136.384,566,0.0088339222614841,0.5477031802120141
13416.0,574,1,228.3,712.5,6.570182436916891,228.3,574,0.0017421602787456446,1.0
13417.0,43,6,1189.06,404.83,6.005934352702543,198.17666666666665,507,0.011834319526627219,0.08481262327416174
13418.0,1,28,9597.34,2318.82,7.749244875443494,342.76214285714286,566,0.04946996466431095,0.0017667844522968198
13420.0,8,1,55.8,84.55000000000001,4.449101000338203,55.8,8,0.125,1.0
13421.0,128,10,3062.78,1026.04,6.934436157563468,306.278,501,0.01996007984031936,0.2554890219560878
13423.0,266,1,217.03,0.0,0.0,217.03,266,0.0037593984962406013,1.0
13424.0,282,2,557.92,0.0,0.0,278.96,287,0.006968641114982578,0.9825783972125436
13425.0,6,7,2926.37,449.56,6.110491253529623,418.05285714285714,417,0.016786570743405275,0.014388489208633094
13426.0,20,17,6084.74,1992.02,7.597406355285374,357.9258823529412,568,0.02992957746478873,0.035211267605633804
13427.0,53,4,638.4300000000001,368.1,5.911067610035953,159.60750000000002,560,0.007142857142857143,0.09464285714285714
13428.0,352,2,281.51,218.47,5.391215548914767,140.755,352,0.005681818181818182,1.0
13431.0,244,7,2020.14,1269.1,7.146850916510274,288.5914285714286,497,0.014084507042253521,0.4909456740442656
13432.0,409,2,439.1,0.0,0.0,219.55,450,0.0044444444444444444,0.9088888888888889
13433.0,275,5,656.87,0.0,0.0,131.374,534,0.009363295880149813,0.5149812734082397
13434.0,223,3,1132.6200000000001,534.24,6.282715244436788,377.54,493,0.006085192697768763,0.45233265720081134
13435.0,27,3,1109.06,3350.77,8.117243843496015,369.68666666666667,338,0.008875739644970414,0.07988165680473373
13437.0,7,2,1661.73,1746.3300000000002,7.465844187544594,830.865,28,0.07142857142857142,0.25
13438.0,385,1,46.5,0.0,0.0,46.5,385,0.0025974025974025974,1.0
13439.0,93,3,986.61,0.0,0.0,328.87,364,0.008241758241758242,0.2554945054945055
13440.0,261,10,1213.95,0.0,0.0,121.39500000000001,289,0.03460207612456748,0.903114186851211
13441.0,269,1,424.26,296.64,5.69588470252906,424.26,269,0.0037174721189591076,1.0
13442.0,505,3,419.87,0.0,0.0,139.95666666666668,576,0.005208333333333333,0.8767361111111112
13443.0,286,7,1247.71,0.0,0.0,178.24428571428572,515,0.013592233009708738,0.5553398058252427
13444.0,212,2,631.6800000000001,0.0,0.0,315.84000000000003,344,0.005813953488372093,0.6162790697674418
13445.0,464,1,241.89999999999998,0.0,0.0,241.89999999999998,464,0.0021551724137931034,1.0
13446.0,258,18,3608.86,0.0,0.0,200.49222222222224,501,0.03592814371257485,0.5149700598802395
13448.0,51,16,6361.39,2086.36,7.643655388607732,397.586875,571,0.028021015761821366,0.0893169877408056
13450.0,42,10,2752.36,1365.1799999999998,7.219773803045522,275.236,441,0.022675736961451247,0.09523809523809523
13451.0,49,11,5796.2,1323.77,7.188994138447058,526.9272727272727,466,0.023605150214592276,0.10515021459227468
13452.0,97,3,729.8,0.0,0.0,243.26666666666665,310,0.00967741935483871,0.31290322580645163
13453.0,3,5,758.99,0.0,0.0,151.798,240,0.020833333333333332,0.0125
13454.0,479,1,219.87,0.0,0.0,219.87,479,0.0020876826722338203,1.0
13455.0,38,10,2408.42,365.4,5.903725632799975,240.842,568,0.017605633802816902,0.06690140845070422
13456.0,13,3,396.16,1341.66,7.20240799991472,132.05333333333334,45,0.06666666666666667,0.28888888888888886
13457.0,526,4,143.27,0.0,0.0,35.8175,575,0.006956521739130435,0.9147826086956522
13458.0,7,16,8805.61,3045.01,8.021587816443809,550.350625,226,0.07079646017699115,0.030973451327433628
13459.0,462,2,1160.4099999999999,0.0,0.0,580.2049999999999,520,0.0038461538461538464,0.8884615384615384
13461.0,1,6,3269.9,868.6,6.768033335807,544.9833333333333,435,0.013793103448275862,0.0022988505747126436
13462.0,21,6,1145.6,0.0,0.0,190.9333333333333,563,0.010657193605683837,0.037300177619893425
13464.0,232,6,2409.21,674.68,6.515719591185634,401.535,468,0.01282051282051282,0.49572649572649574
13465.0,284,2,931.12,0.0,0.0,465.56,424,0.0047169811320754715,0.6698113207547169
13468.0,17,69,11120.2,1971.4099999999999,7.587011424302643,161.16231884057973,574,0.12020905923344948,0.029616724738675958
13469.0,491,1,82.4,0.0,0.0,82.4,491,0.002036659877800407,1.0
13472.0,301,2,592.24,0.0,0.0,296.12,393,0.005089058524173028,0.7659033078880407
13473.0,168,9,2229.6,181.38,5.206092422505519,247.73333333333332,562,0.01601423487544484,0.298932384341637
13474.0,74,3,663.79,0.0,0.0,221.26333333333332,333,0.009009009009009009,0.2222222222222222
13475.0,29,4,1431.78,0.0,0.0,357.945,136,0.029411764705882353,0.21323529411764705
13476.0,16,7,1915.77,0.0,0.0,273.68142857142857,482,0.014522821576763486,0.03319502074688797
13477.0,8,10,2132.33,688.79,6.536387203442019,213.233,521,0.019193857965451054,0.015355086372360844
13478.0,307,7,2068.03,0.0,0.0,295.4328571428572,515,0.013592233009708738,0.596116504854369
13479.0,36,7,808.5,0.0,0.0,115.5,315,0.022222222222222223,0.11428571428571428
13480.0,254,2,627.82,0.0,0.0,313.91,517,0.0038684719535783366,0.4912959381044487
13481.0,30,10,2988.27,810.57,6.6989706432467875,298.827,573,0.017452006980802792,0.05235602094240838
13482.0,70,2,336.09,0.0,0.0,168.045,465,0.004301075268817204,0.15053763440860216
13484.0,79,4,767.32,0.0,0.0,191.83,477,0.008385744234800839,0.16561844863731656
13485.0,71,15,2957.92,0.0,0.0,197.19466666666668,574,0.02613240418118467,0.12369337979094076
13487.0,51,4,680.27,166.6,5.121580188047982,170.0675,572,0.006993006993006993,0.08916083916083917
13488.0,14,21,12080.8,3432.93,8.141460656858277,575.2761904761904,521,0.04030710172744722,0.026871401151631478
13489.0,127,2,235.68,213.84,5.369893565037259,117.84,132,0.015151515151515152,0.9621212121212122
13490.0,492,1,154.25,0.0,0.0,154.25,492,0.0020325203252032522,1.0
13491.0,85,25,4382.37,184.19,5.221382325073914,175.2948,570,0.043859649122807015,0.14912280701754385
13492.0,52,1,315.3,954.54,6.862276625703107,315.3,52,0.019230769230769232,1.0
13493.0,113,2,618.63,0.0,0.0,309.315,125,0.016,0.904
13494.0,149,1,316.26000000000005,0.0,0.0,316.26000000000005,149,0.006711409395973154,1.0
13495.0,70,11,4274.17,972.44,6.880836189630873,388.5609090909091,570,0.01929824561403509,0.12280701754385964
13496.0,196,2,465.61,152.32,5.032527240512354,232.805,197,0.01015228426395939,0.9949238578680203
13497.0,120,7,1266.33,0.0,0.0,180.9042857142857,507,0.013806706114398421,0.23668639053254437
13498.0,568,1,327.38,0.0,0.0,327.38,568,0.0017605633802816902,1.0
13499.0,55,3,454.59000000000003,692.37,6.541563767244297,151.53,107,0.028037383177570093,0.514018691588785
13500.0,239,1,299.53,1136.77,7.036825485296414,299.53,239,0.0041841004184100415,1.0
13501.0,80,5,2840.26,0.0,0.0,568.052,408,0.012254901960784314,0.19607843137254902
13502.0,112,5,671.76,102.84,4.64285125295578,134.352,386,0.012953367875647668,0.29015544041450775
13503.0,317,11,1576.69,216.85,5.383806752563451,143.33545454545455,499,0.022044088176352707,0.6352705410821643
13505.0,4,5,2518.37,1764.51,7.4761948794702136,503.674,70,0.07142857142857142,0.05714285714285714
13506.0,150,8,1609.65,0.0,0.0,201.20625,298,0.026845637583892617,0.5033557046979866
13508.0,81,2,287.05,0.0,0.0,143.525,480,0.004166666666666667,0.16875
13509.0,92,4,785.02,329.7,5.801211619987747,196.255,345,0.011594202898550725,0.26666666666666666
13510.0,21,13,3288.55,1199.84,7.090776590890365,252.96538461538464,563,0.023090586145648313,0.037300177619893425
13511.0,321,2,244.61,0.0,0.0,122.305,514,0.0038910505836575876,0.6245136186770428
13512.0,98,4,713.39,0.0,0.0,178.3475,421,0.009501187648456057,0.2327790973871734
13513.0,279,3,591.89,205.1,5.328361487896413,197.29666666666665,493,0.006085192697768763,0.565922920892495
13514.0,266,3,663.7,152.20000000000002,5.031744257306491,221.23333333333335,520,0.0057692307692307696,0.5115384615384615
13515.0,85,3,578.1,687.72,6.5348348023497,192.70000000000002,482,0.006224066390041493,0.17634854771784234
13516.0,76,2,441.85,1243.41,7.126416800992479,220.925,255,0.00784313725490196,0.2980392156862745
13517.0,10,2,1098.11,1010.96,6.91964432337455,549.055,17,0.11764705882352941,0.5882352941176471
13519.0,280,1,220.46,110.80000000000001,4.716711560720999,220.46,280,0.0035714285714285713,1.0
13520.0,22,11,5284.88,1395.77,7.241917707191459,480.44363636363636,560,0.019642857142857142,0.039285714285714285
13523.0,14,5,3296.38,1595.64,7.375656700136003,659.2760000000001,240,0.020833333333333332,0.058333333333333334
13524.0,11,2,247.70000000000002,432.48,6.0718456590547945,123.85000000000001,57,0.03508771929824561,0.19298245614035087
13525.0,86,1,282.88,345.9,5.849036553975704,282.88,86,0.011627906976744186,1.0
13526.0,576,4,942.5999999999999,0.0,0.0,235.64999999999998,576,0.006944444444444444,1.0
13527.0,39,8,2971.92,1678.1200000000001,7.426025125637361,371.49,525,0.015238095238095238,0.07428571428571429
13529.0,42,1,181.1,126.66000000000001,4.849370479827911,181.1,42,0.023809523809523808,1.0
13530.0,472,1,402.97999999999996,0.0,0.0,402.97999999999996,472,0.00211864406779661,1.0
13531.0,43,6,1738.52,0.0,0.0,289.75333333333333,574,0.010452961672473868,0.07491289198606271
13533.0,20,3,270.79,0.0,0.0,90.26333333333334,105,0.02857142857142857,0.19047619047619047
13534.0,21,46,4506.62,2817.88,7.9440949219214305,97.97,358,0.12849162011173185,0.05865921787709497
13535.0,240,1,89.5,0.0,0.0,89.5,240,0.004166666666666667,1.0
13537.0,263,2,717.85,0.0,0.0,358.925,289,0.006920415224913495,0.9100346020761245
13538.0,21,8,2451.38,661.35,6.495794117130271,306.4225,513,0.015594541910331383,0.04093567251461988
13539.0,77,8,1215.57,315.69,5.757923377422455,151.94625,428,0.018691588785046728,0.17990654205607476
13540.0,305,3,632.39,0.0,0.0,210.79666666666665,493,0.006085192697768763,0.6186612576064908
13541.0,261,3,717.9,0.0,0.0,239.29999999999998,408,0.007352941176470588,0.6397058823529411
13542.0,214,18,3970.77,0.0,0.0,220.59833333333333,567,0.031746031746031744,0.37742504409171074
13543.0,472,2,1439.6100000000001,0.0,0.0,719.8050000000001,525,0.0038095238095238095,0.8990476190476191
13544.0,78,6,652.0,168.5,5.1328529268205045,108.66666666666667,482,0.012448132780082987,0.16182572614107885
13545.0,228,3,347.35,0.0,0.0,115.78333333333335,576,0.005208333333333333,0.3958333333333333
13546.0,38,3,653.3100000000001,438.83,6.0863882886182825,217.77,262,0.011450381679389313,0.1450381679389313
13547.0,246,1,175.53,0.0,0.0,175.53,246,0.0040650406504065045,1.0
13548.0,81,2,507.59,401.4,5.9974466187855295,253.795,309,0.006472491909385114,0.2621359223300971
13549.0,30,5,598.0699999999999,405.65,6.007952864612784,119.61399999999999,225,0.022222222222222223,0.13333333333333333
13550.0,221,1,349.51,0.0,0.0,349.51,221,0.004524886877828055,1.0
13551.0,157,2,244.2,0.0,0.0,122.1,504,0.003968253968253968,0.3115079365079365
13552.0,3,26,5186.9,1431.73,7.267336994164987,199.49615384615385,496,0.05241935483870968,0.006048387096774193
13553.0,512,1,517.8,0.0,0.0,517.8,512,0.001953125,1.0
13554.0,218,10,1556.3899999999999,0.0,0.0,155.63899999999998,284,0.035211267605633804,0.7676056338028169
13555.0,39,14,6347.11,2559.23,7.8478523771879,453.36499999999995,527,0.026565464895635674,0.07400379506641366
13556.0,267,2,200.82,0.0,0.0,100.41,273,0.007326007326007326,0.978021978021978
13557.0,118,15,2636.7,343.38,5.841745698858039,175.78,569,0.026362038664323375,0.20738137082601055
13559.0,350,2,990.0,0.0,0.0,495.0,381,0.005249343832020997,0.9186351706036745
13561.0,53,11,1820.72,0.0,0.0,165.52,487,0.022587268993839837,0.10882956878850103
13562.0,83,6,3642.12,1196.06,7.0876238296150245,607.02,532,0.011278195488721804,0.15601503759398497
13565.0,172,2,284.76,130.04,4.8755026201047595,142.38,249,0.008032128514056224,0.6907630522088354
13566.0,272,3,833.41,874.71,6.775034985898857,277.80333333333334,477,0.006289308176100629,0.570230607966457
13567.0,266,5,1078.59,0.0,0.0,215.718,379,0.013192612137203167,0.7018469656992085
13568.0,11,1,192.85,0.0,0.0,192.85,11,0.09090909090909091,1.0
13569.0,205,3,638.35,255.43,5.546855722882189,212.78333333333333,266,0.011278195488721804,0.7706766917293233
13570.0,81,1,239.49,0.0,0.0,239.49,81,0.012345679012345678,1.0
13571.0,22,18,2961.53,1585.01,7.368976707345156,164.52944444444447,569,0.03163444639718805,0.03866432337434095
13572.0,43,1,1384.25,0.0,0.0,1384.25,43,0.023255813953488372,1.0
13573.0,91,5,653.84,262.63,5.574546604953836,130.768,475,0.010526315789473684,0.19157894736842104
13574.0,249,1,421.25,0.0,0.0,421.25,249,0.004016064257028112,1.0
13575.0,14,1,88.55,643.52,6.468505853705368,88.55,14,0.07142857142857142,1.0
13576.0,14,22,8281.65,3234.5,8.08193875449732,376.43863636363636,569,0.03866432337434095,0.02460456942003515
13577.0,79,10,2045.07,1301.55,7.172079160606663,204.507,563,0.017761989342806393,0.14031971580817051
13578.0,247,1,147.66,0.0,0.0,147.66,247,0.004048582995951417,1.0
13579.0,207,5,1233.5,302.34,5.7148542886232505,246.7,497,0.01006036217303823,0.4164989939637827
13580.0,244,1,107.75,0.0,0.0,107.75,244,0.004098360655737705,1.0
13581.0,147,2,280.53000000000003,0.0,0.0,140.26500000000001,252,0.007936507936507936,0.5833333333333334
13582.0,227,2,241.68,0.0,0.0,120.84,455,0.004395604395604396,0.4989010989010989
13583.0,517,1,664.001,781.03,6.661893102980819,664.001,517,0.0019342359767891683,1.0
13584.0,144,5,347.15,0.0,0.0,69.42999999999999,513,0.009746588693957114,0.2807017543859649
13585.0,368,4,674.46,0.0,0.0,168.615,576,0.006944444444444444,0.6388888888888888
13586.0,379,1,131.53,0.0,0.0,131.53,379,0.002638522427440633,1.0
13587.0,287,3,961.1,347.0,5.8522024797744745,320.3666666666667,501,0.005988023952095809,0.5728542914171657
13588.0,93,1,113.30000000000001,2331.82,7.754833115165791,113.30000000000001,93,0.010752688172043012,1.0
13589.0,17,5,888.09,232.65,5.453824269146435,177.618,571,0.008756567425569177,0.0297723292469352
13590.0,37,17,5234.2,1064.09,6.97081458161526,307.8941176470588,576,0.029513888888888888,0.0642361111111111
13591.0,42,7,1740.29,340.9,5.834518296645255,248.61285714285714,563,0.012433392539964476,0.07460035523978685
13592.0,43,3,205.51,42.45,3.7716108517114013,68.50333333333333,102,0.029411764705882353,0.4215686274509804
13593.0,101,14,4461.08,1014.13,6.92277196209223,318.6485714285714,485,0.0288659793814433,0.20824742268041238
13594.0,323,2,111.45000000000002,396.97,5.986376625559036,55.72500000000001,539,0.0037105751391465678,0.5992578849721707
13595.0,354,3,818.22,0.0,0.0,272.74,484,0.006198347107438017,0.731404958677686
13597.0,226,3,372.21,0.0,0.0,124.07,240,0.0125,0.9416666666666667
13598.0,333,4,609.42,167.42000000000002,5.126460859601846,152.355,489,0.0081799591002045,0.6809815950920245
13599.0,22,34,6693.06,3097.28,8.038602397783604,196.85470588235296,576,0.059027777777777776,0.03819444444444445
13600.0,150,2,518.42,0.0,0.0,259.21,472,0.00423728813559322,0.3177966101694915
13601.0,49,3,865.02,320.12,5.771814885048028,288.34,384,0.0078125,0.12760416666666666
13602.0,219,3,596.28,428.89,6.063529362008149,198.76,398,0.007537688442211055,0.550251256281407
13604.0,490,2,713.39,0.0,0.0,356.695,496,0.004032258064516129,0.9879032258064516
13605.0,225,2,522.67,0.0,0.0,261.335,409,0.004889975550122249,0.5501222493887531
13606.0,81,2,250.42,30.119999999999997,3.4378506993101907,125.21,149,0.013422818791946308,0.5436241610738255
13607.0,230,2,382.6,678.01,6.520635854990748,191.3,240,0.008333333333333333,0.9583333333333334
13608.0,378,1,236.2,0.0,0.0,236.2,378,0.0026455026455026454,1.0
13609.0,431,1,167.35,0.0,0.0,167.35,431,0.002320185614849188,1.0
13610.0,25,12,1495.1200000000001,649.01,6.476987747386725,124.59333333333335,541,0.022181146025878003,0.04621072088724584
13611.0,3,13,2745.9500000000003,535.08,6.284283403664915,211.2269230769231,574,0.02264808362369338,0.005226480836236934
13612.0,356,2,777.79,0.0,0.0,388.895,470,0.00425531914893617,0.7574468085106383
13613.0,290,5,1039.8500000000001,0.0,0.0,207.97000000000003,498,0.010040160642570281,0.5823293172690763
13614.0,2,4,1543.71,815.48,6.7050024173156615,385.9275,389,0.010282776349614395,0.005141388174807198
13615.0,150,12,6212.2300000000005,0.0,0.0,517.6858333333333,518,0.023166023166023165,0.28957528957528955
13616.0,406,2,288.1,0.0,0.0,144.05,529,0.003780718336483932,0.7674858223062382
13617.0,18,7,850.73,413.07,6.0260350416581465,121.53285714285714,333,0.021021021021021023,0.05405405405405406
13618.0,11,1,177.34,0.0,0.0,177.34,11,0.09090909090909091,1.0
13619.0,382,2,231.69,0.0,0.0,115.845,512,0.00390625,0.74609375
13620.0,366,1,112.34,0.0,0.0,112.34,366,0.00273224043715847,1.0
13622.0,526,2,651.45,0.0,0.0,325.725,534,0.003745318352059925,0.9850187265917603
13623.0,48,13,2305.94,140.42000000000002,4.951734186176095,177.38,575,0.022608695652173914,0.08347826086956522
13624.0,219,2,427.18,0.0,0.0,213.59,226,0.008849557522123894,0.9690265486725663
13625.0,434,1,301.26,0.0,0.0,301.26,434,0.002304147465437788,1.0
13626.0,90,3,689.49,0.0,0.0,229.83,217,0.013824884792626729,0.4147465437788018
13627.0,14,6,1620.53,597.02,6.39362419820742,270.0883333333333,478,0.012552301255230125,0.029288702928870293
13628.0,514,1,310.14,0.0,0.0,310.14,514,0.0019455252918287938,1.0
13629.0,11,13,9244.5,4126.36,8.325393256381957,711.1153846153846,504,0.025793650793650792,0.021825396825396824
13630.0,9,7,1029.74,965.94,6.87413644595846,147.1057142857143,123,0.056910569105691054,0.07317073170731707
13631.0,2,8,2290.7200000000003,731.0500000000001,6.595848817639491,286.34000000000003,105,0.0761904761904762,0.01904761904761905
13632.0,11,8,2328.03,1306.67,7.176002206607784,291.00375,449,0.017817371937639197,0.024498886414253896
13634.0,80,14,3569.8,949.75,6.857251146808369,254.9857142857143,536,0.026119402985074626,0.14925373134328357
13635.0,275,5,1877.19,1071.03,6.977309326313799,375.438,576,0.008680555555555556,0.4774305555555556
13636.0,86,4,533.95,407.66999999999996,6.012907984401633,133.4875,123,0.032520325203252036,0.6991869918699187
13637.0,25,2,684.85,125.65,4.841427376447684,342.425,64,0.03125,0.390625
13639.0,274,1,312.93,1033.34,6.941518821134943,312.93,274,0.0036496350364963502,1.0
13640.0,449,1,405.0,0.0,0.0,405.0,449,0.0022271714922048997,1.0
13641.0,478,7,921.82,0.0,0.0,131.68857142857144,572,0.012237762237762238,0.8356643356643356
13642.0,53,5,501.97,0.0,0.0,100.394,270,0.018518518518518517,0.1962962962962963
13643.0,23,13,1680.63,431.54,6.069674807644542,129.27923076923076,569,0.022847100175746926,0.040421792618629174
13646.0,237,3,323.3,0.0,0.0,107.76666666666667,237,0.012658227848101266,1.0
13647.0,13,6,2197.42,866.36,6.7654541155120285,366.2366666666667,441,0.013605442176870748,0.02947845804988662
13648.0,238,11,1679.01,0.0,0.0,152.63727272727272,576,0.019097222222222224,0.4131944444444444
13649.0,94,6,1678.88,0.0,0.0,279.81333333333333,365,0.01643835616438356,0.25753424657534246
13650.0,43,12,2007.68,1090.82,6.995601307553207,167.30666666666667,520,0.023076923076923078,0.08269230769230769
13651.0,219,2,114.75,94.2,4.55597994179732,57.375,219,0.0091324200913242,1.0
13652.0,94,4,2114.01,456.84000000000003,6.126519778100847,528.5025,490,0.00816326530612245,0.19183673469387755
13653.0,325,1,152.2,0.0,0.0,152.2,325,0.003076923076923077,1.0
13654.0,39,8,4773.51,1534.49,7.336604827323037,596.68875,575,0.01391304347826087,0.06782608695652174
13655.0,79,7,1709.98,549.32,6.310499927217759,244.28285714285715,429,0.016317016317016316,0.18414918414918416
13656.0,2,7,1053.35,0.0,0.0,150.47857142857143,433,0.016166281755196306,0.004618937644341801
13657.0,39,1,152.34,229.8,5.441551534633945,152.34,39,0.02564102564102564,1.0
13658.0,17,9,4066.2,1705.87,7.442416562893763,451.79999999999995,510,0.01764705882352941,0.03333333333333333
13659.0,35,17,4716.63,0.0,0.0,277.44882352941175,498,0.03413654618473896,0.07028112449799197
13660.0,233,2,303.69,0.0,0.0,151.845,238,0.008403361344537815,0.9789915966386554
13661.0,441,1,325.24,0.0,0.0,325.24,441,0.0022675736961451248,1.0
13662.0,20,16,1818.31,364.82,5.90214140914778,113.644375,496,0.03225806451612903,0.04032258064516129
13663.0,17,6,2013.6100000000001,0.0,0.0,335.6016666666667,484,0.012396694214876033,0.03512396694214876
13665.0,224,3,1711.6599999999999,0.0,0.0,570.5533333333333,342,0.008771929824561403,0.6549707602339181
13666.0,125,4,107.3,20.6,3.0726933146901194,26.825,573,0.006980802792321117,0.2181500872600349
13668.0,4,35,10729.57,2019.57,7.611134928808287,306.55914285714283,566,0.061837455830388695,0.007067137809187279
13669.0,245,1,195.0,218.55,5.391579997007726,195.0,245,0.004081632653061225,1.0
13671.0,232,1,194.95,0.0,0.0,194.95,232,0.004310344827586207,1.0
13672.0,139,7,162.07000000000002,0.0,0.0,23.152857142857147,568,0.01232394366197183,0.24471830985915494
13674.0,267,2,215.88,0.0,0.0,107.94,270,0.007407407407407408,0.9888888888888889
13675.0,122,1,308.44,178.38000000000002,5.1895064606898575,308.44,122,0.00819672131147541,1.0
13676.0,377,3,153.15,0.0,0.0,51.050000000000004,457,0.006564551422319475,0.824945295404814
13677.0,242,2,556.1899999999999,0.0,0.0,278.09499999999997,358,0.00558659217877095,0.6759776536312849
13679.0,331,3,281.26,0.0,0.0,93.75333333333333,573,0.005235602094240838,0.5776614310645725
13680.0,174,11,8584.73,1330.83,7.194309215327608,780.43,573,0.019197207678883072,0.3036649214659686
13682.0,25,1,59.5,0.0,0.0,59.5,25,0.04,1.0
13683.0,295,1,258.6,0.0,0.0,258.6,295,0.003389830508474576,1.0
13684.0,123,6,546.52,0.0,0.0,91.08666666666666,459,0.013071895424836602,0.2679738562091503
13686.0,20,3,409.04,0.0,0.0,136.34666666666666,239,0.012552301255230125,0.08368200836820083
13687.0,276,1,11880.84,0.0,0.0,11880.84,276,0.0036231884057971015,1.0
13688.0,473,1,375.5,0.0,0.0,375.5,473,0.0021141649048625794,1.0
13689.0,282,1,349.5,910.0,6.814542897259958,349.5,282,0.0035460992907801418,1.0
13691.0,234,1,212.78,0.0,0.0,212.78,234,0.004273504273504274,1.0
13692.0,41,7,2399.71,616.74,6.426067656959469,342.8157142857143,258,0.027131782945736434,0.15891472868217055
13693.0,163,13,1948.32,0.0,0.0,149.8707692307692,570,0.02280701754385965,0.28596491228070176
13694.0,10,137,158593.88,32231.64,10.380734882717737,1157.6195620437957,573,0.23909249563699825,0.017452006980802792
13695.0,8,7,1016.14,1754.59,7.470560261739529,145.16285714285715,415,0.016867469879518072,0.01927710843373494
13696.0,259,4,2008.7,0.0,0.0,502.175,533,0.0075046904315197,0.48592870544090055
13698.0,434,2,465.53000000000003,0.0,0.0,232.76500000000001,519,0.0038535645472061657,0.8362235067437379
13699.0,385,2,402.82,308.58000000000004,5.735216540145732,201.41,388,0.005154639175257732,0.9922680412371134
13700.0,14,10,1566.89,1019.32,6.9278715825669615,156.68900000000002,508,0.01968503937007874,0.027559055118110236
13701.0,275,2,159.55,0.0,0.0,79.775,284,0.007042253521126761,0.9683098591549296
13702.0,283,1,135.18,0.0,0.0,135.18,283,0.0035335689045936395,1.0
13703.0,156,3,99.5,0.0,0.0,33.166666666666664,253,0.011857707509881422,0.616600790513834
13705.0,211,5,1641.6100000000001,393.72,5.9781766527810465,328.322,462,0.010822510822510822,0.45670995670995673
13706.0,140,2,631.17,0.0,0.0,315.585,464,0.004310344827586207,0.3017241379310345
13707.0,105,5,3365.86,0.0,0.0,673.172,374,0.013368983957219251,0.2807486631016043
13708.0,109,1,296.88,0.0,0.0,296.88,109,0.009174311926605505,1.0
13709.0,6,8,2802.78,4710.03,8.457661846754483,350.3475,535,0.014953271028037384,0.011214953271028037
13710.0,261,2,329.04,180.48,5.201145454795763,164.52,450,0.0044444444444444444,0.58
13711.0,56,15,1632.6100000000001,0.0,0.0,108.84066666666668,576,0.026041666666666668,0.09722222222222222
13712.0,84,2,766.42,0.0,0.0,383.21,448,0.004464285714285714,0.1875
13713.0,246,3,743.26,0.0,0.0,247.75333333333333,421,0.007125890736342043,0.5843230403800475
13714.0,303,1,161.35,0.0,0.0,161.35,303,0.0033003300330033004,1.0
13715.0,119,21,8438.34,0.0,0.0,401.8257142857143,476,0.04411764705882353,0.25
13716.0,107,1,138.28,0.0,0.0,138.28,107,0.009345794392523364,1.0
13717.0,10,8,1057.26,690.79,6.539282441353783,132.1575,323,0.02476780185758514,0.030959752321981424
13718.0,84,2,306.55,0.0,0.0,153.275,133,0.015037593984962405,0.631578947368421
13719.0,43,8,2112.31,702.94,6.556693125253265,264.03875,409,0.019559902200488997,0.10513447432762836
13720.0,16,3,552.55,247.35,5.514839041553359,184.1833333333333,92,0.03260869565217391,0.17391304347826086
13721.0,233,1,217.39999999999998,524.14,6.263664893709055,217.39999999999998,233,0.004291845493562232,1.0
13722.0,120,8,4723.47,905.69,6.809800605584904,590.43375,484,0.01652892561983471,0.24793388429752067
13723.0,55,6,1209.2,0.0,0.0,201.53333333333333,449,0.013363028953229399,0.12249443207126949
13724.0,475,1,213.01,0.0,0.0,213.01,475,0.002105263157894737,1.0
13727.0,449,7,733.82,333.48,5.81257708704831,104.83142857142857,568,0.01232394366197183,0.7904929577464789
13728.0,36,13,2332.96,522.21,6.259982913110182,179.45846153846153,568,0.022887323943661973,0.06338028169014084
13729.0,273,5,676.4300000000001,0.0,0.0,135.286,522,0.009578544061302681,0.5229885057471264
13731.0,57,2,610.59,0.0,0.0,305.295,84,0.023809523809523808,0.6785714285714286
13733.0,248,3,484.53000000000003,0.0,0.0,161.51000000000002,573,0.005235602094240838,0.4328097731239092
13734.0,346,6,3451.2900000000004,0.0,0.0,575.215,440,0.013636363636363636,0.7863636363636364
13735.0,13,18,8042.18,1430.63,7.2665689342464885,446.7877777777778,564,0.031914893617021274,0.02304964539007092
13736.0,98,11,2340.64,374.37,5.927912206201462,212.78545454545454,571,0.01926444833625219,0.17162872154115585
13737.0,38,1,339.59999999999997,0.0,0.0,339.59999999999997,38,0.02631578947368421,1.0
13738.0,234,1,440.93,0.0,0.0,440.93,234,0.004273504273504274,1.0
13739.0,365,1,75.3,216.9,5.384036241950574,75.3,365,0.0027397260273972603,1.0
13740.0,78,5,1597.77,0.0,0.0,319.554,575,0.008695652173913044,0.1356521739130435
13741.0,21,3,361.03000000000003,305.3,5.724565013838729,120.34333333333335,55,0.05454545454545454,0.38181818181818183
13742.0,3,11,2420.42,682.0,6.52649485957079,220.0381818181818,158,0.06962025316455696,0.0189873417721519
13743.0,55,2,353.15999999999997,986.9899999999999,6.895672576239155,176.57999999999998,97,0.020618556701030927,0.5670103092783505
13744.0,130,1,893.16,263.2,5.576706392088225,893.16,130,0.007692307692307693,1.0
13745.0,379,2,469.73,291.54,5.678601409458943,234.865,384,0.005208333333333333,0.9869791666666666
13746.0,251,1,176.69,0.0,0.0,176.69,251,0.00398406374501992,1.0
13747.0,211,2,249.39999999999998,0.0,0.0,124.69999999999999,262,0.007633587786259542,0.8053435114503816
13748.0,70,7,1900.95,367.4,5.909169304381152,271.56428571428575,576,0.012152777777777778,0.12152777777777778
13750.0,9,11,2907.53,656.07,6.487790557710171,264.3209090909091,455,0.024175824175824177,0.01978021978021978
13751.0,126,1,296.25,0.0,0.0,296.25,126,0.007936507936507936,1.0
13752.0,22,5,1295.98,294.75,5.689514502858496,259.196,365,0.0136986301369863,0.06027397260273973
13753.0,125,4,2094.57,0.0,0.0,523.6425,574,0.006968641114982578,0.21777003484320556
13754.0,155,2,320.45,126.6,4.848900370910689,160.225,275,0.007272727272727273,0.5636363636363636
13756.0,21,15,5713.89,3433.31,8.141571311116248,380.92600000000004,562,0.026690391459074734,0.037366548042704624
13757.0,512,1,195.55,0.0,0.0,195.55,512,0.001953125,1.0
13758.0,39,17,8424.11,839.03,6.733437605485333,495.5358823529412,576,0.029513888888888888,0.06770833333333333
13760.0,94,5,1206.94,151.70000000000002,5.028475212224587,241.388,431,0.01160092807424594,0.21809744779582366
13761.0,17,5,1373.23,578.9399999999999,6.362924649913461,274.646,494,0.010121457489878543,0.03441295546558704
13762.0,42,6,2165.76,0.0,0.0,360.96000000000004,536,0.011194029850746268,0.07835820895522388
13763.0,9,4,3475.53,1706.46,7.442762165109057,868.8825,273,0.014652014652014652,0.03296703296703297
13764.0,175,4,1931.39,1021.87,6.930367680652781,482.8475,480,0.008333333333333333,0.3645833333333333
13765.0,491,1,352.821,0.0,0.0,352.821,491,0.002036659877800407,1.0
13766.0,333,1,190.35,0.0,0.0,190.35,333,0.003003003003003003,1.0
13767.0,2,76,26007.16,9108.52,9.11707529951351,342.19947368421055,576,0.13194444444444445,0.003472222222222222
13768.0,401,8,758.07,0.0,0.0,94.75875,576,0.013888888888888888,0.6961805555555556
13769.0,45,21,4434.32,1332.31,7.195419851280791,211.15809523809523,561,0.0374331550802139,0.08021390374331551
13770.0,260,4,785.37,0.0,0.0,196.3425,568,0.007042253521126761,0.45774647887323944
13771.0,17,8,4556.47,1169.6,7.06527171685712,569.55875,490,0.0163265306122449,0.03469387755102041
13772.0,77,7,2191.01,903.71,6.8076144503584715,313.0014285714286,492,0.014227642276422764,0.1565040650406504
13773.0,234,2,301.54,0.0,0.0,150.77,497,0.004024144869215292,0.4708249496981891
13775.0,428,1,1049.66,0.0,0.0,1049.66,428,0.002336448598130841,1.0
13777.0,3,59,41829.090000000004,14187.48,9.560185646728065,708.9676271186441,575,0.10260869565217391,0.0052173913043478265
13778.0,329,4,937.84,178.7,5.191288793789513,234.46,403,0.009925558312655087,0.8163771712158809
13779.0,353,1,161.13,0.0,0.0,161.13,353,0.0028328611898017,1.0
13780.0,8,2,492.09000000000003,243.73000000000002,5.5001555620349105,246.04500000000002,245,0.00816326530612245,0.0326530612244898
13781.0,88,4,770.88,0.0,0.0,192.72,559,0.007155635062611807,0.15742397137745975
13782.0,72,10,1235.07,550.7,6.313004420278385,123.50699999999999,571,0.017513134851138354,0.12609457092819615
13783.0,325,4,1542.09,0.0,0.0,385.5225,511,0.007827788649706457,0.6360078277886497
13784.0,6,11,2066.78,830.4,6.723111026818537,187.88909090909092,288,0.03819444444444445,0.020833333333333332
13785.0,266,4,542.49,0.0,0.0,135.6225,298,0.013422818791946308,0.8926174496644296
13786.0,205,8,2736.41,0.0,0.0,342.05125,574,0.013937282229965157,0.35714285714285715
13787.0,202,8,971.06,202.64000000000001,5.316353729034136,121.3825,532,0.015037593984962405,0.37969924812030076
13788.0,343,1,3.75,0.0,0.0,3.75,343,0.0029154518950437317,1.0
13789.0,226,1,239.45999999999998,0.0,0.0,239.45999999999998,226,0.004424778761061947,1.0
13791.0,6,1,937.0,110.68,4.715637639014062,937.0,6,0.16666666666666666,1.0
13792.0,125,2,263.0,120.95,4.80361112466193,131.5,260,0.007692307692307693,0.4807692307692308
13793.0,484,1,96.0,0.0,0.0,96.0,484,0.002066115702479339,1.0
13794.0,384,1,126.03,0.0,0.0,126.03,384,0.0026041666666666665,1.0
13795.0,226,4,836.3,0.0,0.0,209.075,475,0.008421052631578947,0.47578947368421054
13796.0,337,1,289.7,0.0,0.0,289.7,337,0.002967359050445104,1.0
13797.0,274,4,1168.45,0.0,0.0,292.1125,485,0.008247422680412371,0.5649484536082474
13798.0,3,103,61327.5,12245.97,9.413033838438798,595.4126213592233,569,0.18101933216168717,0.005272407732864675
13799.0,132,12,1692.66,347.15999999999997,5.852662144227523,141.055,482,0.024896265560165973,0.27385892116182575
13800.0,147,3,1679.56,0.0,0.0,559.8533333333334,574,0.005226480836236934,0.25609756097560976
13802.0,92,22,24548.2,943.36,6.850507449380013,1115.8272727272727,499,0.04408817635270541,0.1843687374749499
13803.0,93,4,1319.1100000000001,0.0,0.0,329.77750000000003,456,0.008771929824561403,0.20394736842105263
13804.0,127,3,1296.3600000000001,1912.16,7.556511604207274,432.12000000000006,274,0.010948905109489052,0.4635036496350365
13807.0,205,4,509.9,0.0,0.0,127.475,573,0.006980802792321117,0.35776614310645727
13809.0,143,3,679.7,0.0,0.0,226.5666666666667,298,0.010067114093959731,0.4798657718120805
13811.0,21,4,591.75,0.0,0.0,147.9375,77,0.05194805194805195,0.2727272727272727
13813.0,359,7,1333.01,1353.41,7.211121214134847,190.43,571,0.012259194395796848,0.6287215411558669
13814.0,351,2,676.95,1562.12,7.354439102906256,338.475,365,0.005479452054794521,0.9616438356164384
13815.0,10,7,6248.63,1037.16,6.945205194428975,892.6614285714286,503,0.013916500994035786,0.019880715705765408
13817.0,189,1,128.7,254.28,5.542360981969988,128.7,189,0.005291005291005291,1.0
13818.0,267,1,61.28,0.0,0.0,61.28,267,0.003745318352059925,1.0
13819.0,139,7,2631.1,0.0,0.0,375.87142857142857,576,0.012152777777777778,0.24131944444444445
13820.0,256,5,640.4,0.0,0.0,128.07999999999998,518,0.009652509652509652,0.4942084942084942
13821.0,99,6,1271.54,115.49,4.757805432411685,211.92333333333332,542,0.01107011070110701,0.18265682656826568
13823.0,217,6,2400.89,957.66,6.865536476045727,400.1483333333333,562,0.010676156583629894,0.3861209964412811
13824.0,41,12,2807.4,465.96,6.146243600895535,233.95000000000002,475,0.02526315789473684,0.0863157894736842
13825.0,459,2,255.59,0.0,0.0,127.795,568,0.0035211267605633804,0.8080985915492958
13830.0,412,2,135.95000000000002,0.0,0.0,67.97500000000001,419,0.00477326968973747,0.9832935560859188
13831.0,38,17,5904.18,1105.0,7.00850518208228,347.30470588235295,567,0.029982363315696647,0.06701940035273368
13832.0,260,1,561.49,40.949999999999996,3.736478432913215,561.49,260,0.0038461538461538464,1.0
13833.0,242,1,316.56,384.8,5.955319100471629,316.56,242,0.004132231404958678,1.0
13834.0,414,3,247.89,0.0,0.0,82.63,560,0.005357142857142857,0.7392857142857143
13835.0,53,5,538.7,506.12,6.228747661975911,107.74000000000001,483,0.010351966873706004,0.10973084886128365
13836.0,237,3,602.52,0.0,0.0,200.84,252,0.011904761904761904,0.9404761904761905
13837.0,49,2,271.24,0.0,0.0,135.62,155,0.012903225806451613,0.3161290322580645
13838.0,207,7,1512.47,453.62,6.119461905171337,216.06714285714287,417,0.016786570743405275,0.49640287769784175
13839.0,324,1,139.95000000000002,0.0,0.0,139.95000000000002,324,0.0030864197530864196,1.0
13840.0,254,1,651.4,0.0,0.0,651.4,254,0.003937007874015748,1.0
13841.0,90,1,85.0,0.0,0.0,85.0,90,0.011111111111111112,1.0
13842.0,37,16,4047.81,1557.15,7.351254499074896,252.988125,499,0.03206412825651302,0.07414829659318638
13843.0,219,1,319.75,0.0,0.0,319.75,219,0.0045662100456621,1.0
13846.0,80,4,1089.21,201.13,5.308911054758907,272.3025,237,0.016877637130801686,0.33755274261603374
13847.0,557,1,310.72,0.0,0.0,310.72,557,0.0017953321364452424,1.0
13848.0,135,7,3015.0,320.0,5.771441123130016,430.7142857142857,568,0.01232394366197183,0.23767605633802816
13849.0,8,5,2499.43,944.37,6.851576385255688,499.88599999999997,462,0.010822510822510822,0.017316017316017316
13851.0,126,7,2111.62,2405.14,7.78577908270545,301.65999999999997,517,0.013539651837524178,0.2437137330754352
13852.0,444,2,170.45000000000002,0.0,0.0,85.22500000000001,448,0.004464285714285714,0.9910714285714286
13854.0,27,36,9208.23,2949.98,7.989892597556367,255.78416666666666,538,0.06691449814126393,0.05018587360594796
13855.0,338,5,1253.94,0.0,0.0,250.788,569,0.008787346221441126,0.5940246045694201
13856.0,6,15,1058.88,0.0,0.0,70.59200000000001,457,0.03282275711159737,0.01312910284463895
13857.0,231,7,997.11,0.0,0.0,142.4442857142857,409,0.017114914425427872,0.5647921760391198
13859.0,164,2,515.86,0.0,0.0,257.93,367,0.005449591280653951,0.44686648501362397
13861.0,267,3,251.31,0.0,0.0,83.77,368,0.008152173913043478,0.7255434782608695
13862.0,23,7,1477.19,1056.85,6.963993825429326,211.02714285714288,227,0.030837004405286344,0.1013215859030837
13863.0,83,6,1217.63,0.0,0.0,202.93833333333336,431,0.013921113689095127,0.1925754060324826
13864.0,224,1,662.4000000000001,0.0,0.0,662.4000000000001,224,0.004464285714285714,1.0
13865.0,24,2,282.52,219.04,5.393809348007257,141.26,127,0.015748031496062992,0.1889763779527559
13867.0,56,1,138.85,876.44,6.777008576933895,138.85,56,0.017857142857142856,1.0
13869.0,100,9,6591.58,1519.99,7.327116717615721,732.3977777777777,529,0.017013232514177693,0.1890359168241966
13870.0,2,12,3819.79,1870.05,7.534255049594196,318.31583333333333,507,0.023668639053254437,0.0039447731755424065
13871.0,44,12,3810.88,3994.07,8.292816379949246,317.5733333333333,557,0.02154398563734291,0.07899461400359066
13872.0,351,6,891.32,0.0,0.0,148.55333333333334,569,0.01054481546572935,0.616871704745167
13873.0,56,8,871.82,159.20000000000002,5.076423034634259,108.9775,484,0.01652892561983471,0.11570247933884298
13874.0,196,10,1989.2,0.0,0.0,198.92000000000002,566,0.0176678445229682,0.3462897526501767
13875.0,22,12,4095.46,718.91,6.57912620419695,341.28833333333336,560,0.02142857142857143,0.039285714285714285
13877.0,302,4,329.09,117.24,4.772716457199891,82.2725,527,0.007590132827324478,0.573055028462998
13878.0,385,3,1191.53,1281.53,7.156589968584206,397.1766666666667,442,0.006787330316742082,0.8710407239819005
13879.0,483,1,395.5,0.0,0.0,395.5,483,0.002070393374741201,1.0
13880.0,24,10,2511.46,1880.2,7.539665150070893,251.14600000000002,400,0.025,0.06
13881.0,1,37,32553.31,11839.19,9.379254955606537,879.8191891891893,483,0.07660455486542443,0.002070393374741201
13883.0,38,24,5447.19,895.55,6.798554063938373,226.96624999999997,569,0.0421792618629174,0.06678383128295255
13884.0,115,12,1261.03,591.35,6.384097676400768,105.08583333333333,308,0.03896103896103896,0.37337662337662336
13885.0,27,2,506.8,0.0,0.0,253.4,38,0.05263157894736842,0.7105263157894737
13887.0,42,1,349.55,0.0,0.0,349.55,42,0.023809523809523808,1.0
13888.0,56,6,1802.94,366.11,5.905661530665687,300.49,413,0.014527845036319613,0.13559322033898305
13889.0,220,7,1438.8300000000002,416.90000000000003,6.03524216945387,205.5471428571429,524,0.013358778625954198,0.4198473282442748
13890.0,155,10,1183.1200000000001,1675.6100000000001,7.4245291766378365,118.31200000000001,571,0.017513134851138354,0.2714535901926445
13891.0,216,3,863.5600000000001,0.0,0.0,287.85333333333335,420,0.007142857142857143,0.5142857142857142
13892.0,84,3,689.1999999999999,578.4499999999999,6.3620793777803994,229.73333333333332,413,0.007263922518159807,0.2033898305084746
13893.0,135,1,821.1,0.0,0.0,821.1,135,0.007407407407407408,1.0
13894.0,140,2,150.95,385.02000000000004,5.955889181594062,75.475,148,0.013513513513513514,0.9459459459459459
13895.0,2,4,1717.96,2205.66,7.699235339110344,429.49,574,0.006968641114982578,0.003484320557491289
13896.0,463,1,388.55,0.0,0.0,388.55,463,0.0021598272138228943,1.0
13897.0,276,2,849.56,311.16,5.743515876874802,424.78,515,0.003883495145631068,0.5359223300970873
13898.0,163,2,686.4,0.0,0.0,343.2,249,0.008032128514056224,0.6546184738955824
13899.0,112,1,298.5,90.02,4.5110792625884955,298.5,112,0.008928571428571428,1.0
13900.0,21,7,1608.09,0.0,0.0,229.72714285714284,462,0.015151515151515152,0.045454545454545456
13901.0,94,17,3380.44,2218.9,7.705217428806722,198.84941176470588,541,0.031423290203327174,0.17375231053604437
13902.0,470,8,30411.26,0.0,0.0,3801.4075,569,0.014059753954305799,0.8260105448154658
13903.0,238,1,165.45000000000002,0.0,0.0,165.45000000000002,238,0.004201680672268907,1.0
13904.0,132,1,201.12,131.52,4.886733577431695,201.12,132,0.007575757575757576,1.0
13905.0,409,3,244.45,0.0,0.0,81.48333333333333,570,0.005263157894736842,0.7175438596491228
13906.0,247,1,42.0,0.0,0.0,42.0,247,0.004048582995951417,1.0
13907.0,529,1,136.8,0.0,0.0,136.8,529,0.001890359168241966,1.0
13908.0,49,3,808.61,1538.44,7.339173992912303,269.5366666666667,114,0.02631578947368421,0.4298245614035088
13909.0,261,2,286.6,0.0,0.0,143.3,359,0.005571030640668524,0.7270194986072424
13911.0,35,19,3323.04,877.0,6.777646593635117,174.89684210526315,486,0.03909465020576132,0.0720164609053498
13912.0,261,1,124.95,0.0,0.0,124.95,261,0.0038314176245210726,1.0
13913.0,344,1,42.22,0.0,0.0,42.22,344,0.0029069767441860465,1.0
13915.0,232,2,31.200000000000003,0.0,0.0,15.600000000000001,569,0.0035149384885764497,0.4077328646748682
13916.0,301,5,1260.51,0.0,0.0,252.102,576,0.008680555555555556,0.5225694444444444
13917.0,29,1,65.38,206.66,5.3359021268753075,65.38,29,0.034482758620689655,1.0
13918.0,91,1,198.2,1014.64,6.923274234639807,198.2,91,0.01098901098901099,1.0
13919.0,262,2,975.87,350.15999999999997,5.861241960058008,487.935,378,0.005291005291005291,0.6931216931216931
13920.0,269,5,1734.88,0.0,0.0,346.976,400,0.0125,0.6725
13921.0,237,5,720.75,0.0,0.0,144.15,559,0.008944543828264758,0.42397137745974955
13922.0,189,5,824.7,0.0,0.0,164.94,305,0.01639344262295082,0.6196721311475409
13927.0,251,2,340.97,348.99,5.857904582646717,170.485,275,0.007272727272727273,0.9127272727272727
13929.0,7,14,3318.1,0.0,0.0,237.00714285714284,532,0.02631578947368421,0.013157894736842105
13931.0,118,10,4398.06,852.72,6.749603271175367,439.80600000000004,574,0.017421602787456445,0.20557491289198607
13932.0,132,1,307.4,0.0,0.0,307.4,132,0.007575757575757576,1.0
13934.0,101,1,922.1,0.0,0.0,922.1,101,0.009900990099009901,1.0
13935.0,434,3,6116.92,0.0,0.0,2038.9733333333334,490,0.006122448979591836,0.8857142857142857
13936.0,9,4,924.36,0.0,0.0,231.09,252,0.015873015873015872,0.03571428571428571
13937.0,7,3,867.38,0.0,0.0,289.12666666666667,240,0.0125,0.029166666666666667
13939.0,148,8,1149.61,384.05,5.953373195985259,143.70125,450,0.017777777777777778,0.3288888888888889
13941.0,9,14,8689.4,2156.75,7.676821291099767,620.6714285714286,561,0.024955436720142603,0.016042780748663103
13942.0,372,1,320.0,0.0,0.0,320.0,372,0.002688172043010753,1.0
13943.0,415,1,246.54,0.0,0.0,246.54,415,0.0024096385542168677,1.0
13944.0,491,1,200.43,0.0,0.0,200.43,491,0.002036659877800407,1.0
13945.0,232,2,854.15,0.0,0.0,427.075,317,0.006309148264984227,0.7318611987381703
13946.0,39,6,1669.83,75.6,4.338597076746545,278.305,573,0.010471204188481676,0.06806282722513089
13948.0,198,5,536.86,0.0,0.0,107.372,573,0.008726003490401396,0.34554973821989526
13950.0,84,1,179.30999999999997,549.25,6.310372720406571,179.30999999999997,84,0.011904761904761904,1.0
13951.0,14,3,674.45,0.0,0.0,224.8166666666667,132,0.022727272727272728,0.10606060606060606
13952.0,49,17,12790.891,0.0,0.0,752.4053529411765,561,0.030303030303030304,0.0873440285204991
13953.0,2,9,5375.0,1265.68,7.144154583306756,597.2222222222222,566,0.015901060070671377,0.0035335689045936395
13955.0,143,2,427.31,117.86,4.777946329938515,213.655,213,0.009389671361502348,0.6713615023474179
13956.0,81,2,293.67,732.75,6.5981683711423065,146.835,109,0.01834862385321101,0.7431192660550459
13957.0,255,3,458.25,0.0,0.0,152.75,496,0.006048387096774193,0.5141129032258065
13958.0,210,12,4402.33,0.0,0.0,366.86083333333335,572,0.02097902097902098,0.36713286713286714
13959.0,119,5,815.42,260.76,5.567428053414382,163.084,349,0.014326647564469915,0.34097421203438394
13961.0,223,2,498.7,0.0,0.0,249.35,230,0.008695652173913044,0.9695652173913043
13962.0,83,2,310.85,51.95,3.9693480720474157,155.425,273,0.007326007326007326,0.304029304029304
13963.0,146,18,2899.62,0.0,0.0,161.09,435,0.041379310344827586,0.335632183908046
13964.0,225,3,421.9,0.0,0.0,140.63333333333333,268,0.011194029850746268,0.8395522388059702
13965.0,293,5,777.6600000000001,0.0,0.0,155.532,541,0.009242144177449169,0.5415896487985212
13966.0,273,1,390.86,0.0,0.0,390.86,273,0.003663003663003663,1.0
13967.0,234,1,85.6,80.7,4.403054001865957,85.6,234,0.004273504273504274,1.0
13968.0,261,1,123.66,0.0,0.0,123.66,261,0.0038314176245210726,1.0
13969.0,7,27,6776.26,6436.51,8.769897098368844,250.9725925925926,462,0.05844155844155844,0.015151515151515152
13970.0,224,2,846.55,0.0,0.0,423.275,275,0.007272727272727273,0.8145454545454546
13971.0,16,13,3124.85,1468.98,7.29300407423805,240.37307692307692,520,0.025,0.03076923076923077
13972.0,39,1,145.9,44.349999999999994,3.8144101765611453,145.9,39,0.02564102564102564,1.0
13973.0,125,1,264.7,0.0,0.0,264.7,125,0.008,1.0
13974.0,415,3,249.93,413.59000000000003,6.027290080077415,83.31,420,0.007142857142857143,0.9880952380952381
13975.0,53,10,3762.62,1564.67,7.356069126375141,376.262,513,0.01949317738791423,0.10331384015594541
13976.0,44,4,1192.36,0.0,0.0,298.09,506,0.007905138339920948,0.08695652173913043
13977.0,249,1,519.8100000000001,0.0,0.0,519.8100000000001,249,0.004016064257028112,1.0
13979.0,231,10,2456.96,869.87,6.769492711981713,245.696,574,0.017421602787456445,0.4024390243902439
13980.0,275,8,552.98,200.14,5.304001183016334,69.1225,494,0.016194331983805668,0.5566801619433198
13981.0,238,2,327.39,0.0,0.0,163.695,253,0.007905138339920948,0.9407114624505929
13982.0,1,12,3777.12,641.67,6.465631373210922,314.76,526,0.022813688212927757,0.0019011406844106464
13983.0,25,25,6084.01,909.4,6.8138840633720665,243.3604,568,0.04401408450704225,0.04401408450704225
13985.0,20,12,4087.48,5894.83,8.6820006003463,340.62333333333333,506,0.023715415019762844,0.039525691699604744
13987.0,217,2,682.54,0.0,0.0,341.27,238,0.008403361344537815,0.9117647058823529
13988.0,34,5,1959.27,2749.37,7.919490727064734,391.854,463,0.01079913606911447,0.0734341252699784
13989.0,77,4,1656.65,369.40999999999997,5.914610500247762,414.1625,401,0.00997506234413965,0.19201995012468828
13990.0,51,1,311.3,0.0,0.0,311.3,51,0.0196078431372549,1.0
13992.0,218,2,142.7,76.8,4.354141431184346,71.35,301,0.006644518272425249,0.7242524916943521
13993.0,43,17,4769.27,1921.09,7.561168414656609,280.5452941176471,574,0.029616724738675958,0.07491289198606271
13995.0,80,14,2753.02,1083.24,6.98863455970776,196.6442857142857,559,0.025044722719141325,0.14311270125223613
13996.0,224,2,895.76,0.0,0.0,447.88,237,0.008438818565400843,0.9451476793248945
13997.0,357,3,382.31,0.0,0.0,127.43666666666667,388,0.007731958762886598,0.9201030927835051
13998.0,284,3,566.7,0.0,0.0,188.9,414,0.007246376811594203,0.6859903381642513
13999.0,9,27,7126.22,2311.79,7.7462098669293855,263.9340740740741,572,0.0472027972027972,0.015734265734265736
14000.0,44,8,1877.5900000000001,0.0,0.0,234.69875000000002,575,0.01391304347826087,0.07652173913043478
14001.0,9,9,3783.4,733.94,6.59978886322765,420.3777777777778,331,0.027190332326283987,0.027190332326283987
14003.0,570,1,209.41,0.0,0.0,209.41,570,0.0017543859649122807,1.0
14004.0,11,6,3156.17,3102.28,8.040214895633628,526.0283333333333,273,0.02197802197802198,0.040293040293040296
14005.0,13,2,331.46,2543.2599999999998,7.841595120495682,165.73,53,0.03773584905660377,0.24528301886792453
14006.0,79,6,1896.57,300.1,5.707442435487688,316.09499999999997,490,0.012244897959183673,0.16122448979591836
14007.0,350,1,79.48,0.0,0.0,79.48,350,0.002857142857142857,1.0
14008.0,213,2,493.74,0.0,0.0,246.87,270,0.007407407407407408,0.7888888888888889
14009.0,36,4,1090.23,0.0,0.0,272.5575,300,0.013333333333333334,0.12
14010.0,403,3,288.09999999999997,0.0,0.0,96.03333333333332,403,0.007444168734491315,1.0
14011.0,318,3,451.91999999999996,0.0,0.0,150.64,445,0.006741573033707865,0.7146067415730337
14012.0,115,1,328.8,0.0,0.0,328.8,115,0.008695652173913044,1.0
14013.0,113,4,651.7,354.52,5.8735815064512655,162.925,570,0.007017543859649123,0.19824561403508772
14014.0,214,2,1443.03,505.18,6.226892337255411,721.515,414,0.004830917874396135,0.5169082125603864
14016.0,45,11,10415.88,963.83,6.871951920016859,946.8981818181818,538,0.020446096654275093,0.08364312267657993
14017.0,409,1,229.75,0.0,0.0,229.75,409,0.0024449877750611247,1.0
14018.0,483,1,367.15000000000003,0.0,0.0,367.15000000000003,483,0.002070393374741201,1.0
14020.0,314,3,570.46,642.8,6.467388118864708,190.15333333333334,367,0.008174386920980926,0.8555858310626703
14021.0,49,6,1586.38,130.2,4.876722876509988,264.3966666666667,430,0.013953488372093023,0.11395348837209303
14022.0,63,2,792.15,0.0,0.0,396.075,324,0.006172839506172839,0.19444444444444445
14023.0,88,1,273.14,310.93,5.742778803662883,273.14,88,0.011363636363636364,1.0
14024.0,228,1,318.04,327.7,5.795145480670174,318.04,228,0.0043859649122807015,1.0
14025.0,302,10,3969.1,0.0,0.0,396.90999999999997,421,0.023752969121140142,0.7173396674584323
14026.0,308,2,713.11,0.0,0.0,356.555,463,0.004319654427645789,0.6652267818574514
14028.0,336,5,3175.5,0.0,0.0,635.1,388,0.01288659793814433,0.865979381443299
14030.0,81,19,7220.5199999999995,925.07,6.830949825741585,380.0273684210526,576,0.03298611111111111,0.140625
14031.0,6,47,30973.030000000002,7052.9400000000005,8.861341604947517,659.0006382978723,574,0.08188153310104529,0.010452961672473868
14032.0,6,18,3661.7,1124.37,7.025867149455314,203.42777777777778,563,0.03197158081705151,0.010657193605683837
14033.0,393,1,109.44,0.0,0.0,109.44,393,0.002544529262086514,1.0
14035.0,105,8,2125.03,727.44,6.590905261227619,265.62875,450,0.017777777777777778,0.23333333333333334
14036.0,122,1,626.65,0.0,0.0,626.65,122,0.00819672131147541,1.0
14037.0,14,7,755.95,0.0,0.0,107.99285714285715,570,0.012280701754385965,0.02456140350877193
14038.0,38,6,2156.87,844.0600000000001,6.739407630753533,359.4783333333333,511,0.011741682974559686,0.07436399217221135
14039.0,413,1,115.08000000000001,152.2,5.0317442573064906,115.08000000000001,413,0.002421307506053269,1.0
14040.0,9,35,10815.13,1642.71,7.404711161029223,309.00371428571424,576,0.06076388888888889,0.015625
14041.0,104,1,141.41,0.0,0.0,141.41,104,0.009615384615384616,1.0
14042.0,563,1,431.98,0.0,0.0,431.98,563,0.0017761989342806395,1.0
14043.0,329,3,301.3,0.0,0.0,100.43333333333334,567,0.005291005291005291,0.5802469135802469
14044.0,147,8,2627.07,479.08,6.173952756681257,328.38375,522,0.01532567049808429,0.28160919540229884
14045.0,175,18,9252.63,408.0,6.013715156042802,514.035,538,0.03345724907063197,0.3252788104089219
14046.0,122,1,154.99,0.0,0.0,154.99,122,0.00819672131147541,1.0
14047.0,37,17,3486.04,672.69,6.512770064454342,205.06117647058824,514,0.033073929961089495,0.07198443579766536
14048.0,115,4,713.89,0.0,0.0,178.4725,220,0.01818181818181818,0.5227272727272727
14049.0,38,15,10471.32,2592.71,7.860844562173346,698.088,455,0.03296703296703297,0.08351648351648351
14051.0,11,31,12863.45,9241.050000000001,9.131519001499974,414.95000000000005,574,0.05400696864111498,0.01916376306620209
14052.0,228,1,255.45,225.36,5.422126652274323,255.45,228,0.0043859649122807015,1.0
14053.0,235,2,312.05,260.25,5.565477803279021,156.025,324,0.006172839506172839,0.7253086419753086
14055.0,415,2,795.3199999999999,725.6400000000001,6.588431169193958,397.65999999999997,561,0.0035650623885918,0.7397504456327986
14056.0,22,12,3687.37,4437.03,8.397965863271404,307.2808333333333,122,0.09836065573770492,0.18032786885245902
14057.0,37,14,4796.85,3541.43,8.172568211313145,342.63214285714287,574,0.024390243902439025,0.06445993031358885
14058.0,300,2,469.19,0.0,0.0,234.595,368,0.005434782608695652,0.8152173913043478
14059.0,104,1,183.6,0.0,0.0,183.6,104,0.009615384615384616,1.0
14060.0,21,23,6762.86,2740.28,7.916180243584662,294.0373913043478,476,0.04831932773109244,0.04411764705882353
14061.0,345,3,917.4300000000001,0.0,0.0,305.81,576,0.005208333333333333,0.5989583333333334
14062.0,14,22,20164.65,5270.18,8.570009525389954,916.575,567,0.03880070546737213,0.024691358024691357
14064.0,49,18,2538.07,501.68,6.219953784746944,141.0038888888889,525,0.03428571428571429,0.09333333333333334
14065.0,227,4,889.37,0.0,0.0,222.3425,269,0.01486988847583643,0.8438661710037175
14066.0,104,1,152.55,0.0,0.0,152.55,104,0.009615384615384616,1.0
14068.0,158,5,1504.97,0.0,0.0,300.994,515,0.009708737864077669,0.3067961165048544
14069.0,352,2,230.06,0.0,0.0,115.03,399,0.005012531328320802,0.8822055137844611
14070.0,522,1,326.55,0.0,0.0,326.55,522,0.0019157088122605363,1.0
14071.0,79,3,225.4,1082.01,6.987499480568703,75.13333333333334,102,0.029411764705882353,0.7745098039215687
14072.0,504,1,390.85,0.0,0.0,390.85,504,0.001984126984126984,1.0
14074.0,461,1,219.39999999999998,0.0,0.0,219.39999999999998,461,0.0021691973969631237,1.0
14075.0,99,4,1100.53,634.34,6.454160288670418,275.1325,379,0.010554089709762533,0.2612137203166227
14077.0,20,4,426.06,189.01999999999998,5.247129329778604,106.515,233,0.017167381974248927,0.08583690987124463
14078.0,22,8,1471.1699999999998,221.46,5.404747310163883,183.89624999999998,459,0.017429193899782137,0.04793028322440087
14079.0,520,1,243.63,375.1,5.929855065476291,243.63,520,0.0019230769230769232,1.0
14080.0,251,5,1030.13,45.599999999999994,3.8416005411316,206.026,575,0.008695652173913044,0.4365217391304348
14081.0,105,16,5250.05,0.0,0.0,328.128125,567,0.02821869488536155,0.18518518518518517
14082.0,202,2,413.36,0.0,0.0,206.68,230,0.008695652173913044,0.8782608695652174
14083.0,37,7,878.3,528.96,6.272801531999923,125.47142857142856,559,0.012522361359570662,0.06618962432915922
14084.0,350,1,150.5,0.0,0.0,150.5,350,0.002857142857142857,1.0
14085.0,13,27,8604.04,1488.18,7.305980911878832,318.6681481481482,569,0.04745166959578207,0.022847100175746926
14086.0,300,1,39.95,0.0,0.0,39.95,300,0.0033333333333333335,1.0
14087.0,242,3,621.8,181.67,5.207681246288592,207.26666666666665,573,0.005235602094240838,0.4223385689354276
14088.0,8,10,27372.53,35027.49,10.463917009353226,2737.2529999999997,259,0.03861003861003861,0.03088803088803089
14090.0,162,1,76.32000000000001,0.0,0.0,76.32000000000001,162,0.006172839506172839,1.0
14091.0,492,2,9530.08,0.0,0.0,4765.04,536,0.0037313432835820895,0.917910447761194
14092.0,8,20,5214.25,1995.49,7.599145917725393,260.7125,561,0.035650623885918005,0.0142602495543672
14094.0,277,2,334.27,0.0,0.0,167.135,277,0.007220216606498195,1.0
14095.0,560,1,2.95,0.0,0.0,2.95,560,0.0017857142857142857,1.0
14097.0,319,2,422.85999999999996,0.0,0.0,211.42999999999998,483,0.004140786749482402,0.660455486542443
14099.0,8,17,4321.61,1378.9,7.229766311757508,254.21235294117645,567,0.029982363315696647,0.014109347442680775
14101.0,35,12,8124.73,1817.4,7.505712272538333,677.0608333333333,459,0.026143790849673203,0.07625272331154684
14104.0,3,4,666.63,104.95,4.662967284714308,166.6575,398,0.010050251256281407,0.007537688442211055
14106.0,575,1,214.79999999999998,0.0,0.0,214.79999999999998,575,0.0017391304347826088,1.0
14107.0,14,11,3987.31,866.39,6.765488702628331,362.4827272727273,568,0.01936619718309859,0.02464788732394366
14108.0,569,2,447.05,594.16,6.388830276959497,223.525,576,0.003472222222222222,0.9878472222222222
14110.0,9,26,9355.69,3601.91,8.189497131252095,359.83423076923077,576,0.04513888888888889,0.015625
14111.0,79,1,94.2,594.4,6.389233448581676,94.2,79,0.012658227848101266,1.0
14112.0,41,20,3819.84,1704.67,7.441713274405153,190.99200000000002,560,0.03571428571428571,0.07321428571428572
14113.0,149,27,4753.58,1403.17,7.24720165987693,176.05851851851853,570,0.04736842105263158,0.2614035087719298
14114.0,111,7,1364.09,0.0,0.0,194.86999999999998,444,0.015765765765765764,0.25
14115.0,339,2,622.6700000000001,0.0,0.0,311.33500000000004,504,0.003968253968253968,0.6726190476190477
14118.0,266,1,458.45,0.0,0.0,458.45,266,0.0037593984962406013,1.0
14119.0,192,3,163.47,0.0,0.0,54.49,556,0.00539568345323741,0.34532374100719426
14122.0,232,5,309.77,0.0,0.0,61.95399999999999,575,0.008695652173913044,0.40347826086956523
14123.0,571,1,436.18,0.0,0.0,436.18,571,0.0017513134851138354,1.0
14126.0,282,1,466.33000000000004,643.6300000000001,6.468676508788589,466.33000000000004,282,0.0035460992907801418,1.0
14127.0,94,5,1642.6000000000001,257.48,5.554818321516243,328.52000000000004,263,0.019011406844106463,0.3574144486692015
14128.0,93,3,577.4,331.96,5.808022362645325,192.46666666666667,389,0.007712082262210797,0.2390745501285347
14129.0,98,5,1826.3799999999999,764.96,6.6411299490559665,365.27599999999995,417,0.011990407673860911,0.23501199040767387
14130.0,157,4,1882.67,0.0,0.0,470.6675,566,0.007067137809187279,0.2773851590106007
14131.0,486,1,187.87,0.0,0.0,187.87,486,0.00205761316872428,1.0
14132.0,21,1,306.86,3273.27,8.093850222459926,306.86,21,0.047619047619047616,1.0
14133.0,139,4,608.2,287.64,5.665180236874259,152.05,571,0.0070052539404553416,0.2434325744308231
14134.0,220,15,11123.35,0.0,0.0,741.5566666666667,567,0.026455026455026454,0.3880070546737213
14135.0,24,19,7356.2,2248.85,7.718618826309478,387.1684210526316,575,0.03304347826086956,0.04173913043478261
14136.0,238,7,1553.96,0.0,0.0,221.99428571428572,569,0.012302284710017574,0.4182776801405975
14137.0,519,2,294.1,0.0,0.0,147.05,533,0.00375234521575985,0.9737335834896811
14139.0,328,3,670.98,415.82,6.032654473932845,223.66,380,0.007894736842105263,0.8631578947368421
14142.0,211,4,967.75,0.0,0.0,241.9375,484,0.008264462809917356,0.4359504132231405
14144.0,324,1,30.599999999999998,0.0,0.0,30.599999999999998,324,0.0030864197530864196,1.0
14145.0,55,4,4986.45,2019.6,7.611149775993632,1246.6125,448,0.008928571428571428,0.12276785714285714
14146.0,92,10,5921.6,2287.27,7.735551352530418,592.1600000000001,533,0.01876172607879925,0.1726078799249531
14147.0,123,10,1733.7,285.6,5.6580875153940715,173.37,478,0.02092050209205021,0.25732217573221755
14148.0,71,2,466.29,0.0,0.0,233.145,252,0.007936507936507936,0.28174603174603174
14149.0,50,3,259.43,0.0,0.0,86.47666666666667,58,0.05172413793103448,0.8620689655172413
14150.0,197,1,306.18,352.46000000000004,5.8677703247616515,306.18,197,0.005076142131979695,1.0
14151.0,511,3,666.7,0.0,0.0,222.23333333333335,554,0.005415162454873646,0.9223826714801444
14152.0,70,8,1668.66,306.78000000000003,5.729385242035706,208.5825,497,0.01609657947686117,0.14084507042253522
14153.0,321,1,233.4,0.0,0.0,233.4,321,0.003115264797507788,1.0
14154.0,77,10,6263.6,0.0,0.0,626.36,533,0.01876172607879925,0.14446529080675422
14155.0,104,1,118.75,0.0,0.0,118.75,104,0.009615384615384616,1.0
14156.0,1,164,234284.32,62280.37,11.039417623136952,1428.5629268292682,576,0.2847222222222222,0.001736111111111111
14157.0,123,5,814.62,155.71,5.054396963535125,162.924,484,0.010330578512396695,0.25413223140495866
14159.0,7,16,4311.32,3260.56,8.089960887510292,269.4575,574,0.027874564459930314,0.012195121951219513
14160.0,448,7,8421.47,0.0,0.0,1203.0671428571427,536,0.013059701492537313,0.835820895522388
14161.0,53,7,3318.88,0.0,0.0,474.1257142857143,564,0.012411347517730497,0.09397163120567376
14162.0,11,2,289.36,0.0,0.0,144.68,130,0.015384615384615385,0.08461538461538462
14163.0,37,3,898.5,1696.12,7.4366879757571605,299.5,300,0.01,0.12333333333333334
14165.0,113,1,122.53999999999999,0.0,0.0,122.53999999999999,113,0.008849557522123894,1.0
14166.0,343,2,256.85,0.0,0.0,128.425,464,0.004310344827586207,0.7392241379310345
14167.0,3,7,1123.75,172.74,5.157559928831774,160.53571428571428,519,0.01348747591522158,0.005780346820809248
14168.0,258,3,305.9,0.0,0.0,101.96666666666665,402,0.007462686567164179,0.6417910447761194
14169.0,268,2,624.4300000000001,0.0,0.0,312.21500000000003,282,0.0070921985815602835,0.950354609929078
14170.0,213,3,597.33,0.0,0.0,199.11,233,0.012875536480686695,0.9141630901287554
14171.0,568,1,135.0,363.79,5.899321845543751,135.0,568,0.0017605633802816902,1.0
14172.0,443,4,389.97,0.0,0.0,97.4925,480,0.008333333333333333,0.9229166666666667
14173.0,57,4,230.15,336.8,5.8224540043737,57.5375,568,0.007042253521126761,0.10035211267605634
14175.0,9,14,5388.77,1961.67,7.582061070108725,384.9121428571429,465,0.030107526881720432,0.01935483870967742
14176.0,135,6,913.11,0.0,0.0,152.185,219,0.0273972602739726,0.6164383561643836
14177.0,17,10,1788.01,436.38,6.080802382460177,178.801,489,0.02044989775051125,0.034764826175869123
14178.0,20,1,197.37,1423.56,7.261618273093059,197.37,20,0.05,1.0
14180.0,6,34,4964.4,1146.35,7.0452102144359845,146.01176470588234,386,0.08808290155440414,0.015544041450777202
14181.0,248,2,310.55,0.0,0.0,155.275,400,0.005,0.62
14182.0,281,5,660.07,0.0,0.0,132.014,434,0.01152073732718894,0.6474654377880185
14183.0,249,2,286.29,0.0,0.0,143.145,319,0.006269592476489028,0.780564263322884
14185.0,169,1,197.65,0.0,0.0,197.65,169,0.005917159763313609,1.0
14186.0,265,5,1550.63,0.0,0.0,310.12600000000003,482,0.01037344398340249,0.549792531120332
14187.0,311,1,123.5,0.0,0.0,123.5,311,0.003215434083601286,1.0
14188.0,52,2,760.9,1258.01,7.1380809768245586,380.45,148,0.013513513513513514,0.35135135135135137
14189.0,38,13,3296.73,2467.89,7.811523935902305,253.5946153846154,226,0.05752212389380531,0.168141592920354
14190.0,504,1,79.9,0.0,0.0,79.9,504,0.001984126984126984,1.0
14191.0,22,7,815.35,3898.06,8.268490777425365,116.47857142857143,566,0.012367491166077738,0.038869257950530034
14192.0,226,1,293.74,0.0,0.0,293.74,226,0.004424778761061947,1.0
14193.0,107,2,779.34,430.85,6.068078305726295,389.67,234,0.008547008547008548,0.45726495726495725
14194.0,6,36,11121.18,7321.6900000000005,8.898733025787589,308.9216666666667,567,0.06349206349206349,0.010582010582010581
14195.0,39,10,2381.24,0.0,0.0,238.12399999999997,472,0.0211864406779661,0.0826271186440678
14197.0,248,1,390.05,0.0,0.0,390.05,248,0.004032258064516129,1.0
14198.0,64,8,1037.48,490.1,6.196647773045199,129.685,541,0.014787430683918669,0.11829944547134935
14199.0,56,6,916.4999999999999,0.0,0.0,152.74999999999997,368,0.016304347826086956,0.15217391304347827
14200.0,455,1,379.2,0.0,0.0,379.2,455,0.002197802197802198,1.0
14201.0,24,9,797.8,336.34,5.821091323829869,88.64444444444445,426,0.02112676056338028,0.056338028169014086
14202.0,219,3,847.76,0.0,0.0,282.58666666666664,462,0.006493506493506494,0.474025974025974
14203.0,235,1,339.34,0.0,0.0,339.34,235,0.00425531914893617,1.0
14204.0,260,3,901.9300000000001,161.03,5.087781503272909,300.6433333333334,575,0.0052173913043478265,0.45217391304347826
14205.0,102,10,1674.3,234.08,5.45992588174445,167.43,480,0.020833333333333332,0.2125
14206.0,77,5,1145.21,0.0,0.0,229.042,240,0.020833333333333332,0.32083333333333336
14207.0,525,1,157.8,0.0,0.0,157.8,525,0.0019047619047619048,1.0
14208.0,389,1,415.31,151.74,5.0287371294602385,415.31,389,0.002570694087403599,1.0
14209.0,44,16,3947.09,990.28,6.898997037308238,246.693125,570,0.028070175438596492,0.07719298245614035
14210.0,35,19,5513.08,301.24,5.7112214037532,290.1621052631579,540,0.03518518518518519,0.06481481481481481
14211.0,45,21,2974.23,1327.46,7.191775655600926,141.63,568,0.03697183098591549,0.07922535211267606
14212.0,283,1,1119.6599999999999,1070.48,6.976796149317125,1119.6599999999999,283,0.0035335689045936395,1.0
14214.0,8,4,818.0600000000001,182.17000000000002,5.210414683372126,204.51500000000001,115,0.034782608695652174,0.06956521739130435
14215.0,24,8,2713.08,691.45,6.540236033288727,339.135,569,0.014059753954305799,0.0421792618629174
14216.0,247,2,303.09,1839.3,7.517683880791149,151.545,252,0.007936507936507936,0.9801587301587301
14217.0,7,20,2220.94,985.9300000000001,6.894599114932583,111.047,365,0.0547945205479452,0.019178082191780823
14219.0,247,2,543.89,89.94,4.510199948396864,271.945,331,0.006042296072507553,0.7462235649546828
14220.0,85,4,1515.0,0.0,0.0,378.75,407,0.009828009828009828,0.20884520884520885
14221.0,22,14,4727.62,1778.97,7.484351789211518,337.6871428571429,573,0.02443280977312391,0.038394415357766144
14222.0,15,1,683.17,0.0,0.0,683.17,15,0.06666666666666667,1.0
14223.0,98,2,289.0,686.23,6.532669025130447,144.5,102,0.0196078431372549,0.9607843137254902
14224.0,53,7,1343.1,554.8,6.320408517308404,191.87142857142857,382,0.01832460732984293,0.1387434554973822
14225.0,272,5,2015.12,0.0,0.0,403.024,534,0.009363295880149813,0.5093632958801498
14226.0,37,6,2444.9900000000002,522.7900000000001,6.261090840635167,407.4983333333334,279,0.021505376344086023,0.13261648745519714
14227.0,23,18,5400.62,926.69,6.832697625254356,300.03444444444443,507,0.03550295857988166,0.045364891518737675
14228.0,275,3,745.5,0.0,0.0,248.5,384,0.0078125,0.7161458333333334
14229.0,129,10,1683.92,785.0699999999999,6.667045846987905,168.392,309,0.032362459546925564,0.4174757281553398
14230.0,273,3,979.8000000000001,0.0,0.0,326.6,386,0.007772020725388601,0.7072538860103627
14231.0,17,6,1131.97,0.0,0.0,188.66166666666666,288,0.020833333333333332,0.059027777777777776
14232.0,21,4,1001.48,1042.45,6.95028780970084,250.37,102,0.0392156862745098,0.20588235294117646
14233.0,49,8,2278.55,488.41,6.193200583983307,284.81875,482,0.016597510373443983,0.1016597510373444
14235.0,64,6,2837.68,1829.31,7.512240630396196,472.94666666666666,457,0.01312910284463895,0.1400437636761488
14236.0,210,6,1431.18,301.56,5.712279604910147,238.53,343,0.01749271137026239,0.6122448979591837
14237.0,211,3,627.04,0.0,0.0,209.01333333333332,428,0.007009345794392523,0.4929906542056075
14238.0,164,3,434.23,0.0,0.0,144.74333333333334,572,0.005244755244755245,0.2867132867132867
14239.0,38,19,3117.9100000000003,1085.81,6.9910020788348515,164.1005263157895,572,0.033216783216783216,0.06643356643356643
14240.0,63,2,584.0,663.49,6.49901982913111,292.0,261,0.007662835249042145,0.2413793103448276
14241.0,21,2,333.70000000000005,0.0,0.0,166.85000000000002,534,0.003745318352059925,0.03932584269662921
14242.0,72,2,280.55,0.0,0.0,140.275,163,0.012269938650306749,0.44171779141104295
14243.0,9,17,6574.5,790.86,6.674384608512411,386.7352941176471,314,0.054140127388535034,0.028662420382165606
14244.0,497,2,354.82,0.0,0.0,177.41,498,0.004016064257028112,0.9979919678714859
14245.0,14,5,1677.48,0.0,0.0,335.496,101,0.04950495049504951,0.13861386138613863
14246.0,83,1,449.64,1024.42,6.9328575637429655,449.64,83,0.012048192771084338,1.0
14247.0,116,6,769.71,0.0,0.0,128.285,389,0.015424164524421594,0.2982005141388175
14248.0,156,3,1032.95,0.0,0.0,344.31666666666666,353,0.0084985835694051,0.44192634560906513
14249.0,248,12,5625.461,0.0,0.0,468.7884166666667,517,0.02321083172147002,0.4796905222437137
14252.0,219,1,350.99,0.0,0.0,350.99,219,0.0045662100456621,1.0
14253.0,331,2,363.40000000000003,0.0,0.0,181.70000000000002,461,0.004338394793926247,0.7180043383947939
14254.0,270,1,601.03,0.0,0.0,601.03,270,0.003703703703703704,1.0
14256.0,92,9,2397.34,0.0,0.0,266.37111111111113,532,0.016917293233082706,0.17293233082706766
14257.0,22,6,3885.32,2056.68,7.629334413536316,647.5533333333334,486,0.012345679012345678,0.04526748971193416
14258.0,37,28,25985.09,5042.26,8.525807977360856,928.0389285714285,573,0.04886561954624782,0.06457242582897033
14260.0,309,3,824.28,0.0,0.0,274.76,386,0.007772020725388601,0.8005181347150259
14262.0,78,1,240.0,2378.23,7.774532184906825,240.0,78,0.01282051282051282,1.0
14263.0,261,1,322.93,0.0,0.0,322.93,261,0.0038314176245210726,1.0
14264.0,83,7,1243.09,218.27,5.39030384716041,177.5842857142857,449,0.015590200445434299,0.18485523385300667
14265.0,302,2,843.17,530.18,6.275100946851013,421.585,450,0.0044444444444444444,0.6711111111111111
14266.0,266,1,40.56,0.0,0.0,40.56,266,0.0037593984962406013,1.0
14267.0,78,6,789.11,470.08,6.155027930973348,131.51833333333335,569,0.01054481546572935,0.13708260105448156
14268.0,308,1,354.85,0.0,0.0,354.85,308,0.003246753246753247,1.0
14269.0,273,2,261.68,0.0,0.0,130.84,277,0.007220216606498195,0.9855595667870036
14270.0,169,1,492.65000000000003,0.0,0.0,492.65000000000003,169,0.005917159763313609,1.0
14271.0,63,2,219.13,0.0,0.0,109.565,247,0.008097165991902834,0.2550607287449393
14272.0,92,3,614.94,305.87,5.726424205137025,204.98000000000002,420,0.007142857142857143,0.21904761904761905
14273.0,55,2,218.7,341.27,5.835599899276388,109.35,80,0.025,0.6875
14274.0,524,1,256.6,0.0,0.0,256.6,524,0.0019083969465648854,1.0
14275.0,233,6,1189.3799999999999,0.0,0.0,198.23,445,0.01348314606741573,0.5235955056179775
14276.0,18,11,1554.03,375.29,5.930360122704693,141.27545454545455,498,0.02208835341365462,0.03614457831325301
14277.0,50,11,2004.8999999999999,2319.57,7.749568124138768,182.26363636363635,574,0.01916376306620209,0.08710801393728224
14278.0,247,1,205.83,0.0,0.0,205.83,247,0.004048582995951417,1.0
14279.0,358,2,191.86,0.0,0.0,95.93,519,0.0038535645472061657,0.6897880539499036
14280.0,34,1,134.04,0.0,0.0,134.04,34,0.029411764705882353,1.0
14281.0,246,1,245.15,0.0,0.0,245.15,246,0.0040650406504065045,1.0
14282.0,14,17,6138.7,1705.96,7.4424692895966285,361.09999999999997,500,0.034,0.028
14283.0,301,4,628.4399999999999,0.0,0.0,157.10999999999999,407,0.009828009828009828,0.7395577395577395
14284.0,491,1,704.4,578.45,6.3620793777804,704.4,491,0.002036659877800407,1.0
14285.0,14,6,1254.53,1904.1100000000001,7.552295028675903,209.08833333333334,569,0.01054481546572935,0.02460456942003515
14286.0,80,8,5850.97,2545.73,7.842565462293173,731.37125,573,0.013961605584642234,0.13961605584642234
14287.0,20,3,57.88,93.35,4.547011271814559,19.293333333333333,36,0.08333333333333333,0.5555555555555556
14288.0,50,2,413.85,0.0,0.0,206.925,51,0.0392156862745098,0.9803921568627451
14289.0,14,4,723.52,187.74,5.240370406593187,180.88,127,0.031496062992125984,0.11023622047244094
14290.0,154,10,2671.84,1537.0900000000001,7.3382966659087705,267.184,569,0.01757469244288225,0.27065026362038663
14291.0,10,19,6001.32,1843.0800000000002,7.519735787123422,315.858947368421,568,0.03345070422535211,0.017605633802816902
14292.0,23,18,5155.88,3732.02,8.224972836521449,286.4377777777778,576,0.03125,0.03993055555555555
14293.0,143,8,2635.79,538.5400000000001,6.2907169246744985,329.47375,567,0.014109347442680775,0.25220458553791886
14294.0,245,1,375.34,0.0,0.0,375.34,245,0.004081632653061225,1.0
14295.0,170,7,2149.86,166.20000000000002,5.119190700650601,307.1228571428572,569,0.012302284710017574,0.29876977152899825
14296.0,251,3,448.45,0.0,0.0,149.48333333333332,412,0.007281553398058253,0.6092233009708737
14297.0,112,1,232.6,1051.46,6.958885560083744,232.6,112,0.008928571428571428,1.0
14298.0,3,70,70787.54,19701.77,9.888514513978597,1011.2505714285713,566,0.12367491166077739,0.00530035335689046
14299.0,154,32,10500.11,2327.66,7.753048273825975,328.1284375,575,0.05565217391304348,0.2678260869565217
14301.0,247,5,1324.19,632.04,6.450533611300938,264.838,504,0.00992063492063492,0.49007936507936506
14302.0,268,3,742.9000000000001,0.0,0.0,247.63333333333335,575,0.0052173913043478265,0.46608695652173915
14303.0,245,2,277.94,0.0,0.0,138.97,272,0.007352941176470588,0.9007352941176471
14304.0,60,5,1523.81,0.0,0.0,304.762,408,0.012254901960784314,0.14705882352941177
14306.0,216,4,1058.0800000000002,2083.42,7.642245918076342,264.52000000000004,515,0.007766990291262136,0.41941747572815535
14307.0,57,8,3762.34,1300.74,7.171457110046918,470.2925,570,0.014035087719298246,0.1
14309.0,6,9,2705.45,1042.51,6.950345309605022,300.60555555555555,388,0.023195876288659795,0.015463917525773196
14310.0,270,1,492.1,0.0,0.0,492.1,270,0.003703703703703704,1.0
14311.0,63,3,435.90000000000003,0.0,0.0,145.3,405,0.007407407407407408,0.15555555555555556
14312.0,24,9,2333.29,757.0,6.630683385642372,259.25444444444446,342,0.02631578947368421,0.07017543859649122
14314.0,251,2,101.9,120.0,4.795790545596741,50.95,268,0.007462686567164179,0.9365671641791045
14315.0,29,5,1567.94,1600.78,7.378870789858329,313.588,472,0.01059322033898305,0.0614406779661017
14316.0,260,6,1355.34,0.0,0.0,225.89,468,0.01282051282051282,0.5555555555555556
14318.0,298,1,158.02,0.0,0.0,158.02,298,0.003355704697986577,1.0
14319.0,262,2,476.95000000000005,0.0,0.0,238.47500000000002,566,0.0035335689045936395,0.4628975265017668
14320.0,44,7,1204.1200000000001,0.0,0.0,172.0171428571429,525,0.013333333333333334,0.0838095238095238
14321.0,14,5,1294.76,903.82,6.807736028890063,258.952,311,0.01607717041800643,0.04501607717041801
14322.0,265,6,384.3,0.0,0.0,64.05,497,0.012072434607645875,0.5331991951710262
14323.0,28,3,269.02,305.24,5.72436910826459,89.67333333333333,76,0.039473684210526314,0.3684210526315789
14324.0,247,2,701.61,0.0,0.0,350.805,531,0.003766478342749529,0.4651600753295669
14325.0,407,1,245.48000000000002,0.0,0.0,245.48000000000002,407,0.002457002457002457,1.0
14326.0,72,4,923.98,0.0,0.0,230.995,370,0.010810810810810811,0.1945945945945946
14327.0,1,6,1894.93,0.0,0.0,315.82166666666666,538,0.011152416356877323,0.0018587360594795538
14329.0,2,20,7852.86,1882.66,7.540971971758868,392.643,561,0.035650623885918005,0.0035650623885918
14330.0,461,1,200.63,0.0,0.0,200.63,461,0.0021691973969631237,1.0
14332.0,219,2,1077.2,866.31,6.7653964676596825,538.6,254,0.007874015748031496,0.8622047244094488
14334.0,41,11,3419.0,873.98,6.774201028953529,310.8181818181818,406,0.027093596059113302,0.10098522167487685
14336.0,36,3,1114.39,500.52000000000004,6.217643486965713,371.46333333333337,114,0.02631578947368421,0.3157894736842105
14338.0,29,3,891.8,2.3,1.1939224684724346,297.26666666666665,374,0.008021390374331552,0.07754010695187166
14339.0,72,5,600.66,0.0,0.0,120.13199999999999,266,0.018796992481203006,0.2706766917293233
14340.0,56,1,134.7,0.0,0.0,134.7,56,0.017857142857142856,1.0
14341.0,53,16,2964.34,1479.13,7.299885200738482,185.27125,576,0.027777777777777776,0.0920138888888889
14342.0,44,6,483.78000000000003,358.96,5.885992914165747,80.63000000000001,310,0.01935483870967742,0.14193548387096774
14343.0,259,4,1088.91,0.0,0.0,272.2275,528,0.007575757575757576,0.49053030303030304
14344.0,44,18,3089.65,244.05,5.501462271355557,171.64722222222224,464,0.03879310344827586,0.09482758620689655
14346.0,135,4,1556.61,759.14,6.6335026268420165,389.1525,335,0.011940298507462687,0.40298507462686567
14347.0,574,1,82.6,0.0,0.0,82.6,574,0.0017421602787456446,1.0
14348.0,98,1,409.57,0.0,0.0,409.57,98,0.01020408163265306,1.0
14350.0,108,4,947.8,0.0,0.0,236.95,268,0.014925373134328358,0.40298507462686567
14351.0,2,1,51.0,0.0,0.0,51.0,2,0.5,1.0
14352.0,72,2,845.32,233.64000000000001,5.458052424669195,422.66,111,0.018018018018018018,0.6486486486486487
14353.0,53,3,376.5,0.0,0.0,125.5,269,0.011152416356877323,0.1970260223048327
14355.0,203,3,1014.45,0.0,0.0,338.15000000000003,465,0.0064516129032258064,0.43655913978494626
14358.0,227,3,384.29999999999995,0.0,0.0,128.1,520,0.0057692307692307696,0.43653846153846154
14361.0,416,1,214.70999999999998,0.0,0.0,214.70999999999998,416,0.002403846153846154,1.0
14363.0,240,2,227.47000000000003,0.0,0.0,113.73500000000001,289,0.006920415224913495,0.8304498269896193
14364.0,2,6,2808.0,909.35,6.813829140949974,468.0,49,0.12244897959183673,0.04081632653061224
14365.0,232,2,634.68,0.0,0.0,317.34,519,0.0038535645472061657,0.44701348747591524
14366.0,363,1,136.0,0.0,0.0,136.0,363,0.0027548209366391185,1.0
14367.0,22,10,4061.77,5106.05,8.538377217083367,406.177,114,0.08771929824561403,0.19298245614035087
14368.0,157,1,155.0,0.0,0.0,155.0,157,0.006369426751592357,1.0
14369.0,480,2,469.13,0.0,0.0,234.565,499,0.004008016032064128,0.9619238476953907
14370.0,288,9,1092.13,0.0,0.0,121.3477777777778,514,0.017509727626459144,0.5603112840466926
14371.0,133,1,100.5,0.0,0.0,100.5,133,0.007518796992481203,1.0
14372.0,281,3,830.1800000000001,0.0,0.0,276.7266666666667,563,0.0053285968028419185,0.4991119005328597
14373.0,196,1,76.55,0.0,0.0,76.55,196,0.00510204081632653,1.0
14374.0,379,1,108.0,0.0,0.0,108.0,379,0.002638522427440633,1.0
14375.0,23,3,1132.99,0.0,0.0,377.66333333333336,379,0.0079155672823219,0.06068601583113457
14376.0,521,1,215.46,0.0,0.0,215.46,521,0.0019193857965451055,1.0
14377.0,29,2,617.05,0.0,0.0,308.525,100,0.02,0.29
14378.0,459,1,131.25,0.0,0.0,131.25,459,0.002178649237472767,1.0
14379.0,133,3,1031.79,237.12,5.47277474828519,343.93,318,0.009433962264150943,0.41823899371069184
14381.0,289,1,428.65999999999997,202.68,5.316550134809097,428.65999999999997,289,0.0034602076124567475,1.0
14382.0,228,2,614.78,626.0699999999999,6.441058177144555,307.39,228,0.008771929824561403,1.0
14383.0,1,1,242.09,1005.6,6.91433359434226,242.09,1,1.0,1.0
14384.0,338,1,58.5,0.0,0.0,58.5,338,0.0029585798816568047,1.0
14386.0,134,1,142.4,0.0,0.0,142.4,134,0.007462686567164179,1.0
14388.0,41,14,4577.0,2012.3,7.607530445832303,326.92857142857144,526,0.026615969581749048,0.0779467680608365
14389.0,28,8,1119.95,701.12,6.554104329588145,139.99375,567,0.014109347442680775,0.04938271604938271
14390.0,49,9,2760.9900000000002,3562.34,8.178453586256621,306.7766666666667,263,0.034220532319391636,0.18631178707224336
14391.0,414,1,135.6,0.0,0.0,135.6,414,0.0024154589371980675,1.0
14392.0,270,1,266.4,0.0,0.0,266.4,270,0.003703703703703704,1.0
14393.0,56,1,67.95,0.0,0.0,67.95,56,0.017857142857142856,1.0
14394.0,402,1,93.8,0.0,0.0,93.8,402,0.0024875621890547263,1.0
14395.0,15,19,6645.17,1515.64,7.3242526407047315,349.7457894736842,438,0.04337899543378995,0.03424657534246575
14396.0,209,6,1744.29,377.64,5.936585885597992,290.715,575,0.010434782608695653,0.3634782608695652
14397.0,9,4,379.04,2177.64,7.68645610789474,94.76,51,0.0784313725490196,0.17647058823529413
14398.0,239,2,707.79,0.0,0.0,353.895,365,0.005479452054794521,0.6547945205479452
14399.0,232,9,2098.16,0.0,0.0,233.12888888888887,512,0.017578125,0.453125
14400.0,238,3,1143.3,559.7,6.329186003129627,381.09999999999997,469,0.006396588486140725,0.5074626865671642
14401.0,7,15,3946.14,2757.2599999999998,7.922355325121019,263.07599999999996,563,0.02664298401420959,0.012433392539964476
14402.0,490,1,285.6,0.0,0.0,285.6,490,0.0020408163265306124,1.0
14403.0,55,7,1322.96,499.79999999999995,6.216206819785889,188.99428571428572,477,0.014675052410901468,0.11530398322851153
14404.0,7,13,2364.07,436.03999999999996,6.080024724087462,181.85153846153847,557,0.02333931777378815,0.012567324955116697
14405.0,224,1,195.0,0.0,0.0,195.0,224,0.004464285714285714,1.0
14407.0,37,4,972.98,1138.1,7.037993755905866,243.245,114,0.03508771929824561,0.32456140350877194
14408.0,9,8,2718.56,1391.21,7.238647691584793,339.82,570,0.014035087719298246,0.015789473684210527
14409.0,156,7,2060.34,1393.3500000000001,7.240183635846328,294.3342857142857,405,0.01728395061728395,0.3851851851851852
14411.0,148,1,1063.0,0.0,0.0,1063.0,148,0.006756756756756757,1.0
14412.0,262,1,656.16,761.3299999999999,6.636379532804666,656.16,262,0.003816793893129771,1.0
14413.0,200,4,770.37,0.0,0.0,192.5925,527,0.007590132827324478,0.3795066413662239
14414.0,196,2,1119.55,1267.93,7.14592930464841,559.775,212,0.009433962264150943,0.9245283018867925
14415.0,20,22,8832.84,3082.29,8.033752487685549,401.4927272727273,561,0.0392156862745098,0.035650623885918005
14417.0,225,1,604.2,0.0,0.0,604.2,225,0.0044444444444444444,1.0
14419.0,90,3,510.41,750.5,6.622071209193029,170.13666666666668,220,0.013636363636363636,0.4090909090909091
14420.0,234,5,1241.85,385.87,5.9580887192842615,248.36999999999998,529,0.00945179584120983,0.44234404536862004
14421.0,49,6,2098.69,357.93,5.8831273834035995,349.7816666666667,529,0.011342155009451797,0.09262759924385633
14422.0,8,17,6969.43,3231.4900000000002,8.081008017060407,409.9664705882353,560,0.030357142857142857,0.014285714285714285
14423.0,56,4,914.9599999999999,0.0,0.0,228.73999999999998,532,0.007518796992481203,0.10526315789473684
14425.0,265,5,635.89,0.0,0.0,127.178,575,0.008695652173913044,0.4608695652173913
14426.0,16,18,9370.75,1733.22,7.45831302357175,520.5972222222222,483,0.037267080745341616,0.033126293995859216
14427.0,332,2,900.1800000000001,363.34000000000003,5.898087497602683,450.09000000000003,469,0.0042643923240938165,0.7078891257995735
14428.0,70,3,326.38,903.76,6.807669715159781,108.79333333333334,163,0.018404907975460124,0.4294478527607362
14429.0,241,1,516.28,0.0,0.0,516.28,241,0.004149377593360996,1.0
14430.0,349,5,956.4000000000001,0.0,0.0,191.28000000000003,445,0.011235955056179775,0.7842696629213484
14431.0,136,5,2541.6,0.0,0.0,508.32,525,0.009523809523809525,0.259047619047619
14433.0,303,1,289.6,0.0,0.0,289.6,303,0.0033003300330033004,1.0
14435.0,339,1,90.42,0.0,0.0,90.42,339,0.0029498525073746312,1.0
14436.0,391,1,182.64000000000001,89.06,4.500476114873425,182.64000000000001,391,0.0025575447570332483,1.0
14438.0,144,1,131.9,0.0,0.0,131.9,144,0.006944444444444444,1.0
14439.0,157,5,9443.04,0.0,0.0,1888.6080000000002,525,0.009523809523809525,0.29904761904761906
14440.0,154,12,5354.86,1171.97,7.067294272878848,446.2383333333333,575,0.020869565217391306,0.2678260869565217
14441.0,93,13,3077.19,1284.4,7.158825232937186,236.7069230769231,528,0.02462121212121212,0.17613636363636365
14443.0,143,6,1539.78,811.8,6.700485076824218,256.63,217,0.027649769585253458,0.6589861751152074
14444.0,294,1,132.04,0.0,0.0,132.04,294,0.003401360544217687,1.0
14445.0,293,1,221.65,0.0,0.0,221.65,293,0.0034129692832764505,1.0
14446.0,84,2,504.77,736.54,6.603320324031322,252.385,224,0.008928571428571428,0.375
14447.0,34,3,1149.53,562.2,6.3336348048438325,383.1766666666667,238,0.012605042016806723,0.14285714285714285
14448.0,202,1,102.35000000000001,273.0,5.6131281063880705,102.35000000000001,202,0.0049504950495049506,1.0
14449.0,84,6,1977.0,505.8,6.228116448446984,329.5,274,0.021897810218978103,0.30656934306569344
14450.0,18,7,1128.44,0.0,0.0,161.2057142857143,448,0.015625,0.04017857142857143
14451.0,32,17,2963.0,302.59,5.715678106902588,174.2941176470588,529,0.03213610586011342,0.06049149338374291
14452.0,233,2,401.15,264.44,5.581388826442135,200.575,359,0.005571030640668524,0.649025069637883
14453.0,28,1,119.93,0.0,0.0,119.93,28,0.03571428571428571,1.0
14454.0,214,6,970.7,0.0,0.0,161.78333333333333,571,0.010507880910683012,0.37478108581436076
14455.0,270,5,594.86,0.0,0.0,118.97200000000001,333,0.015015015015015015,0.8108108108108109
14457.0,148,1,113.64,0.0,0.0,113.64,148,0.006756756756756757,1.0
14458.0,218,1,237.42,0.0,0.0,237.42,218,0.0045871559633027525,1.0
14459.0,371,2,3501.221,1837.92,7.516933721754878,1750.6105,489,0.00408997955010225,0.7586912065439673
14460.0,9,11,761.8,157.79999999999998,5.067645548813036,69.25454545454545,562,0.019572953736654804,0.01601423487544484
14461.0,16,13,6340.76,356.84,5.880085959124592,487.75076923076927,528,0.02462121212121212,0.030303030303030304
14462.0,23,11,1372.54,859.35,6.757339283199166,124.77636363636363,270,0.040740740740740744,0.08518518518518518
14463.0,8,3,566.37,220.2,5.39906726964818,188.79,337,0.008902077151335312,0.02373887240356083
14464.0,406,2,111.0,0.0,0.0,55.5,465,0.004301075268817204,0.8731182795698925
14465.0,84,11,3946.03,0.0,0.0,358.73,539,0.02040816326530612,0.15584415584415584
14466.0,25,10,3720.2,926.7,6.8327084046592255,372.02,564,0.01773049645390071,0.044326241134751775
14467.0,150,9,1753.93,467.06,6.148596492828276,194.88111111111112,575,0.01565217391304348,0.2608695652173913
14468.0,571,1,204.24,0.0,0.0,204.24,571,0.0017513134851138354,1.0
14469.0,254,4,2112.21,0.0,0.0,528.0525,517,0.007736943907156673,0.4912959381044487
14470.0,125,2,548.49,163.55,5.103214475389349,274.245,268,0.007462686567164179,0.4664179104477612
14471.0,429,2,400.95,0.0,0.0,200.475,570,0.0035087719298245615,0.7526315789473684
14472.0,25,6,1821.01,407.21,6.011781747870876,303.50166666666667,527,0.011385199240986717,0.04743833017077799
14473.0,120,1,85.0,149.34000000000003,5.012899395749323,85.0,120,0.008333333333333333,1.0
14474.0,417,1,730.42,537.71,6.289177392721916,730.42,417,0.002398081534772182,1.0
14475.0,4,6,721.44,303.68,5.719262045504587,120.24000000000001,246,0.024390243902439025,0.016260162601626018
14476.0,95,1,215.7,0.0,0.0,215.7,95,0.010526315789473684,1.0
14477.0,22,7,1175.8,784.81,6.666715032927835,167.97142857142856,554,0.01263537906137184,0.039711191335740074
14478.0,220,4,1276.66,0.0,0.0,319.165,576,0.006944444444444444,0.3819444444444444
14479.0,91,4,1299.11,0.0,0.0,324.7775,571,0.0070052539404553416,0.159369527145359
14480.0,240,4,1016.22,279.05,5.634968158655841,254.055,556,0.007194244604316547,0.4316546762589928
14481.0,2,6,1935.32,0.0,0.0,322.55333333333334,515,0.011650485436893204,0.003883495145631068
14482.0,77,9,2362.2,1830.05,7.512644851783918,262.46666666666664,308,0.02922077922077922,0.25
14484.0,239,3,749.0600000000001,321.92,5.777404614526815,249.6866666666667,560,0.005357142857142857,0.42678571428571427
14486.0,349,2,175.5,0.0,0.0,87.75,391,0.005115089514066497,0.8925831202046036
14487.0,206,3,356.88,1071.23,6.977495870856513,118.96,217,0.013824884792626729,0.9493087557603687
14489.0,45,4,1574.93,0.0,0.0,393.7325,450,0.008888888888888889,0.1
14490.0,244,2,1273.47,0.0,0.0,636.735,266,0.007518796992481203,0.9172932330827067
14491.0,13,2,468.13,0.0,0.0,234.065,210,0.009523809523809525,0.06190476190476191
14492.0,268,10,1574.3600000000001,0.0,0.0,157.436,457,0.02188183807439825,0.5864332603938731
14493.0,228,7,2673.21,2362.84,7.768042694340373,381.88714285714286,479,0.014613778705636743,0.4759916492693111
14494.0,239,2,261.9,139.56,4.945634443878841,130.95,569,0.0035149384885764497,0.4200351493848858
14495.0,485,2,42.5,123.8,4.826712455935327,21.25,497,0.004024144869215292,0.9758551307847082
14496.0,149,10,2645.88,0.0,0.0,264.588,471,0.021231422505307854,0.31634819532908703
14497.0,139,3,679.16,0.0,0.0,226.38666666666666,511,0.005870841487279843,0.2720156555772994
14498.0,24,7,2267.19,1644.08,7.405544294235809,323.88428571428574,388,0.01804123711340206,0.061855670103092786
14499.0,116,8,1431.32,689.3,6.53712628570943,178.915,307,0.026058631921824105,0.3778501628664495
14500.0,27,1,284.85,72.0,4.290459441148391,284.85,27,0.037037037037037035,1.0
14502.0,72,8,971.98,1379.04,7.229867763238425,121.4975,151,0.052980132450331126,0.4768211920529801
14503.0,16,1,597.07,2946.19,7.9886074530041995,597.07,16,0.0625,1.0
14504.0,81,3,542.71,130.55,4.879387007486302,180.90333333333334,116,0.02586206896551724,0.6982758620689655
14505.0,42,23,9047.42,2671.38,7.890724740113724,393.36608695652177,568,0.040492957746478875,0.07394366197183098
14506.0,121,4,1845.3600000000001,1445.31,7.276770764250625,461.34000000000003,437,0.009153318077803204,0.2768878718535469
14507.0,53,11,2404.62,767.87,6.644921904499746,218.60181818181817,567,0.019400352733686066,0.09347442680776014
14508.0,214,4,579.67,276.42,5.625532603335144,144.9175,378,0.010582010582010581,0.5661375661375662
14509.0,372,1,110.95,0.0,0.0,110.95,372,0.002688172043010753,1.0
14510.0,213,4,991.98,0.0,0.0,247.995,274,0.014598540145985401,0.7773722627737226
14512.0,25,7,1223.47,0.0,0.0,174.78142857142856,570,0.012280701754385965,0.043859649122807015
14513.0,44,6,632.67,138.24,4.936199062943238,105.445,406,0.014778325123152709,0.10837438423645321
14514.0,39,9,3942.4900000000002,652.24,6.4819445962085425,438.05444444444447,564,0.015957446808510637,0.06914893617021277
14515.0,29,11,2382.46,1336.44,7.198512617950846,216.58727272727273,388,0.028350515463917526,0.07474226804123711
14516.0,354,1,163.92,0.0,0.0,163.92,354,0.002824858757062147,1.0
14519.0,521,2,206.09,0.0,0.0,103.045,566,0.0035335689045936395,0.9204946996466431
14520.0,128,1,165.0,105.60000000000001,4.669083511731745,165.0,128,0.0078125,1.0
14521.0,315,2,167.65,0.0,0.0,83.825,329,0.0060790273556231,0.9574468085106383
14522.0,36,5,1062.71,695.91,6.546656277602536,212.542,522,0.009578544061302681,0.06896551724137931
14524.0,16,9,2118.75,814.96,6.7043653341547635,235.41666666666666,254,0.03543307086614173,0.06299212598425197
14525.0,20,15,5863.38,2266.43,7.726402310509465,390.892,564,0.026595744680851064,0.03546099290780142
14526.0,227,1,262.4,0.0,0.0,262.4,227,0.004405286343612335,1.0
14527.0,1,152,21609.81,4164.73,8.334646809350975,142.16980263157896,575,0.2643478260869565,0.0017391304347826088
14530.0,23,16,4712.08,1365.07,7.219693283327297,294.505,525,0.030476190476190476,0.04380952380952381
14531.0,317,1,376.34,0.0,0.0,376.34,317,0.0031545741324921135,1.0
14532.0,74,12,3846.4300000000003,0.0,0.0,320.53583333333336,536,0.022388059701492536,0.13805970149253732
14533.0,190,7,1806.0,1379.12,7.22992573089249,258.0,448,0.015625,0.42410714285714285
14534.0,7,24,3990.91,1795.51,7.493601172917152,166.28791666666666,472,0.05084745762711865,0.014830508474576272
14535.0,86,8,3885.51,1987.1200000000001,7.594944747567835,485.68875,491,0.016293279022403257,0.17515274949083504
14536.0,97,1,171.8,0.0,0.0,171.8,97,0.010309278350515464,1.0
14537.0,444,2,279.89,355.56,5.876502528638301,139.945,461,0.004338394793926247,0.9631236442516269
14538.0,94,4,1089.0900000000001,281.75,5.64456311499623,272.27250000000004,521,0.007677543186180422,0.18042226487523993
14540.0,147,10,2985.08,800.36,6.6863102843035085,298.508,570,0.017543859649122806,0.2578947368421053
14541.0,6,13,2353.68,146.0,4.990432586778736,181.0523076923077,539,0.02411873840445269,0.011131725417439703
14542.0,23,1,103.25,0.0,0.0,103.25,23,0.043478260869565216,1.0
14543.0,9,43,11523.53,670.48,6.509484231454214,267.9890697674419,576,0.07465277777777778,0.015625
14544.0,199,2,2079.9,902.53,6.806309313686902,1039.95,308,0.006493506493506494,0.6461038961038961
14545.0,512,1,349.25,0.0,0.0,349.25,512,0.001953125,1.0
14546.0,39,14,3371.52,1629.51,7.396648128298576,240.82285714285715,571,0.024518388791593695,0.06830122591943957
14548.0,155,8,2301.09,326.4,5.791182664937034,287.63625,571,0.014010507880910683,0.2714535901926445
14549.0,149,4,916.5500000000001,0.0,0.0,229.13750000000002,575,0.006956521739130435,0.2591304347826087
14550.0,226,2,587.69,765.62,6.6419912418312865,293.845,321,0.006230529595015576,0.7040498442367601
14551.0,42,8,797.79,60.8,4.123903364463645,99.72375,519,0.015414258188824663,0.08092485549132948
14552.0,218,2,346.21,165.07,5.112409386218662,173.105,430,0.004651162790697674,0.5069767441860465
14553.0,56,7,1269.09,546.95,6.306184041909401,181.29857142857142,347,0.020172910662824207,0.16138328530259366
14555.0,140,6,2180.28,126.2,4.845760650906022,363.38000000000005,559,0.01073345259391771,0.2504472271914132
14556.0,434,3,835.34,0.0,0.0,278.44666666666666,526,0.005703422053231939,0.8250950570342205
14558.0,491,5,614.1,0.0,0.0,122.82000000000001,576,0.008680555555555556,0.8524305555555556
14559.0,228,1,75.6,0.0,0.0,75.6,228,0.0043859649122807015,1.0
14560.0,34,32,5098.3099999999995,952.13,6.859751305683656,159.32218749999998,575,0.05565217391304348,0.059130434782608696
14561.0,22,1,222.07,858.6899999999999,6.756571859148107,222.07,22,0.045454545454545456,1.0
14562.0,21,12,2786.12,3577.73,8.182763267853224,232.17666666666665,508,0.023622047244094488,0.04133858267716536
14563.0,347,2,679.44,0.0,0.0,339.72,430,0.004651162790697674,0.8069767441860465
14564.0,265,5,2519.32,0.0,0.0,503.86400000000003,573,0.008726003490401396,0.462478184991274
14565.0,41,4,2627.15,1206.72,7.096489563548282,656.7875,311,0.012861736334405145,0.13183279742765272
14566.0,255,3,2660.0,1432.0,7.267525427828172,886.6666666666666,371,0.008086253369272238,0.6873315363881402
14568.0,262,2,909.5,0.0,0.0,454.75,273,0.007326007326007326,0.9597069597069597
14569.0,290,3,371.59,227.39,5.431054693986231,123.86333333333333,441,0.006802721088435374,0.6575963718820862
14570.0,118,3,613.75,0.0,0.0,204.58333333333334,281,0.010676156583629894,0.4199288256227758
14571.0,263,1,161.65,0.0,0.0,161.65,263,0.0038022813688212928,1.0
14572.0,92,9,3832.57,1740.71,7.462622668238166,425.8411111111111,459,0.0196078431372549,0.20043572984749455
14573.0,17,17,2571.72,0.0,0.0,151.2776470588235,538,0.031598513011152414,0.031598513011152414
14574.0,570,1,143.70000000000002,0.0,0.0,143.70000000000002,570,0.0017543859649122807,1.0
14575.0,326,1,460.71,0.0,0.0,460.71,326,0.003067484662576687,1.0
14576.0,210,1,70.80000000000001,0.0,0.0,70.80000000000001,210,0.004761904761904762,1.0
14577.0,1,6,1161.18,213.07,5.366303064339131,193.53,566,0.01060070671378092,0.0017667844522968198
14579.0,270,1,105.56,0.0,0.0,105.56,270,0.003703703703703704,1.0
14580.0,356,1,14.850000000000001,0.0,0.0,14.850000000000001,356,0.0028089887640449437,1.0
14581.0,382,1,295.2,138.6,4.938781190328272,295.2,382,0.002617801047120419,1.0
14583.0,3,6,1205.63,575.4,6.356801864125367,200.93833333333336,459,0.013071895424836602,0.006535947712418301
14584.0,7,9,1734.91,0.0,0.0,192.76777777777778,498,0.018072289156626505,0.014056224899598393
14585.0,220,4,986.22,157.05,5.062911438661627,246.555,254,0.015748031496062992,0.8661417322834646
14586.0,65,3,134.16,0.0,0.0,44.72,114,0.02631578947368421,0.5701754385964912
14587.0,22,9,1470.6299999999999,127.61,4.856784569277996,163.4033333333333,169,0.05325443786982249,0.1301775147928994
14588.0,416,1,135.39,0.0,0.0,135.39,416,0.002403846153846154,1.0
14589.0,209,1,79.5,0.0,0.0,79.5,209,0.004784688995215311,1.0
14590.0,262,28,2884.29,0.0,0.0,103.01035714285715,570,0.04912280701754386,0.45964912280701753
14591.0,51,1,250.22,1196.92,7.088341998482375,250.22,51,0.0196078431372549,1.0
14593.0,36,17,3336.77,278.4,5.632644446822861,196.28058823529412,568,0.02992957746478873,0.06338028169014084
14594.0,211,1,510.0,124.83,4.834931789603877,510.0,211,0.004739336492890996,1.0
14595.0,151,3,587.6500000000001,1576.8,7.3637867506609895,195.88333333333335,526,0.005703422053231939,0.2870722433460076
14596.0,464,1,229.47,0.0,0.0,229.47,464,0.0021551724137931034,1.0
14597.0,29,5,1483.49,718.05,6.577930896332388,296.698,275,0.01818181818181818,0.10545454545454545
14598.0,407,2,1.7763568394002505e-15,221.97,5.40703723326228,8.881784197001252e-16,407,0.004914004914004914,1.0
14599.0,228,2,474.54,0.0,0.0,237.27,347,0.005763688760806916,0.6570605187319885
14600.0,143,2,865.1700000000001,0.0,0.0,432.58500000000004,231,0.008658008658008658,0.6190476190476191
14602.0,494,1,205.35999999999999,0.0,0.0,205.35999999999999,494,0.0020242914979757085,1.0
14603.0,112,1,660.0,0.0,0.0,660.0,112,0.008928571428571428,1.0
14604.0,471,1,143.85999999999999,0.0,0.0,143.85999999999999,471,0.0021231422505307855,1.0
14605.0,212,4,937.16,0.0,0.0,234.29,569,0.007029876977152899,0.37258347978910367
14606.0,1,208,25953.05,4141.33,8.329013710438117,124.77427884615385,574,0.3623693379790941,0.0017421602787456446
14607.0,99,11,7899.46,10846.1,9.291653042136653,718.1327272727273,562,0.019572953736654804,0.17615658362989323
14608.0,200,9,1692.29,1581.15,7.366539960520519,188.03222222222223,571,0.01576182136602452,0.3502626970227671
14609.0,15,9,1059.84,306.36,5.728019699020247,117.75999999999999,506,0.017786561264822136,0.029644268774703556
14610.0,233,2,24.35,0.0,0.0,12.175,352,0.005681818181818182,0.6619318181818182
14611.0,277,3,599.38,0.0,0.0,199.79333333333332,436,0.006880733944954129,0.6353211009174312
14612.0,253,1,877.7,0.0,0.0,877.7,253,0.003952569169960474,1.0
14613.0,518,1,76.32000000000001,0.0,0.0,76.32000000000001,518,0.0019305019305019305,1.0
14614.0,224,1,295.13,0.0,0.0,295.13,224,0.004464285714285714,1.0
14615.0,232,6,934.26,0.0,0.0,155.71,386,0.015544041450777202,0.6010362694300518
14616.0,80,5,527.78,0.0,0.0,105.556,386,0.012953367875647668,0.20725388601036268
14617.0,240,2,190.47000000000003,0.0,0.0,95.23500000000001,253,0.007905138339920948,0.9486166007905138
14618.0,175,7,954.03,341.64,5.8366803333071156,136.29,384,0.018229166666666668,0.4557291666666667
14619.0,77,3,1276.31,0.0,0.0,425.43666666666667,379,0.0079155672823219,0.20316622691292877
14620.0,42,3,393.28000000000003,0.0,0.0,131.09333333333333,121,0.024793388429752067,0.34710743801652894
14621.0,25,12,1748.82,1129.45,7.030371062522326,145.73499999999999,576,0.020833333333333332,0.043402777777777776
14622.0,22,1,320.58000000000004,0.0,0.0,320.58000000000004,22,0.045454545454545456,1.0
14623.0,24,8,1559.34,471.49,6.158016582688672,194.9175,440,0.01818181818181818,0.05454545454545454
14624.0,253,4,588.22,225.85,5.424289006109973,147.055,442,0.00904977375565611,0.5723981900452488
14625.0,23,18,4391.53,0.0,0.0,243.97388888888887,566,0.03180212014134275,0.04063604240282685
14626.0,64,10,3187.1,2187.67,7.691049332389527,318.71,567,0.01763668430335097,0.1128747795414462
14627.0,149,3,406.40000000000003,0.0,0.0,135.46666666666667,566,0.00530035335689046,0.26325088339222613
14628.0,80,4,1657.6200000000001,340.38,5.832996226336187,414.40500000000003,521,0.007677543186180422,0.15355086372360843
14630.0,322,1,338.65,0.0,0.0,338.65,322,0.003105590062111801,1.0
14631.0,73,6,1646.27,376.90000000000003,5.934629610355444,274.37833333333333,325,0.018461538461538463,0.2246153846153846
14632.0,100,1,114.56,0.0,0.0,114.56,100,0.01,1.0
14633.0,104,1,344.90000000000003,0.0,0.0,344.90000000000003,104,0.009615384615384616,1.0
14634.0,275,7,1971.82,0.0,0.0,281.68857142857144,422,0.016587677725118485,0.6516587677725119
14635.0,291,1,215.22,0.0,0.0,215.22,291,0.003436426116838488,1.0
14636.0,106,1,300.19,309.66,5.738699066559761,300.19,106,0.009433962264150943,1.0
14637.0,515,1,106.67999999999999,0.0,0.0,106.67999999999999,515,0.001941747572815534,1.0
14639.0,120,7,3197.45,1749.36,7.467576760046992,456.7785714285714,499,0.014028056112224449,0.24048096192384769
14640.0,8,11,2224.98,1239.05,7.122906980366794,202.2709090909091,524,0.02099236641221374,0.015267175572519083
14643.0,8,6,1654.69,0.0,0.0,275.7816666666667,566,0.01060070671378092,0.014134275618374558
14644.0,136,9,1484.51,592.96,6.386811977027861,164.94555555555556,574,0.0156794425087108,0.23693379790940766
14645.0,113,3,483.25,356.99,5.880505053049674,161.08333333333334,472,0.006355932203389831,0.23940677966101695
14646.0,2,120,379810.16,143531.91,11.874319625866972,3165.0846666666666,575,0.20869565217391303,0.0034782608695652175
14647.0,39,2,519.97,0.0,0.0,259.985,361,0.00554016620498615,0.10803324099722991
14648.0,241,19,4458.21,0.0,0.0,234.64263157894737,567,0.03350970017636684,0.42504409171075835
14649.0,50,9,2921.09,833.0699999999999,6.726317331690299,324.5655555555556,526,0.017110266159695818,0.09505703422053231
14650.0,427,1,62.5,0.0,0.0,62.5,427,0.00234192037470726,1.0
14651.0,49,8,1795.84,238.28,5.477634414321693,224.48,469,0.017057569296375266,0.1044776119402985
14653.0,176,6,2011.8,1602.74,7.380093680524592,335.3,575,0.010434782608695653,0.3060869565217391
14654.0,576,1,246.86,0.0,0.0,246.86,576,0.001736111111111111,1.0
14655.0,60,8,2709.64,1119.5900000000001,7.021610611300541,338.705,434,0.018433179723502304,0.1382488479262673
14656.0,7,5,814.65,0.0,0.0,162.93,441,0.011337868480725623,0.015873015873015872
14657.0,120,5,1127.1000000000001,323.82,5.783271182746457,225.42000000000002,273,0.018315018315018316,0.43956043956043955
14659.0,25,6,1328.26,1128.27,7.029326685247924,221.37666666666667,153,0.0392156862745098,0.16339869281045752
14662.0,72,6,1170.02,246.31,5.510642610426367,195.00333333333333,574,0.010452961672473868,0.1254355400696864
14663.0,268,2,490.6,0.0,0.0,245.3,268,0.007462686567164179,1.0
14665.0,134,6,1627.81,544.52,6.301739468212397,271.3016666666667,430,0.013953488372093023,0.3116279069767442
14667.0,9,50,17290.22,4430.37,8.396464070308692,345.80440000000004,575,0.08695652173913043,0.01565217391304348
14668.0,283,1,111.63,0.0,0.0,111.63,283,0.0035335689045936395,1.0
14669.0,79,7,3243.93,0.0,0.0,463.4185714285714,575,0.01217391304347826,0.1373913043478261
14670.0,118,3,602.0,0.0,0.0,200.66666666666666,570,0.005263157894736842,0.20701754385964913
14671.0,387,2,1127.45,0.0,0.0,563.725,406,0.0049261083743842365,0.9532019704433498
14672.0,72,4,1113.14,0.0,0.0,278.285,518,0.007722007722007722,0.138996138996139
14673.0,205,3,2047.9,1362.91,7.218110853821781,682.6333333333333,247,0.012145748987854251,0.8299595141700404
14674.0,347,1,173.66,0.0,0.0,173.66,347,0.002881844380403458,1.0
14675.0,226,1,462.15,604.75,6.406467359696635,462.15,226,0.004424778761061947,1.0
14676.0,45,13,6885.77,1399.72,7.244741669118062,529.6746153846154,477,0.027253668763102725,0.09433962264150944
14677.0,430,1,184.91,0.0,0.0,184.91,430,0.002325581395348837,1.0
14678.0,409,2,386.44,0.0,0.0,193.22,417,0.004796163069544364,0.9808153477218226
14679.0,209,5,1270.3999999999999,0.0,0.0,254.07999999999998,569,0.008787346221441126,0.36731107205623903
14680.0,16,78,43221.2,11580.14,9.357133191877391,554.1179487179487,573,0.13612565445026178,0.027923211169284468
14681.0,49,4,770.1500000000001,105.0,4.663439094112067,192.53750000000002,491,0.008146639511201629,0.09979633401221996
14682.0,25,6,1514.81,0.0,0.0,252.46833333333333,510,0.011764705882352941,0.049019607843137254
14683.0,426,1,146.56,0.0,0.0,146.56,426,0.002347417840375587,1.0
14684.0,53,3,751.53,717.02,6.57649742381348,250.51,228,0.013157894736842105,0.2324561403508772
14685.0,414,13,4324.31,0.0,0.0,332.6392307692308,564,0.02304964539007092,0.7340425531914894
14686.0,252,6,877.88,0.0,0.0,146.31333333333333,497,0.012072434607645875,0.5070422535211268
14687.0,238,2,773.6800000000001,628.38,6.444735207830545,386.84000000000003,389,0.005141388174807198,0.6118251928020566
14688.0,2,21,5168.63,2021.45,7.612064926748193,246.1252380952381,294,0.07142857142857142,0.006802721088435374
14689.0,46,1,112.8,0.0,0.0,112.8,46,0.021739130434782608,1.0
14690.0,230,2,422.63,358.61,5.885020110887118,211.315,248,0.008064516129032258,0.9274193548387096
14691.0,50,1,439.6,1674.73,7.424004170212347,439.6,50,0.02,1.0
14692.0,73,12,1624.34,111.25,4.720728526622364,135.36166666666665,455,0.026373626373626374,0.16043956043956045
14693.0,102,8,1139.86,0.0,0.0,142.4825,363,0.02203856749311295,0.2809917355371901
14694.0,455,1,244.31,0.0,0.0,244.31,455,0.002197802197802198,1.0
14695.0,357,4,1552.57,0.0,0.0,388.1425,570,0.007017543859649123,0.6263157894736842
14696.0,21,7,1851.1100000000001,907.5600000000001,6.811860928583391,264.44428571428574,259,0.02702702702702703,0.08108108108108109
14697.0,56,2,188.60999999999999,0.0,0.0,94.30499999999999,56,0.03571428571428571,1.0
14699.0,52,4,702.6,0.0,0.0,175.65,363,0.011019283746556474,0.14325068870523416
14700.0,27,4,2438.56,677.6999999999999,6.520179203709713,609.64,323,0.01238390092879257,0.08359133126934984
14701.0,10,16,3907.85,591.09,6.383658650356096,244.240625,522,0.03065134099616858,0.019157088122605363
14702.0,119,20,4667.2300000000005,2028.49,7.6155398089448125,233.36150000000004,567,0.03527336860670194,0.20987654320987653
14704.0,18,3,376.78,1436.79,7.270862491455338,125.59333333333332,462,0.006493506493506494,0.03896103896103896
14705.0,36,1,179.0,0.0,0.0,179.0,36,0.027777777777777776,1.0
14706.0,456,1,390.69,0.0,0.0,390.69,456,0.0021929824561403508,1.0
14707.0,273,2,139.2,0.0,0.0,69.6,414,0.004830917874396135,0.6594202898550725
14708.0,198,4,1475.27,707.31,6.5628818509713645,368.8175,293,0.013651877133105802,0.6757679180887372
14709.0,25,19,5888.4800000000005,2978.0,7.999342952713282,309.92,572,0.033216783216783216,0.043706293706293704
14710.0,217,9,1316.46,606.13,6.408742936168337,146.27333333333334,574,0.0156794425087108,0.3780487804878049
14711.0,23,7,1573.39,1264.81,7.143467512452202,224.77,100,0.07,0.23
14712.0,256,1,411.0,917.07,6.822273640436711,411.0,256,0.00390625,1.0
14713.0,24,21,4155.75,1216.72,7.104735536784751,197.89285714285714,574,0.036585365853658534,0.041811846689895474
14714.0,238,6,736.21,160.19,5.08258379340884,122.70166666666667,525,0.011428571428571429,0.4533333333333333
14715.0,136,6,1220.52,619.9300000000001,6.431218354162874,203.42,527,0.011385199240986717,0.25806451612903225
14716.0,282,1,235.77,329.68,5.801151140384475,235.77,282,0.0035460992907801418,1.0
14717.0,571,2,72.8,0.0,0.0,36.4,571,0.0035026269702276708,1.0
14718.0,248,1,226.42,0.0,0.0,226.42,248,0.004032258064516129,1.0
14719.0,17,2,488.12,1104.06,7.0076549111202695,244.06,87,0.022988505747126436,0.19540229885057472
14721.0,217,1,115.77,0.0,0.0,115.77,217,0.004608294930875576,1.0
14722.0,315,2,325.45,187.92000000000002,5.241323645027917,162.725,324,0.006172839506172839,0.9722222222222222
14723.0,196,8,1405.76,687.3000000000001,6.534224789404319,175.72,573,0.013961605584642234,0.34205933682373474
14724.0,428,1,345.25,0.0,0.0,345.25,428,0.002336448598130841,1.0
14725.0,232,4,546.76,718.08,6.577972617178215,136.69,372,0.010752688172043012,0.6236559139784946
14726.0,492,1,124.75,0.0,0.0,124.75,492,0.0020325203252032522,1.0
14727.0,112,4,291.13,0.0,0.0,72.7825,384,0.010416666666666666,0.2916666666666667
14728.0,251,1,190.58,0.0,0.0,190.58,251,0.00398406374501992,1.0
14729.0,211,3,907.38,0.0,0.0,302.46,463,0.0064794816414686825,0.4557235421166307
14730.0,16,4,767.07,1237.99,7.122051810571551,191.7675,114,0.03508771929824561,0.14035087719298245
14731.0,43,2,251.01999999999998,129.0,4.867534450455582,125.50999999999999,50,0.04,0.86
14732.0,24,18,4044.38,1403.14,7.247180294714251,224.6877777777778,568,0.03169014084507042,0.04225352112676056
14733.0,8,13,14850.9,1199.7,7.0906599990366725,1142.376923076923,240,0.05416666666666667,0.03333333333333333
14734.0,254,5,1045.47,0.0,0.0,209.094,389,0.012853470437017995,0.6529562982005142
14735.0,14,45,8730.43,3179.28,8.064724522212487,194.00955555555555,573,0.07853403141361257,0.02443280977312391
14736.0,323,2,401.08,0.0,0.0,200.54,323,0.006191950464396285,1.0
14737.0,191,2,2823.62,730.55,6.595165570824172,1411.81,238,0.008403361344537815,0.8025210084033614
14738.0,37,7,999.39,764.25,6.640202577825522,142.77,570,0.012280701754385965,0.06491228070175438
14739.0,57,23,9678.09,2591.48,7.860370225512691,420.7865217391304,575,0.04,0.09913043478260869
14740.0,29,13,4068.86,0.0,0.0,312.9892307692308,490,0.026530612244897958,0.05918367346938776
14741.0,2,4,1166.11,731.48,6.596436036764202,291.5275,255,0.01568627450980392,0.00784313725490196
14742.0,273,1,579.85,0.0,0.0,579.85,273,0.003663003663003663,1.0
14743.0,430,1,50.48,0.0,0.0,50.48,430,0.002325581395348837,1.0
14744.0,119,15,3649.07,171.95,5.153002535383178,243.27133333333333,408,0.03676470588235294,0.2916666666666667
14745.0,22,14,1852.87,638.59,6.460827346065843,132.34785714285712,475,0.029473684210526315,0.04631578947368421
14746.0,244,4,593.5,0.0,0.0,148.375,261,0.01532567049808429,0.9348659003831418
14747.0,85,2,294.3,0.0,0.0,147.15,87,0.022988505747126436,0.9770114942528736
14748.0,50,14,2027.6299999999999,644.62,6.470211095410226,144.83071428571427,576,0.024305555555555556,0.08680555555555555
14749.0,317,1,310.15,0.0,0.0,310.15,317,0.0031545741324921135,1.0
14750.0,574,1,112.03,0.0,0.0,112.03,574,0.0017421602787456446,1.0
14751.0,522,2,126.45,0.0,0.0,63.225,564,0.0035460992907801418,0.925531914893617
14753.0,298,1,306.36,563.15,6.335320173584455,306.36,298,0.003355704697986577,1.0
14754.0,133,6,1136.5,409.78,6.018057791377503,189.41666666666666,528,0.011363636363636364,0.2518939393939394
14755.0,14,24,7080.45,2771.0,7.927324360309794,295.01875,574,0.041811846689895474,0.024390243902439025
14756.0,212,3,1874.5,738.96,6.606596130683188,624.8333333333334,262,0.011450381679389313,0.8091603053435115
14758.0,43,6,2587.85,277.12,5.628052675230817,431.30833333333334,448,0.013392857142857142,0.09598214285714286
14759.0,70,1,572.25,1053.72,6.961030607840997,572.25,70,0.014285714285714285,1.0
14760.0,132,2,53.8,0.0,0.0,26.9,135,0.014814814814814815,0.9777777777777777
14761.0,172,2,289.52,158.4,5.071416766356115,144.76,282,0.0070921985815602835,0.6099290780141844
14762.0,101,2,417.57,0.0,0.0,208.785,464,0.004310344827586207,0.21767241379310345
14765.0,14,1,80.5,173.61,5.162554915534036,80.5,14,0.07142857142857142,1.0
14766.0,6,12,5489.93,942.0500000000001,6.84911930349718,457.4941666666667,389,0.030848329048843187,0.015424164524421594
14767.0,312,1,382.81,0.0,0.0,382.81,312,0.003205128205128205,1.0
14769.0,39,16,10882.27,4814.4,8.479574394509727,680.141875,561,0.0285204991087344,0.06951871657754011
14770.0,70,9,3624.89,0.0,0.0,402.7655555555555,490,0.018367346938775512,0.14285714285714285
14771.0,443,3,579.92,0.0,0.0,193.30666666666664,574,0.005226480836236934,0.7717770034843205
14773.0,426,2,125.7,0.0,0.0,62.85,430,0.004651162790697674,0.9906976744186047
14774.0,366,1,241.45,0.0,0.0,241.45,366,0.00273224043715847,1.0
14775.0,210,1,813.12,605.3399999999999,6.407440884841794,813.12,210,0.004761904761904762,1.0
14776.0,9,13,2600.12,738.9,6.606515041931505,200.00923076923075,284,0.045774647887323945,0.03169014084507042
14778.0,146,1,334.05,396.81,5.985974504364344,334.05,146,0.00684931506849315,1.0
14779.0,118,3,386.15,0.0,0.0,128.71666666666667,161,0.018633540372670808,0.7329192546583851
14782.0,157,1,200.10000000000002,0.0,0.0,200.10000000000002,157,0.006369426751592357,1.0
14783.0,493,2,305.35,0.0,0.0,152.675,497,0.004024144869215292,0.9919517102615694
14784.0,161,2,274.62,175.31,5.172243809292668,137.31,227,0.00881057268722467,0.7092511013215859
14786.0,388,1,90.96,0.0,0.0,90.96,388,0.002577319587628866,1.0
14787.0,309,1,110.65,0.0,0.0,110.65,309,0.003236245954692557,1.0
14788.0,434,1,476.88,679.4399999999999,6.522739647741382,476.88,434,0.002304147465437788,1.0
14790.0,91,7,1933.72,592.9,6.386710955021814,276.2457142857143,566,0.012367491166077738,0.1607773851590106
14791.0,444,1,303.63,0.0,0.0,303.63,444,0.0022522522522522522,1.0
14793.0,373,1,396.91,214.14,5.371288979003859,396.91,373,0.002680965147453083,1.0
14794.0,41,9,1262.68,626.47,6.441695861098124,140.29777777777778,325,0.027692307692307693,0.12615384615384614
14795.0,4,1,131.45000000000002,0.0,0.0,131.45000000000002,4,0.25,1.0
14796.0,10,29,6726.93,3964.19,8.285309052214677,231.96310344827586,563,0.05150976909413854,0.017761989342806393
14797.0,345,1,300.31,0.0,0.0,300.31,345,0.002898550724637681,1.0
14798.0,148,7,617.05,98.06,4.595725727160092,88.14999999999999,486,0.01440329218106996,0.3045267489711934
14799.0,575,1,180.45,157.7,5.0670156275323635,180.45,575,0.0017391304347826088,1.0
14800.0,29,17,6474.06,941.53,6.848567749054321,380.82705882352946,273,0.06227106227106227,0.10622710622710622
14803.0,113,2,730.79,114.76,4.751519082323228,365.395,130,0.015384615384615385,0.8692307692307693
14805.0,151,4,659.24,445.4,6.101215411067101,164.81,459,0.008714596949891068,0.3289760348583878
14806.0,277,1,110.03999999999999,193.39000000000001,5.269866450374021,110.03999999999999,277,0.0036101083032490976,1.0
14807.0,228,2,519.29,0.0,0.0,259.645,487,0.004106776180698152,0.4681724845995893
14808.0,4,4,867.41,1307.96,7.176988207765388,216.8525,10,0.4,0.4
14809.0,459,2,686.76,0.0,0.0,343.38,459,0.004357298474945534,1.0
14810.0,36,10,1727.84,809.18,6.697256445201006,172.784,267,0.03745318352059925,0.1348314606741573
14811.0,225,1,170.5,0.0,0.0,170.5,225,0.0044444444444444444,1.0
14812.0,436,1,185.8,0.0,0.0,185.8,436,0.0022935779816513763,1.0
14813.0,207,4,1090.87,0.0,0.0,272.7175,448,0.008928571428571428,0.46205357142857145
14814.0,419,1,160.46,0.0,0.0,160.46,419,0.002386634844868735,1.0
14816.0,35,1,271.85,0.0,0.0,271.85,35,0.02857142857142857,1.0
14817.0,38,9,3889.21,0.0,0.0,432.13444444444445,569,0.015817223198594025,0.06678383128295255
14818.0,7,5,922.24,248.17000000000002,5.51813539443367,184.448,485,0.010309278350515464,0.01443298969072165
14819.0,30,3,282.81,187.35,5.23830193413805,94.27,556,0.00539568345323741,0.0539568345323741
14820.0,11,6,907.24,367.52,5.909494984240731,151.20666666666668,515,0.011650485436893204,0.021359223300970873
14821.0,204,7,1286.45,0.0,0.0,183.77857142857144,514,0.013618677042801557,0.3968871595330739
14822.0,323,1,157.70000000000002,0.0,0.0,157.70000000000002,323,0.0030959752321981426,1.0
14823.0,18,3,321.43,0.0,0.0,107.14333333333333,32,0.09375,0.5625
14824.0,217,8,2824.8,1127.71,7.028830666672488,353.1,475,0.016842105263157894,0.4568421052631579
14825.0,7,21,3866.69,1019.59,6.928136170423922,184.12809523809523,450,0.04666666666666667,0.015555555555555555
14826.0,419,2,385.2,0.0,0.0,192.6,533,0.00375234521575985,0.7861163227016885
14828.0,34,14,9803.460000000001,0.0,0.0,700.2471428571429,570,0.02456140350877193,0.05964912280701754
14829.0,22,8,1474.02,165.92,5.117514655723352,184.2525,274,0.029197080291970802,0.08029197080291971
14831.0,412,7,1623.97,0.0,0.0,231.99571428571429,575,0.01217391304347826,0.7165217391304348
14833.0,336,1,94.8,0.0,0.0,94.8,336,0.002976190476190476,1.0
14834.0,70,3,715.1,1469.11,7.293092506905135,238.36666666666667,245,0.012244897959183673,0.2857142857142857
14835.0,365,3,293.09999999999997,0.0,0.0,97.69999999999999,455,0.006593406593406593,0.8021978021978022
14837.0,4,9,2762.06,683.76,6.529068411906578,306.8955555555556,522,0.017241379310344827,0.007662835249042145
14838.0,261,2,773.6700000000001,0.0,0.0,386.83500000000004,574,0.003484320557491289,0.4547038327526132
14839.0,256,3,915.28,0.0,0.0,305.0933333333333,542,0.005535055350553505,0.47232472324723246
14840.0,105,3,340.21,0.0,0.0,113.40333333333332,377,0.007957559681697613,0.27851458885941643
14841.0,17,12,6242.81,920.19,6.8256663124816175,520.2341666666667,575,0.020869565217391306,0.029565217391304348
14842.0,23,4,1381.23,1075.57,6.981535340236099,345.3075,146,0.0273972602739726,0.15753424657534246
14843.0,274,1,211.79999999999998,0.0,0.0,211.79999999999998,274,0.0036496350364963502,1.0
14844.0,14,10,5041.97,1646.46,7.406989986870991,504.197,444,0.02252252252252252,0.03153153153153153
14845.0,437,1,150.0,0.0,0.0,150.0,437,0.002288329519450801,1.0
14846.0,261,2,406.79999999999995,0.0,0.0,203.39999999999998,265,0.007547169811320755,0.9849056603773585
14847.0,238,3,1011.2,309.4,5.737861788309064,337.06666666666666,402,0.007462686567164179,0.5920398009950248
14848.0,242,1,310.56,0.0,0.0,310.56,242,0.004132231404958678,1.0
14849.0,14,36,11029.11,4513.33,8.415012060598153,306.3641666666667,536,0.06716417910447761,0.026119402985074626
14850.0,149,9,1575.21,0.0,0.0,175.02333333333334,406,0.022167487684729065,0.3669950738916256
14851.0,94,2,524.19,305.22,5.724303797876949,262.095,468,0.004273504273504274,0.20085470085470086
14852.0,15,18,4495.19,1628.44,7.395991676488932,249.73277777777776,482,0.03734439834024896,0.03112033195020747
14853.0,49,5,1102.82,248.54999999999998,5.519659295915618,220.564,443,0.011286681715575621,0.11060948081264109
14854.0,2,12,3475.52,826.65,6.718590359706175,289.62666666666667,524,0.022900763358778626,0.003816793893129771
14855.0,312,5,5874.65,645.65,6.471805189861254,1174.9299999999998,448,0.011160714285714286,0.6964285714285714
14857.0,280,7,2413.281,1165.65,7.061891672993068,344.75442857142855,472,0.014830508474576272,0.5932203389830508
14858.0,343,1,180.75,0.0,0.0,180.75,343,0.0029154518950437317,1.0
14859.0,38,3,647.0600000000001,1056.88,6.96402218443544,215.6866666666667,392,0.007653061224489796,0.09693877551020408
14861.0,218,13,1192.61,125.79,4.842532174539857,91.73923076923076,569,0.022847100175746926,0.38312829525483305
14865.0,210,3,114.72,15.0,2.772588722239781,38.24,576,0.005208333333333333,0.3645833333333333
14866.0,204,8,6564.0,14093.77,9.55355908557187,820.5,308,0.025974025974025976,0.6623376623376623
14867.0,23,19,2901.46,0.0,0.0,152.7084210526316,572,0.033216783216783216,0.04020979020979021
14868.0,71,5,1669.75,2500.31,7.824569873616232,333.95,258,0.01937984496124031,0.2751937984496124
14869.0,218,6,2054.85,721.95,6.583340063474135,342.47499999999997,561,0.0106951871657754,0.38859180035650626
14870.0,99,9,1794.6000000000001,0.0,0.0,199.4,521,0.01727447216890595,0.19001919385796545
14871.0,16,8,1091.34,167.63,5.127706965682093,136.4175,576,0.013888888888888888,0.027777777777777776
14872.0,318,4,802.6800000000001,0.0,0.0,200.67000000000002,471,0.008492569002123142,0.6751592356687898
14873.0,48,2,854.13,0.0,0.0,427.065,471,0.004246284501061571,0.10191082802547771
14874.0,373,1,116.18,0.0,0.0,116.18,373,0.002680965147453083,1.0
14875.0,98,4,1750.93,1090.6200000000001,6.995418110395914,437.7325,279,0.014336917562724014,0.35125448028673834
14876.0,359,2,256.7,0.0,0.0,128.35,399,0.005012531328320802,0.899749373433584
14877.0,256,2,437.0,0.0,0.0,218.5,480,0.004166666666666667,0.5333333333333333
14878.0,11,25,3409.7,402.52,6.000226052776554,136.388,494,0.05060728744939271,0.022267206477732792
14879.0,522,1,185.06,0.0,0.0,185.06,522,0.0019157088122605363,1.0
14880.0,23,2,363.27,342.92,5.840409072188026,181.635,126,0.015873015873015872,0.18253968253968253
14882.0,228,13,2836.8500000000004,589.7,6.38130827431319,218.2192307692308,457,0.028446389496717725,0.4989059080962801
14883.0,1,2,358.48,398.15999999999997,5.989362339016112,179.24,49,0.04081632653061224,0.02040816326530612
14884.0,507,1,120.6,0.0,0.0,120.6,507,0.0019723865877712033,1.0
14885.0,265,3,730.8,765.3199999999999,6.6415998370746365,243.6,303,0.009900990099009901,0.8745874587458746
14886.0,90,1,364.8,0.0,0.0,364.8,90,0.011111111111111112,1.0
14888.0,45,1,369.2,0.0,0.0,369.2,45,0.022222222222222223,1.0
14889.0,174,1,135.9,0.0,0.0,135.9,174,0.005747126436781609,1.0
14890.0,91,3,817.25,0.0,0.0,272.4166666666667,497,0.006036217303822937,0.18309859154929578
14891.0,25,3,1001.73,105.0,4.663439094112067,333.91,274,0.010948905109489052,0.09124087591240876
14892.0,528,1,202.35000000000002,0.0,0.0,202.35000000000002,528,0.001893939393939394,1.0
14893.0,405,4,544.41,1237.8500000000001,7.121938808924836,136.1025,455,0.008791208791208791,0.8901098901098901
14894.0,281,4,756.46,655.75,6.4873034285656495,189.115,575,0.006956521739130435,0.48869565217391303
14895.0,14,31,18137.920000000002,6350.9,8.75650925973,585.0941935483871,574,0.05400696864111498,0.024390243902439025
14896.0,42,10,1973.47,0.0,0.0,197.347,571,0.017513134851138354,0.07355516637478109
14897.0,134,6,1909.8600000000001,1190.88,7.083287171416676,318.31,562,0.010676156583629894,0.23843416370106763
14898.0,78,16,2664.27,692.59,6.54188100783068,166.516875,574,0.027874564459930314,0.13588850174216027
14899.0,233,1,1384.88,0.0,0.0,1384.88,233,0.004291845493562232,1.0
14900.0,360,1,13.919999999999998,0.0,0.0,13.919999999999998,360,0.002777777777777778,1.0
14901.0,198,7,1352.81,924.24,6.8300531633181,193.25857142857143,336,0.020833333333333332,0.5892857142857143
14902.0,233,3,686.16,314.11,5.752921784216493,228.72,391,0.0076726342710997444,0.5959079283887468
14903.0,28,7,1740.03,1004.45,6.913190481472077,248.57571428571427,116,0.0603448275862069,0.2413793103448276
14904.0,246,2,615.2,1025.44,6.933851783703411,307.6,265,0.007547169811320755,0.9283018867924528
14905.0,71,8,1648.34,291.35,5.677951714621679,206.0425,574,0.013937282229965157,0.12369337979094076
14907.0,198,17,3575.28,2519.41,7.832176865684216,210.31058823529412,569,0.029876977152899824,0.34797891036906853
14908.0,301,1,104.10000000000001,277.8,5.630494678886369,104.10000000000001,301,0.0033222591362126247,1.0
14909.0,266,5,1380.98,0.0,0.0,276.196,501,0.00998003992015968,0.530938123752495
14911.0,1,355,181058.51,89190.02,11.39853564085453,510.02397183098594,576,0.6163194444444444,0.001736111111111111
14912.0,84,9,389.84999999999985,358.73,5.885353750059451,43.31666666666665,520,0.01730769230769231,0.16153846153846155
14913.0,21,7,3762.85,310.28000000000003,5.740692828676298,537.55,323,0.021671826625386997,0.06501547987616099
14915.0,115,11,1636.1000000000001,116.55000000000001,4.766863774986079,148.73636363636365,574,0.01916376306620209,0.20034843205574912
14916.0,162,7,1918.42,969.79,6.878110173016533,274.06,455,0.015384615384615385,0.35604395604395606
14917.0,434,2,1123.75,0.0,0.0,561.875,434,0.004608294930875576,1.0
14918.0,242,7,4345.66,1610.15,7.384703488712166,620.8085714285714,448,0.015625,0.5401785714285714
14919.0,377,1,359.35,0.0,0.0,359.35,377,0.002652519893899204,1.0
14920.0,50,3,1607.17,0.0,0.0,535.7233333333334,403,0.007444168734491315,0.12406947890818859
14921.0,39,1,903.01,413.06,6.026010890860565,903.01,39,0.02564102564102564,1.0
14922.0,231,2,843.74,0.0,0.0,421.87,345,0.005797101449275362,0.6695652173913044
14924.0,83,3,931.01,0.0,0.0,310.33666666666664,477,0.006289308176100629,0.1740041928721174
14926.0,219,3,337.65,0.0,0.0,112.55,436,0.006880733944954129,0.5022935779816514
14927.0,234,1,308.2,0.0,0.0,308.2,234,0.004273504273504274,1.0
14928.0,457,2,204.46,0.0,0.0,102.23,465,0.004301075268817204,0.9827956989247312
14929.0,259,1,612.8100000000001,223.88,5.415566926598276,612.8100000000001,259,0.003861003861003861,1.0
14930.0,112,7,3867.91,1268.73,7.146559558425191,552.5585714285714,444,0.015765765765765764,0.25225225225225223
14931.0,44,3,293.0,671.6800000000001,6.511269733654549,97.66666666666667,78,0.038461538461538464,0.5641025641025641
14932.0,203,2,1029.66,0.0,0.0,514.83,223,0.008968609865470852,0.9103139013452914
14933.0,281,5,885.0,0.0,0.0,177.0,282,0.01773049645390071,0.9964539007092199
14934.0,120,7,1384.1,1060.0,6.966967138613983,197.72857142857143,279,0.025089605734767026,0.43010752688172044
14935.0,135,2,2849.83,0.0,0.0,1424.915,457,0.00437636761487965,0.29540481400437635
14936.0,13,7,7897.43,4481.03,8.407831347778899,1128.2042857142858,421,0.0166270783847981,0.030878859857482184
14938.0,340,4,2289.43,0.0,0.0,572.3575,400,0.01,0.85
14940.0,255,2,531.49,0.0,0.0,265.745,571,0.0035026269702276708,0.44658493870402804
14941.0,416,1,182.1,0.0,0.0,182.1,416,0.002403846153846154,1.0
14942.0,239,5,706.56,0.0,0.0,141.31199999999998,567,0.008818342151675485,0.42151675485008816
14943.0,501,1,107.62,0.0,0.0,107.62,501,0.001996007984031936,1.0
14944.0,24,16,5624.4,4050.52,8.306847398331888,351.525,498,0.0321285140562249,0.04819277108433735
14945.0,251,1,179.4,0.0,0.0,179.4,251,0.00398406374501992,1.0
14947.0,226,4,758.97,290.82,5.676137173835876,189.7425,462,0.008658008658008658,0.48917748917748916
14948.0,57,1,278.4,788.17,6.670981760248039,278.4,57,0.017543859649122806,1.0
14949.0,297,6,498.55,0.0,0.0,83.09166666666667,559,0.01073345259391771,0.5313059033989267
14952.0,44,37,12736.77,4507.4800000000005,8.413715346864912,344.237027027027,574,0.06445993031358885,0.07665505226480836
14953.0,256,4,715.55,289.82,5.67270451908534,178.8875,273,0.014652014652014652,0.9377289377289377
14954.0,541,1,167.27,336.17,5.820587254198285,167.27,541,0.0018484288354898336,1.0
14955.0,570,1,163.77,0.0,0.0,163.77,570,0.0017543859649122807,1.0
14956.0,259,1,1325.0,0.0,0.0,1325.0,259,0.003861003861003861,1.0
14957.0,91,2,333.29,0.0,0.0,166.645,482,0.004149377593360996,0.1887966804979253
14958.0,23,5,850.54,107.39999999999999,4.685828089005546,170.108,574,0.008710801393728223,0.04006968641114982
14959.0,53,2,422.38,262.59,5.574394865641683,211.19,134,0.014925373134328358,0.39552238805970147
14960.0,9,1,88.3,132.97,4.8976158942888945,88.3,9,0.1111111111111111,1.0
14961.0,56,24,12463.880000000001,3865.02,8.259980833060638,519.3283333333334,573,0.041884816753926704,0.09773123909249563
14962.0,108,4,366.91,0.0,0.0,91.7275,422,0.009478672985781991,0.2559241706161137
14963.0,21,9,1965.03,1193.6,7.085566680298205,218.33666666666667,363,0.024793388429752067,0.05785123966942149
14964.0,85,1,206.21,0.0,0.0,206.21,85,0.011764705882352941,1.0
14966.0,225,5,924.5200000000001,191.32,5.259160651346843,184.90400000000002,562,0.008896797153024912,0.400355871886121
14967.0,279,6,1216.72,463.8,6.141607205537701,202.78666666666666,574,0.010452961672473868,0.48606271777003485
14968.0,296,1,357.4,147.59,5.001190835268256,357.4,296,0.0033783783783783786,1.0
14969.0,541,1,906.23,0.0,0.0,906.23,541,0.0018484288354898336,1.0
14970.0,90,14,2783.59,809.81,6.698033747999568,198.82785714285714,501,0.027944111776447105,0.17964071856287425
14972.0,219,1,30.300000000000004,114.77,4.751605464217637,30.300000000000004,219,0.0045662100456621,1.0
14973.0,63,1,654.6,659.85,6.493526885203816,654.6,63,0.015873015873015872,1.0
14975.0,259,1,192.45,279.94,5.638141123402764,192.45,259,0.003861003861003861,1.0
14976.0,34,4,425.26,340.6,5.833640461914415,106.315,164,0.024390243902439025,0.2073170731707317
14977.0,563,1,31.929999999999996,0.0,0.0,31.929999999999996,563,0.0017761989342806395,1.0
14978.0,73,11,2712.2000000000003,394.14,5.979240132485259,246.5636363636364,428,0.02570093457943925,0.1705607476635514
14979.0,573,1,439.46,0.0,0.0,439.46,573,0.0017452006980802793,1.0
14980.0,575,1,150.68,0.0,0.0,150.68,575,0.0017391304347826088,1.0
14981.0,84,3,313.52,0.0,0.0,104.50666666666666,261,0.011494252873563218,0.3218390804597701
14982.0,410,1,237.78,0.0,0.0,237.78,410,0.0024390243902439024,1.0
14983.0,527,1,183.20000000000002,0.0,0.0,183.20000000000002,527,0.0018975332068311196,1.0
14984.0,18,5,1168.32,103.09,4.645255909527377,233.664,535,0.009345794392523364,0.03364485981308411
14985.0,36,2,296.75,0.0,0.0,148.375,196,0.01020408163265306,0.1836734693877551
14986.0,214,2,566.9,0.0,0.0,283.45,522,0.0038314176245210726,0.4099616858237548
14987.0,203,8,1469.05,163.2,5.101085197018328,183.63125,575,0.01391304347826087,0.35304347826086957
14988.0,49,7,2066.6,0.0,0.0,295.2285714285714,440,0.015909090909090907,0.11136363636363636
14989.0,499,1,342.4,0.0,0.0,342.4,499,0.002004008016032064,1.0
14990.0,450,2,305.42,0.0,0.0,152.71,568,0.0035211267605633804,0.7922535211267606
14991.0,268,1,314.67,0.0,0.0,314.67,268,0.0037313432835820895,1.0
14992.0,280,1,210.5,0.0,0.0,210.5,280,0.0035714285714285713,1.0
14993.0,401,1,36.13,0.0,0.0,36.13,401,0.0024937655860349127,1.0
14994.0,220,8,886.33,0.0,0.0,110.79125,461,0.01735357917570499,0.4772234273318872
14995.0,118,1,119.31,113.92,4.744236234111089,119.31,118,0.00847457627118644,1.0
14996.0,319,2,442.28999999999996,0.0,0.0,221.14499999999998,319,0.006269592476489028,1.0
14997.0,16,2,385.68,385.7,5.957649198613251,192.84,493,0.004056795131845842,0.032454361054766734
14998.0,8,4,770.73,0.0,0.0,192.6825,443,0.009029345372460496,0.01805869074492099
14999.0,430,1,129.48000000000002,0.0,0.0,129.48000000000002,430,0.002325581395348837,1.0
15001.0,232,2,230.85999999999999,0.0,0.0,115.42999999999999,232,0.008620689655172414,1.0
15002.0,134,8,4323.11,494.17,6.204901137952049,540.38875,534,0.0149812734082397,0.250936329588015
15003.0,311,7,1055.7,0.0,0.0,150.81428571428572,520,0.013461538461538462,0.5980769230769231
15005.0,15,60,10709.21,3054.06,8.024554511347368,178.48683333333332,576,0.10416666666666667,0.026041666666666668
15006.0,291,1,323.05,502.09,6.220769080535664,323.05,291,0.003436426116838488,1.0
15008.0,318,2,360.0,0.0,0.0,180.0,475,0.004210526315789474,0.6694736842105263
15011.0,233,2,416.6,0.0,0.0,208.3,254,0.007874015748031496,0.9173228346456693
15012.0,211,2,628.64,231.98,5.450952612971631,314.32,414,0.004830917874396135,0.5096618357487923
15013.0,325,10,1641.3,0.0,0.0,164.13,515,0.019417475728155338,0.6310679611650486
15014.0,14,1,117.72999999999999,142.44,4.965916829296877,117.72999999999999,14,0.07142857142857142,1.0
15015.0,339,20,2275.82,0.0,0.0,113.79100000000001,563,0.035523978685612786,0.6021314387211367
15016.0,10,6,622.3,0.0,0.0,103.71666666666665,381,0.015748031496062992,0.026246719160104987
15018.0,86,3,362.64,204.87,5.327244901621217,120.88,205,0.014634146341463415,0.4195121951219512
15019.0,104,1,266.0,0.0,0.0,266.0,104,0.009615384615384616,1.0
15020.0,217,1,203.42,0.0,0.0,203.42,217,0.004608294930875576,1.0
15021.0,13,11,1701.24,988.35,6.897048161838449,154.65818181818182,336,0.03273809523809524,0.03869047619047619
15022.0,515,1,281.05,905.04,6.809083455178767,281.05,515,0.001941747572815534,1.0
15023.0,7,16,9004.59,3087.6,8.035473192788901,562.786875,512,0.03125,0.013671875
15024.0,134,9,3102.27,973.24,6.881657679860264,344.69666666666666,262,0.03435114503816794,0.5114503816793893
15025.0,406,1,636.08,377.01,5.934920650296115,636.08,406,0.0024630541871921183,1.0
15026.0,78,4,823.39,238.22,5.477383630621318,205.8475,286,0.013986013986013986,0.2727272727272727
15027.0,6,12,2874.86,99.18,4.606968567929471,239.5716666666667,462,0.025974025974025976,0.012987012987012988
15028.0,206,3,716.55,441.16,6.091671807525008,238.85,232,0.01293103448275862,0.8879310344827587
15029.0,456,2,362.15,0.0,0.0,181.075,457,0.00437636761487965,0.9978118161925602
15030.0,106,8,1599.14,365.52000000000004,5.904053090097013,199.8925,483,0.016563146997929608,0.2194616977225673
15031.0,120,13,2340.06,517.31,6.2505735188548,180.0046153846154,569,0.022847100175746926,0.210896309314587
15032.0,94,10,13285.65,0.0,0.0,1328.565,567,0.01763668430335097,0.1657848324514991
15033.0,46,3,1169.14,1401.88,7.246282545439486,389.71333333333337,167,0.017964071856287425,0.2754491017964072
15034.0,70,12,6660.37,1622.08,7.392080857735421,555.0308333333334,415,0.02891566265060241,0.1686746987951807
15036.0,15,2,245.69,219.85999999999999,5.397529016618985,122.845,17,0.11764705882352941,0.8823529411764706
15037.0,214,2,402.51,0.0,0.0,201.255,214,0.009345794392523364,1.0
15038.0,25,7,1121.82,148.14,5.004885462115649,160.26,263,0.026615969581749048,0.09505703422053231
15039.0,9,87,35079.26,4663.7300000000005,8.447785233792954,403.2098850574713,567,0.15343915343915343,0.015873015873015872
15040.0,379,1,7.49,0.0,0.0,7.49,379,0.002638522427440633,1.0
15041.0,8,2,294.02,0.0,0.0,147.01,282,0.0070921985815602835,0.028368794326241134
15042.0,37,2,315.45,0.0,0.0,157.725,433,0.004618937644341801,0.08545034642032333
15043.0,301,5,2336.7999999999997,537.0,6.2878585601617845,467.35999999999996,371,0.013477088948787063,0.8113207547169812
15044.0,14,41,13199.32,2642.21,7.87974936661248,321.93463414634147,561,0.07308377896613191,0.024955436720142603
15045.0,90,2,286.9,346.76,5.851512586680537,143.45,95,0.021052631578947368,0.9473684210526315
15046.0,4,22,5289.87,2293.51,7.738274592073376,240.44863636363635,532,0.041353383458646614,0.007518796992481203
15047.0,107,1,343.62,0.0,0.0,343.62,107,0.009345794392523364,1.0
15048.0,58,2,355.15,124.12,4.829273276797001,177.575,206,0.009708737864077669,0.2815533980582524
15049.0,111,1,121.17000000000002,0.0,0.0,121.17000000000002,111,0.009009009009009009,1.0
15050.0,259,2,2411.7,1727.17,7.454818324154672,1205.85,318,0.006289308176100629,0.8144654088050315
15051.0,217,7,2528.55,1391.61,7.238934963295533,361.2214285714286,576,0.012152777777777778,0.3767361111111111
15052.0,157,1,215.78,0.0,0.0,215.78,157,0.006369426751592357,1.0
15053.0,119,1,222.65,475.14,6.165711928634362,222.65,119,0.008403361344537815,1.0
15055.0,312,3,560.07,0.0,0.0,186.69000000000003,561,0.0053475935828877,0.5561497326203209
15056.0,358,1,133.45,0.0,0.0,133.45,358,0.002793296089385475,1.0
15057.0,113,6,3184.56,0.0,0.0,530.76,572,0.01048951048951049,0.19755244755244755
15058.0,21,12,2263.5,1113.68,7.01632264718743,188.625,491,0.024439918533604887,0.04276985743380855
15059.0,8,23,2822.83,604.79,6.406533391358841,122.73173913043478,571,0.040280210157618214,0.014010507880910683
15061.0,7,121,114136.78,22254.7,10.010353434561232,943.279173553719,576,0.21006944444444445,0.012152777777777778
15062.0,55,7,2411.8,173.82,5.163756873152342,344.54285714285714,448,0.015625,0.12276785714285714
15063.0,51,1,370.79999999999995,0.0,0.0,370.79999999999995,51,0.0196078431372549,1.0
15064.0,248,4,1254.41,0.0,0.0,313.6025,555,0.007207207207207207,0.44684684684684683
15065.0,2,6,3005.33,299.38,5.705048339777434,500.8883333333333,248,0.024193548387096774,0.008064516129032258
15067.0,120,4,2968.42,896.71,6.799847076279522,742.105,445,0.008988764044943821,0.2696629213483146
15068.0,94,3,863.4499999999999,313.4,5.7506660605550515,287.81666666666666,459,0.006535947712418301,0.2047930283224401
15069.0,17,1,1109.53,0.0,0.0,1109.53,17,0.058823529411764705,1.0
15070.0,210,3,843.25,0.0,0.0,281.0833333333333,562,0.005338078291814947,0.3736654804270463
15071.0,113,3,1062.16,393.40000000000003,5.97736562272848,354.05333333333334,408,0.007352941176470588,0.2769607843137255
15072.0,317,1,187.51999999999998,0.0,0.0,187.51999999999998,317,0.0031545741324921135,1.0
15073.0,23,8,2175.59,181.45,5.206476162882456,271.94875,519,0.015414258188824663,0.04431599229287091
15074.0,267,2,817.46,748.87,6.619899858173064,408.73,305,0.006557377049180328,0.8754098360655738
15076.0,10,5,1425.84,0.0,0.0,285.168,360,0.013888888888888888,0.027777777777777776
15077.0,294,4,2423.88,0.0,0.0,605.97,568,0.007042253521126761,0.5176056338028169
15078.0,28,45,12031.630000000001,5544.89,8.620812391864348,267.36955555555556,573,0.07853403141361257,0.04886561954624782
15079.0,50,17,3686.75,0.0,0.0,216.86764705882354,569,0.029876977152899824,0.08787346221441125
15080.0,265,2,546.25,0.0,0.0,273.125,339,0.0058997050147492625,0.7817109144542773
15081.0,42,10,1691.52,256.75,5.551990122897069,169.152,373,0.02680965147453083,0.1126005361930295
15082.0,506,1,93.35000000000001,0.0,0.0,93.35000000000001,506,0.001976284584980237,1.0
15083.0,94,1,88.2,0.0,0.0,88.2,94,0.010638297872340425,1.0
15084.0,217,2,965.2,0.0,0.0,482.6,483,0.004140786749482402,0.4492753623188406
15085.0,567,1,347.54,0.0,0.0,347.54,567,0.001763668430335097,1.0
15086.0,402,2,218.53,0.0,0.0,109.265,463,0.004319654427645789,0.8682505399568035
15087.0,119,1,306.94,0.0,0.0,306.94,119,0.008403361344537815,1.0
15090.0,146,1,381.32,0.0,0.0,381.32,146,0.00684931506849315,1.0
15091.0,309,4,546.15,476.96,6.169527046981553,136.5375,576,0.006944444444444444,0.5364583333333334
15092.0,53,4,773.16,0.0,0.0,193.29,300,0.013333333333333334,0.17666666666666667
15093.0,37,32,12457.54,1200.34,7.091192879434288,389.298125,569,0.056239015817223195,0.06502636203866433
15094.0,301,2,83.0,0.0,0.0,41.5,482,0.004149377593360996,0.6244813278008299
15095.0,24,8,2535.64,600.1,6.398761310045116,316.955,525,0.015238095238095238,0.045714285714285714
15097.0,421,4,338.97,248.08,5.517774130004251,84.7425,421,0.009501187648456057,1.0
15098.0,20,5,649.5,0.0,0.0,129.9,20,0.25,1.0
15100.0,168,14,2319.5,0.0,0.0,165.67857142857142,539,0.025974025974025976,0.3116883116883117
15101.0,175,10,1088.24,215.25,5.376435145811989,108.824,428,0.02336448598130841,0.4088785046728972
15102.0,368,2,554.67,0.0,0.0,277.335,384,0.005208333333333333,0.9583333333333334
15104.0,4,3,1002.54,0.0,0.0,334.18,120,0.025,0.03333333333333333
15105.0,268,2,795.98,2298.93,7.740633966671485,397.99,464,0.004310344827586207,0.5775862068965517
15106.0,49,2,778.45,629.28,6.446164165093845,389.225,107,0.018691588785046728,0.45794392523364486
15107.0,149,12,856.26,0.0,0.0,71.355,289,0.04152249134948097,0.5155709342560554
15108.0,20,4,614.95,676.8,6.5188522591729505,153.7375,65,0.06153846153846154,0.3076923076923077
15109.0,78,4,961.9,0.0,0.0,240.475,573,0.006980802792321117,0.13612565445026178
15110.0,115,4,670.9,809.1,6.697157696836445,167.725,323,0.01238390092879257,0.3560371517027864
15111.0,210,3,1451.89,1278.98,7.154599731791591,483.96333333333337,430,0.0069767441860465115,0.4883720930232558
15112.0,449,1,209.4,0.0,0.0,209.4,449,0.0022271714922048997,1.0
15114.0,20,6,1666.81,1733.31,7.458364918755024,277.8016666666667,259,0.023166023166023165,0.07722007722007722
15115.0,555,2,187.99,340.11,5.832205005910728,93.995,570,0.0035087719298245615,0.9736842105263158
15116.0,42,1,479.65,873.1,6.773194785586442,479.65,42,0.023809523809523808,1.0
15117.0,53,4,1246.5900000000001,1237.73,7.121841940206091,311.64750000000004,472,0.00847457627118644,0.11228813559322035
15119.0,83,1,266.4,0.0,0.0,266.4,83,0.012048192771084338,1.0
15121.0,126,1,295.15,162.57,5.097241033270434,295.15,126,0.007936507936507936,1.0
15122.0,34,14,3760.35,701.07,6.554033114154306,268.5964285714286,457,0.030634573304157548,0.07439824945295405
15123.0,44,4,3526.33,1129.84,7.030715998380943,881.5825,471,0.008492569002123142,0.09341825902335456
15124.0,29,3,357.38,93.44,4.547964712217312,119.12666666666667,489,0.006134969325153374,0.05930470347648262
15125.0,9,25,13285.52,2838.81,7.951492427508802,531.4208,456,0.05482456140350877,0.019736842105263157
15126.0,374,2,449.49,0.0,0.0,224.745,525,0.0038095238095238095,0.7123809523809523
15127.0,357,1,304.97,406.53,6.010114549603027,304.97,357,0.0028011204481792717,1.0
15128.0,2,7,1119.32,612.9,6.419832048433451,159.90285714285713,268,0.026119402985074626,0.007462686567164179
15129.0,14,19,5214.11,1646.07,7.406753230792388,274.4268421052631,448,0.04241071428571429,0.03125
15130.0,7,1,330.11,0.0,0.0,330.11,7,0.14285714285714285,1.0
15131.0,232,1,80.28,0.0,0.0,80.28,232,0.004310344827586207,1.0
15132.0,37,2,489.87,488.06,6.192485181334421,244.935,100,0.02,0.37
15133.0,95,4,1482.38,324.52,5.7854239036934345,370.595,358,0.0111731843575419,0.26536312849162014
15134.0,15,5,619.38,976.9100000000001,6.885417641260422,123.876,260,0.019230769230769232,0.057692307692307696
15135.0,71,3,293.78,0.0,0.0,97.92666666666666,394,0.007614213197969543,0.1802030456852792
15137.0,358,5,747.55,0.0,0.0,149.51,569,0.008787346221441126,0.6291739894551845
15138.0,223,2,486.59000000000003,0.0,0.0,243.29500000000002,231,0.008658008658008658,0.9653679653679653
15139.0,77,2,178.96,0.0,0.0,89.48,174,0.011494252873563218,0.4425287356321839
15140.0,29,5,2012.6399999999999,1226.8,7.112979228993396,402.52799999999996,280,0.017857142857142856,0.10357142857142858
15141.0,295,9,1378.31,0.0,0.0,153.14555555555555,459,0.0196078431372549,0.6427015250544662
15142.0,248,6,2110.23,498.74,6.214087963175304,351.705,338,0.01775147928994083,0.7337278106508875
15143.0,63,2,563.63,0.0,0.0,281.815,270,0.007407407407407408,0.23333333333333334
15144.0,55,21,7121.09,4885.42,8.494215208008733,339.0995238095238,564,0.03723404255319149,0.0975177304964539
15145.0,65,2,724.03,470.7,6.156343190290216,362.015,86,0.023255813953488372,0.7558139534883721
15146.0,2,3,1313.66,0.0,0.0,437.8866666666667,129,0.023255813953488372,0.015503875968992248
15147.0,56,2,608.65,0.0,0.0,304.325,78,0.02564102564102564,0.717948717948718
15149.0,414,4,1033.81,520.8000000000001,6.257284372702628,258.4525,487,0.008213552361396304,0.8501026694045175
15150.0,24,5,5004.68,3985.9,8.290769265551885,1000.936,381,0.013123359580052493,0.06299212598425197
15151.0,261,2,2085.61,0.0,0.0,1042.805,347,0.005763688760806916,0.7521613832853026
15152.0,9,4,1231.43,3966.54,8.285901534265307,307.8575,539,0.0074211502782931356,0.016697588126159554
15154.0,316,2,1091.99,240.27,5.485916638337356,545.995,316,0.006329113924050633,1.0
15155.0,221,1,383.96999999999997,0.0,0.0,383.96999999999997,221,0.004524886877828055,1.0
15157.0,195,4,1773.26,814.28,6.703531612520438,443.315,567,0.007054673721340388,0.3439153439153439
15158.0,238,2,36.25999999999999,401.40000000000003,5.9974466187855295,18.129999999999995,239,0.008368200836820083,0.99581589958159
15159.0,9,21,9594.61,12454.79,9.42994085402682,456.8861904761905,269,0.07806691449814127,0.03345724907063197
15160.0,195,4,589.27,0.0,0.0,147.3175,259,0.015444015444015444,0.752895752895753
15161.0,226,1,119.92,0.0,0.0,119.92,226,0.004424778761061947,1.0
15162.0,566,2,241.5,0.0,0.0,120.75,569,0.0035149384885764497,0.9947275922671354
15163.0,30,1,155.0,149.47,5.013763728770787,155.0,30,0.03333333333333333,1.0
15164.0,46,9,1577.15,474.87,6.1651447076866015,175.2388888888889,528,0.017045454545454544,0.08712121212121213
15165.0,211,1,975.5,0.0,0.0,975.5,211,0.004739336492890996,1.0
15166.0,305,1,167.16,0.0,0.0,167.16,305,0.003278688524590164,1.0
15167.0,158,5,1659.67,0.0,0.0,331.934,511,0.009784735812133072,0.30919765166340507
15169.0,220,2,569.22,0.0,0.0,284.61,564,0.0035460992907801418,0.3900709219858156
15170.0,244,1,81.15,0.0,0.0,81.15,244,0.004098360655737705,1.0
15171.0,162,2,1034.5,0.0,0.0,517.25,169,0.011834319526627219,0.9585798816568047
15172.0,34,2,526.2,1097.85,7.00201945737222,263.1,74,0.02702702702702703,0.4594594594594595
15173.0,218,8,1399.26,0.0,0.0,174.9075,455,0.017582417582417582,0.47912087912087914
15174.0,160,2,481.46,0.0,0.0,240.73,248,0.008064516129032258,0.6451612903225806
15176.0,434,2,985.09,0.0,0.0,492.545,505,0.0039603960396039604,0.8594059405940594
15177.0,263,1,948.93,0.0,0.0,948.93,263,0.0038022813688212928,1.0
15178.0,98,1,40.5,0.0,0.0,40.5,98,0.01020408163265306,1.0
15179.0,71,14,6679.24,747.58,6.618178078575899,477.0885714285714,574,0.024390243902439025,0.12369337979094076
15180.0,205,3,904.4300000000001,0.0,0.0,301.4766666666667,427,0.00702576112412178,0.48009367681498827
15181.0,13,7,693.9699999999999,254.48,5.543144128693388,99.13857142857141,569,0.012302284710017574,0.022847100175746926
15182.0,106,13,2690.382,252.37,5.534850870981006,206.95246153846153,517,0.025145067698259187,0.20502901353965183
15183.0,385,4,637.03,0.0,0.0,159.2575,422,0.009478672985781991,0.9123222748815166
15184.0,28,3,518.42,171.53,5.150571134393773,172.80666666666664,561,0.0053475935828877,0.049910873440285206
15186.0,6,4,1221.05,182.15,5.210305489224823,305.2625,534,0.00749063670411985,0.011235955056179775
15187.0,6,2,1038.8,3631.2799999999997,8.197615829260721,519.4,50,0.04,0.12
15188.0,563,1,310.43,0.0,0.0,310.43,563,0.0017761989342806395,1.0
15189.0,1,35,7209.73,9891.4,9.199522064540304,205.9922857142857,347,0.10086455331412104,0.002881844380403458
15190.0,272,1,834.4399999999999,0.0,0.0,834.4399999999999,272,0.003676470588235294,1.0
15191.0,301,3,588.05,0.0,0.0,196.01666666666665,526,0.005703422053231939,0.5722433460076045
15192.0,29,4,1675.06,306.33,5.727922088842681,418.765,517,0.007736943907156673,0.05609284332688588
15194.0,8,32,8651.92,3535.76,8.17096633278963,270.3725,574,0.05574912891986063,0.013937282229965157
15196.0,270,2,316.25,0.0,0.0,158.125,564,0.0035460992907801418,0.4787234042553192
15197.0,90,8,1125.25,302.59,5.715678106902588,140.65625,566,0.014134275618374558,0.15901060070671377
15198.0,245,4,365.81,193.64,5.2711516984752675,91.4525,527,0.007590132827324478,0.4648956356736243
15199.0,73,8,2510.85,611.55,6.41763057174018,313.85625,413,0.01937046004842615,0.17675544794188863
15200.0,332,1,549.05,0.0,0.0,549.05,332,0.0030120481927710845,1.0
15201.0,38,7,1188.55,337.35,5.824080862678235,169.79285714285714,449,0.015590200445434299,0.08463251670378619
15203.0,36,11,3265.28,1134.9,7.035180567237376,296.8436363636364,569,0.019332161687170474,0.0632688927943761
15204.0,195,1,316.58,0.0,0.0,316.58,195,0.005128205128205128,1.0
15206.0,113,1,17.700000000000003,402.59999999999997,6.000424288479453,17.700000000000003,113,0.008849557522123894,1.0
15207.0,247,5,653.77,0.0,0.0,130.754,385,0.012987012987012988,0.6415584415584416
15208.0,1,3,423.91999999999996,544.1,6.300969264070235,141.30666666666664,261,0.011494252873563218,0.0038314176245210726
15209.0,568,1,178.98000000000002,0.0,0.0,178.98000000000002,568,0.0017605633802816902,1.0
15210.0,63,3,1176.19,0.0,0.0,392.06333333333333,413,0.007263922518159807,0.15254237288135594
15211.0,203,1,766.14,511.34000000000003,6.2389884671475695,766.14,203,0.0049261083743842365,1.0
15212.0,77,3,195.42999999999998,0.0,0.0,65.14333333333333,214,0.014018691588785047,0.3598130841121495
15213.0,156,3,325.05,0.0,0.0,108.35000000000001,167,0.017964071856287425,0.9341317365269461
15214.0,21,2,651.63,1009.8100000000001,6.91850726861904,325.815,80,0.025,0.2625
15215.0,107,7,839.67,656.79,6.488885731450287,119.95285714285714,450,0.015555555555555555,0.23777777777777778
15216.0,456,1,389.49,96.6,4.580877493419047,389.49,456,0.0021929824561403508,1.0
15217.0,401,1,426.24,0.0,0.0,426.24,401,0.0024937655860349127,1.0
15218.0,16,18,8146.71,3309.29,8.10479107782634,452.595,520,0.03461538461538462,0.03076923076923077
15219.0,14,2,685.45,0.0,0.0,342.725,486,0.00411522633744856,0.02880658436213992
15220.0,7,5,926.77,832.15,6.725213697984633,185.35399999999998,118,0.0423728813559322,0.059322033898305086
15221.0,204,7,1816.1000000000001,0.0,0.0,259.4428571428572,475,0.014736842105263158,0.42947368421052634
15222.0,156,17,3415.66,0.0,0.0,200.92117647058822,561,0.030303030303030304,0.27807486631016043
15223.0,63,6,1117.1,0.0,0.0,186.1833333333333,572,0.01048951048951049,0.11013986013986014
15224.0,196,8,837.26,0.0,0.0,104.6575,531,0.015065913370998116,0.3691148775894539
15225.0,72,1,409.40000000000003,0.0,0.0,409.40000000000003,72,0.013888888888888888,1.0
15226.0,148,1,154.41,0.0,0.0,154.41,148,0.006756756756756757,1.0
15227.0,53,7,2145.91,342.58,5.8394199811983,306.5585714285714,471,0.014861995753715499,0.11252653927813164
15228.0,7,4,3447.01,2123.5099999999998,7.661296466533669,861.7525,337,0.011869436201780416,0.020771513353115726
15229.0,424,1,160.5,0.0,0.0,160.5,424,0.0023584905660377358,1.0
15230.0,77,2,429.6,0.0,0.0,214.8,78,0.02564102564102564,0.9871794871794872
15231.0,434,2,228.35999999999999,0.0,0.0,114.17999999999999,459,0.004357298474945534,0.9455337690631809
15233.0,239,1,59.400000000000006,0.0,0.0,59.400000000000006,239,0.0041841004184100415,1.0
15234.0,114,1,197.0,0.0,0.0,197.0,114,0.008771929824561403,1.0
15235.0,55,16,2937.81,0.0,0.0,183.613125,226,0.07079646017699115,0.24336283185840707
15236.0,136,1,321.05,0.0,0.0,321.05,136,0.007352941176470588,1.0
15237.0,41,2,1093.65,318.67,5.767289213689638,546.825,65,0.03076923076923077,0.6307692307692307
15238.0,13,3,284.69,771.85,6.6500849805983275,94.89666666666666,22,0.13636363636363635,0.5909090909090909
15240.0,29,18,3653.81,661.1899999999999,6.49555252382123,202.98944444444444,572,0.03146853146853147,0.050699300699300696
15241.0,21,8,2341.23,691.08,6.539701555872119,292.65375,492,0.016260162601626018,0.042682926829268296
15242.0,260,1,302.04,0.0,0.0,302.04,260,0.0038461538461538464,1.0
15243.0,273,1,610.6,316.68,5.7610445868229965,610.6,273,0.003663003663003663,1.0
15244.0,86,3,516.5500000000001,333.63,5.813025443828249,172.18333333333337,504,0.005952380952380952,0.17063492063492064
15245.0,25,7,3832.72,778.12,6.658165077652944,547.5314285714286,433,0.016166281755196306,0.057736720554272515
15246.0,76,3,780.4,0.0,0.0,260.1333333333333,393,0.007633587786259542,0.19338422391857507
15247.0,302,3,611.11,356.0,5.877735781779639,203.70333333333335,375,0.008,0.8053333333333333
15248.0,249,4,1865.03,0.0,0.0,466.2575,372,0.010752688172043012,0.6693548387096774
15249.0,34,12,5322.71,3824.44,8.249428772324624,443.55916666666667,461,0.026030368763557483,0.0737527114967462
15250.0,478,1,60.0,0.0,0.0,60.0,478,0.0020920502092050207,1.0
15251.0,16,20,15207.74,4887.86,8.494714426455811,760.387,517,0.03868471953578337,0.030947775628626693
15252.0,21,6,1612.83,440.23,6.0895662814412255,268.805,449,0.013363028953229399,0.0467706013363029
15253.0,7,7,1291.84,741.4499999999999,6.609955528342071,184.54857142857142,424,0.01650943396226415,0.01650943396226415
15254.0,384,3,773.04,300.36,5.708305563383786,257.68,576,0.005208333333333333,0.6666666666666666
15255.0,234,10,2779.92,890.85,6.793297957004312,277.992,574,0.017421602787456445,0.4076655052264808
15256.0,399,1,71.95,98.45,4.599655005299981,71.95,399,0.002506265664160401,1.0
15257.0,119,3,600.9,0.0,0.0,200.29999999999998,252,0.011904761904761904,0.4722222222222222
15258.0,6,2,623.16,0.0,0.0,311.58,55,0.03636363636363636,0.10909090909090909
15259.0,350,4,1182.3799999999999,0.0,0.0,295.59499999999997,520,0.007692307692307693,0.6730769230769231
15260.0,24,27,8588.09,510.29,6.236936943905255,318.0774074074074,571,0.047285464098073555,0.04203152364273205
15261.0,219,3,1253.18,254.82,5.544474072171247,417.7266666666667,272,0.011029411764705883,0.8051470588235294
15262.0,161,3,418.82,0.0,0.0,139.60666666666665,326,0.009202453987730062,0.4938650306748466
15264.0,317,2,450.46000000000004,393.74,5.978227320325962,225.23000000000002,368,0.005434782608695652,0.8614130434782609
15265.0,73,3,2551.76,793.88,6.678191159865005,850.5866666666667,576,0.005208333333333333,0.1267361111111111
15266.0,176,6,841.7,0.0,0.0,140.28333333333333,539,0.011131725417439703,0.32653061224489793
15267.0,20,1,1035.76,681.6,6.525909036472607,1035.76,20,0.05,1.0
15268.0,316,4,941.2500000000001,0.0,0.0,235.31250000000003,443,0.009029345372460496,0.7133182844243793
15269.0,218,2,816.56,408.8,6.0156692358048,408.28,228,0.008771929824561403,0.956140350877193
15270.0,76,27,6168.14,1025.85,6.934251142786102,228.44962962962964,560,0.048214285714285716,0.1357142857142857
15271.0,18,16,3064.17,1575.12,7.362721409651139,191.510625,329,0.0486322188449848,0.0547112462006079
15272.0,288,4,1363.54,721.94,6.58332623116324,340.885,501,0.007984031936127744,0.5748502994011976
15273.0,437,1,228.96,0.0,0.0,228.96,437,0.002288329519450801,1.0
15276.0,232,4,495.71999999999997,135.31,4.914931703582751,123.92999999999999,272,0.014705882352941176,0.8529411764705882
15277.0,263,1,220.44,255.89999999999998,5.548686904115838,220.44,263,0.0038022813688212928,1.0
15278.0,399,4,496.15999999999997,0.0,0.0,124.03999999999999,503,0.007952286282306162,0.7932405566600398
15279.0,192,7,1541.74,0.0,0.0,220.24857142857144,513,0.01364522417153996,0.3742690058479532
15280.0,10,3,406.21999999999997,0.0,0.0,135.40666666666667,409,0.007334963325183374,0.02444987775061125
15281.0,24,19,7912.88,404.74,6.005712560373183,416.46736842105264,265,0.07169811320754717,0.09056603773584905
15282.0,408,1,348.59,0.0,0.0,348.59,408,0.0024509803921568627,1.0
15283.0,228,4,135.43,0.0,0.0,33.8575,356,0.011235955056179775,0.6404494382022472
15284.0,338,1,24.75,0.0,0.0,24.75,338,0.0029585798816568047,1.0
15285.0,245,1,94.92,0.0,0.0,94.92,245,0.004081632653061225,1.0
15287.0,217,3,369.34000000000003,485.24,6.186702329168483,123.11333333333334,575,0.0052173913043478265,0.3773913043478261
15288.0,38,8,3200.61,682.52,6.527255916891721,400.07625,503,0.015904572564612324,0.07554671968190854
15289.0,87,4,1011.0600000000001,559.65,6.329096824906889,252.76500000000001,459,0.008714596949891068,0.1895424836601307
15290.0,41,19,4537.73,5817.85,8.668857926699399,238.82789473684207,491,0.038696537678207736,0.0835030549898167
15291.0,10,49,12089.210000000001,1362.03,7.21746544172577,246.71857142857144,574,0.08536585365853659,0.017421602787456445
15292.0,39,1,180.94,0.0,0.0,180.94,39,0.02564102564102564,1.0
15293.0,503,1,247.5,0.0,0.0,247.5,503,0.0019880715705765406,1.0
15294.0,238,2,222.3,0.0,0.0,111.15,248,0.008064516129032258,0.9596774193548387
15295.0,492,1,217.23999999999998,0.0,0.0,217.23999999999998,492,0.0020325203252032522,1.0
15296.0,13,15,8677.31,1546.6200000000001,7.344473545978832,578.4873333333333,525,0.02857142857142857,0.024761904761904763
15298.0,25,20,6359.13,1996.9,7.5998519079059035,317.9565,569,0.0351493848857645,0.043936731107205626
15299.0,2,12,5819.62,1424.0,7.261927092702751,484.9683333333333,576,0.020833333333333332,0.003472222222222222
15301.0,10,12,5346.2,2215.01,7.703463560492372,445.51666666666665,288,0.041666666666666664,0.034722222222222224
15302.0,560,2,291.05,0.0,0.0,145.525,568,0.0035211267605633804,0.9859154929577465
15303.0,128,4,1178.78,0.0,0.0,294.695,521,0.007677543186180422,0.2456813819577735
15304.0,1,9,702.95,202.5,5.31566600488265,78.10555555555555,259,0.03474903474903475,0.003861003861003861
15305.0,393,1,93.6,0.0,0.0,93.6,393,0.002544529262086514,1.0
15306.0,338,7,2306.63,1174.35,7.069321254563527,329.5185714285714,497,0.014084507042253521,0.6800804828973843
15308.0,108,2,302.27,0.0,0.0,151.135,112,0.017857142857142856,0.9642857142857143
15309.0,448,10,715.53,0.0,0.0,71.553,573,0.017452006980802792,0.7818499127399651
15310.0,316,1,1634.64,0.0,0.0,1634.64,316,0.0031645569620253164,1.0
15311.0,1,218,90498.71,23014.36,10.043917098101634,415.1316972477064,576,0.3784722222222222,0.001736111111111111
15312.0,53,12,2599.54,316.95,5.7618941377134165,216.62833333333333,561,0.0213903743315508,0.0944741532976827
15314.0,37,4,800.65,0.0,0.0,200.1625,266,0.015037593984962405,0.13909774436090225
15316.0,164,1,165.0,0.0,0.0,165.0,164,0.006097560975609756,1.0
15317.0,515,2,112.05000000000001,0.0,0.0,56.025000000000006,569,0.0035149384885764497,0.9050966608084359
15319.0,121,1,204.5,0.0,0.0,204.5,121,0.008264462809917356,1.0
15321.0,129,15,5069.39,1491.26,7.308047028316304,337.95933333333335,560,0.026785714285714284,0.23035714285714284
15322.0,314,1,711.18,602.97,6.403524527827104,711.18,314,0.0031847133757961785,1.0
15323.0,371,4,320.9,0.0,0.0,80.225,499,0.008016032064128256,0.7434869739478958
15324.0,539,1,140.22000000000003,0.0,0.0,140.22000000000003,539,0.0018552875695732839,1.0
15325.0,233,8,1434.52,162.29,5.0955277611142185,179.315,499,0.01603206412825651,0.46693386773547096
15326.0,171,10,1529.82,0.0,0.0,152.982,576,0.017361111111111112,0.296875
15328.0,245,1,107.24,0.0,0.0,107.24,245,0.004081632653061225,1.0
15329.0,9,17,2028.88,714.1,6.57242239305435,119.34588235294119,563,0.03019538188277087,0.015985790408525755
15331.0,337,4,755.41,0.0,0.0,188.8525,447,0.008948545861297539,0.7539149888143176
15332.0,204,6,6553.74,0.0,0.0,1092.29,351,0.017094017094017096,0.5811965811965812
15333.0,46,1,1028.56,0.0,0.0,1028.56,46,0.021739130434782608,1.0
15334.0,1,2,224.14000000000001,127.53,4.85616234012204,112.07000000000001,11,0.18181818181818182,0.09090909090909091
15336.0,239,1,240.5,0.0,0.0,240.5,239,0.0041841004184100415,1.0
15337.0,240,2,344.72,0.0,0.0,172.36,249,0.008032128514056224,0.963855421686747
15338.0,515,1,283.43,0.0,0.0,283.43,515,0.001941747572815534,1.0
15339.0,156,9,1334.42,299.67,5.70601331780756,148.2688888888889,507,0.01775147928994083,0.3076923076923077
15340.0,399,1,105.5,0.0,0.0,105.5,399,0.002506265664160401,1.0
15341.0,287,2,380.5,2020.52,7.611604982675218,190.25,398,0.005025125628140704,0.7211055276381909
15346.0,170,4,591.65,0.0,0.0,147.9125,269,0.01486988847583643,0.6319702602230484
15347.0,204,6,1333.9,0.0,0.0,222.3166666666667,275,0.02181818181818182,0.7418181818181818
15349.0,25,1,366.11,107.7,4.688591794127164,366.11,25,0.04,1.0
15350.0,211,2,663.25,0.0,0.0,331.625,221,0.00904977375565611,0.9547511312217195
15351.0,207,7,2014.32,1600.8600000000001,7.378920733047962,287.76,270,0.025925925925925925,0.7666666666666667
15352.0,386,1,114.95,0.0,0.0,114.95,386,0.0025906735751295338,1.0
15353.0,92,8,3154.05,0.0,0.0,394.25625,575,0.01391304347826087,0.16
15356.0,13,9,2306.02,1158.93,7.056114937452002,256.22444444444443,260,0.03461538461538462,0.05
15358.0,16,44,13277.9,3559.45,8.177642220352084,301.7704545454545,570,0.07719298245614035,0.028070175438596492
15359.0,392,9,162.6,0.0,0.0,18.066666666666666,531,0.01694915254237288,0.7382297551789078
15361.0,199,4,689.07,0.0,0.0,172.2675,381,0.010498687664041995,0.5223097112860893
15362.0,286,2,613.08,0.0,0.0,306.54,576,0.003472222222222222,0.4965277777777778
15363.0,79,3,996.16,0.0,0.0,332.05333333333334,330,0.00909090909090909,0.23939393939393938
15364.0,92,1,331.80000000000007,581.39,6.367140326405394,331.80000000000007,92,0.010869565217391304,1.0
15365.0,153,7,2451.42,1121.8400000000001,7.023616469075822,350.20285714285717,511,0.0136986301369863,0.299412915851272
15366.0,196,6,1892.11,496.97,6.210539834246238,315.35166666666663,489,0.012269938650306749,0.40081799591002043
15367.0,41,11,4544.32,461.40999999999997,6.136451943421901,413.11999999999995,567,0.019400352733686066,0.07231040564373897
15368.0,232,1,275.8,446.94000000000005,6.104659294874325,275.8,232,0.004310344827586207,1.0
15370.0,41,4,2480.9,1232.61,7.117700109131591,620.225,248,0.016129032258064516,0.16532258064516128
15371.0,500,1,59.400000000000006,0.0,0.0,59.400000000000006,500,0.002,1.0
15372.0,288,9,3947.02,2007.3999999999999,7.605093664160551,438.5577777777778,501,0.017964071856287425,0.5748502994011976
15373.0,11,13,2322.98,895.61,6.798620984904737,178.69076923076923,424,0.030660377358490566,0.025943396226415096
15374.0,462,1,139.32,168.0,5.1298987149230735,139.32,462,0.0021645021645021645,1.0
15375.0,528,1,60.959999999999994,0.0,0.0,60.959999999999994,528,0.001893939393939394,1.0
15376.0,60,1,654.17,579.19,6.363355636102716,654.17,60,0.016666666666666666,1.0
15377.0,220,5,1179.95,0.0,0.0,235.99,253,0.019762845849802372,0.8695652173913043
15378.0,300,2,246.5,0.0,0.0,123.25,339,0.0058997050147492625,0.8849557522123894
15379.0,7,9,4806.4400000000005,0.0,0.0,534.048888888889,238,0.037815126050420166,0.029411764705882353
15380.0,203,8,1969.94,1452.2600000000002,7.28156458768629,246.2425,576,0.013888888888888888,0.3524305555555556
15381.0,51,6,1887.62,0.0,0.0,314.6033333333333,421,0.014251781472684086,0.12114014251781473
15382.0,17,18,9817.91,3828.59,8.250513026836119,545.4394444444445,573,0.031413612565445025,0.029668411867364748
15384.0,7,5,2014.49,0.0,0.0,402.898,430,0.011627906976744186,0.01627906976744186
15385.0,230,2,625.2,316.88,5.761673953071979,312.6,515,0.003883495145631068,0.44660194174757284
15386.0,24,1,394.14,0.0,0.0,394.14,24,0.041666666666666664,1.0
15387.0,330,1,468.65,0.0,0.0,468.65,330,0.0030303030303030303,1.0
15388.0,108,1,140.54,0.0,0.0,140.54,108,0.009259259259259259,1.0
15389.0,10,5,2733.8,0.0,0.0,546.76,519,0.009633911368015413,0.019267822736030827
15390.0,234,2,1216.66,0.0,0.0,608.33,247,0.008097165991902834,0.9473684210526315
15391.0,408,2,282.92,0.0,0.0,141.46,422,0.004739336492890996,0.966824644549763
15392.0,196,5,1695.27,1196.55,7.088033082066856,339.054,269,0.01858736059479554,0.7286245353159851
15393.0,119,4,783.58,107.76,4.68914361976427,195.895,562,0.0071174377224199285,0.2117437722419929
15394.0,42,11,4504.3,747.1,6.617536658878359,409.4818181818182,562,0.019572953736654804,0.07473309608540925
15395.0,163,1,107.45,0.0,0.0,107.45,163,0.006134969325153374,1.0
15396.0,421,1,508.20000000000005,288.18,5.66704933159998,508.20000000000005,421,0.0023752969121140144,1.0
15397.0,127,1,94.0,0.0,0.0,94.0,127,0.007874015748031496,1.0
15400.0,15,6,995.4,257.4,5.554508771908447,165.9,398,0.01507537688442211,0.03768844221105527
15401.0,290,2,216.95000000000002,0.0,0.0,108.47500000000001,406,0.0049261083743842365,0.7142857142857143
15402.0,34,6,1630.86,185.78,5.229931453681572,271.81,429,0.013986013986013986,0.07925407925407925
15403.0,329,2,170.88,0.0,0.0,85.44,568,0.0035211267605633804,0.579225352112676
15404.0,213,1,257.06,0.0,0.0,257.06,213,0.004694835680751174,1.0
15405.0,27,2,659.84,0.0,0.0,329.92,414,0.004830917874396135,0.06521739130434782
15406.0,139,3,717.45,174.32,5.166612875550609,239.15,291,0.010309278350515464,0.47766323024054985
15407.0,21,3,740.73,315.71,5.757986528669713,246.91,143,0.02097902097902098,0.14685314685314685
15408.0,102,1,267.18,0.0,0.0,267.18,102,0.00980392156862745,1.0
15409.0,539,2,117.2,0.0,0.0,58.6,559,0.0035778175313059034,0.964221824686941
15410.0,10,7,3596.81,1088.91,6.993850403006858,513.83,437,0.016018306636155607,0.02288329519450801
15411.0,20,1,156.4,1189.98,7.0825317766030516,156.4,20,0.05,1.0
15412.0,9,1,190.53,0.0,0.0,190.53,9,0.1111111111111111,1.0
15414.0,80,1,36.2,738.7,6.606244698593822,36.2,80,0.0125,1.0
15415.0,151,1,572.8100000000001,0.0,0.0,572.8100000000001,151,0.006622516556291391,1.0
15416.0,77,6,2854.71,1699.94,7.438936318405135,475.785,514,0.011673151750972763,0.14980544747081712
15418.0,263,2,452.32,0.0,0.0,226.16,424,0.0047169811320754715,0.6202830188679245
15420.0,272,6,743.0,0.0,0.0,123.83333333333333,572,0.01048951048951049,0.4755244755244755
15421.0,53,9,3594.34,211.0,5.356586274672012,399.37111111111113,570,0.015789473684210527,0.09298245614035087
15422.0,161,8,1615.02,0.0,0.0,201.8775,508,0.015748031496062992,0.3169291338582677
15423.0,419,3,175.64,43.5,3.7954891891721947,58.54666666666666,459,0.006535947712418301,0.9128540305010894
15424.0,92,3,597.78,0.0,0.0,199.26,301,0.009966777408637873,0.30564784053156147
15425.0,238,4,1944.57,0.0,0.0,486.1425,501,0.007984031936127744,0.4750499001996008
15426.0,95,7,1821.08,771.87,6.650110858506359,260.1542857142857,424,0.01650943396226415,0.2240566037735849
15428.0,225,3,668.97,93.78,4.551558416539442,222.99,560,0.005357142857142857,0.4017857142857143
15430.0,305,3,903.75,0.0,0.0,301.25,366,0.00819672131147541,0.8333333333333334
15431.0,340,1,153.24,0.0,0.0,153.24,340,0.0029411764705882353,1.0
15432.0,365,3,130.07,171.19,5.148598518298095,43.35666666666666,379,0.0079155672823219,0.9630606860158312
15434.0,37,9,1782.5900000000001,734.5200000000001,6.600577732057918,198.06555555555556,522,0.017241379310344827,0.07088122605363985
15436.0,72,1,489.05,633.48,6.452805765775064,489.05,72,0.013888888888888888,1.0
15437.0,100,2,393.45,0.0,0.0,196.725,478,0.0041841004184100415,0.20920502092050208
15439.0,242,4,1269.05,0.0,0.0,317.2625,491,0.008146639511201629,0.49287169042769857
15440.0,46,1,125.8,257.88,5.5563646338701265,125.8,46,0.021739130434782608,1.0
15441.0,234,3,1254.21,0.0,0.0,418.07,568,0.00528169014084507,0.4119718309859155
15442.0,86,1,594.0,0.0,0.0,594.0,86,0.011627906976744186,1.0
15443.0,158,9,2341.69,2774.45,7.928568175195835,260.1877777777778,480,0.01875,0.32916666666666666
15445.0,102,2,284.5,0.0,0.0,142.25,428,0.004672897196261682,0.2383177570093458
15446.0,214,5,398.85,0.0,0.0,79.77000000000001,564,0.008865248226950355,0.37943262411347517
15447.0,168,6,484.93,0.0,0.0,80.82166666666667,463,0.012958963282937365,0.36285097192224625
15448.0,150,2,788.81,0.0,0.0,394.405,512,0.00390625,0.29296875
15449.0,23,3,646.05,325.17,5.787418717839867,215.35,99,0.030303030303030304,0.23232323232323232
15451.0,272,2,233.21,0.0,0.0,116.605,437,0.004576659038901602,0.6224256292906178
15452.0,102,4,1507.63,291.48,5.678396288265786,376.9075,349,0.011461318051575931,0.2922636103151863
15453.0,7,2,345.03000000000003,1043.34,6.951140385921542,172.51500000000001,25,0.08,0.28
15454.0,200,2,307.69,0.0,0.0,153.845,456,0.0043859649122807015,0.43859649122807015
15455.0,435,1,38.25,0.0,0.0,38.25,435,0.0022988505747126436,1.0
15456.0,121,10,2119.27,0.0,0.0,211.927,569,0.01757469244288225,0.2126537785588752
15457.0,100,1,237.07,0.0,0.0,237.07,100,0.01,1.0
15458.0,240,1,208.79999999999998,161.64,5.091539169320091,208.79999999999998,240,0.004166666666666667,1.0
15459.0,255,2,202.82999999999998,0.0,0.0,101.41499999999999,335,0.005970149253731343,0.7611940298507462
15460.0,192,1,216.76,0.0,0.0,216.76,192,0.005208333333333333,1.0
15461.0,298,3,391.29999999999995,0.0,0.0,130.4333333333333,576,0.005208333333333333,0.5173611111111112
15462.0,25,2,607.45,129.6,4.8721392168423305,303.725,283,0.007067137809187279,0.08833922261484099
15464.0,176,1,1048.85,0.0,0.0,1048.85,176,0.005681818181818182,1.0
15465.0,18,33,10312.49,1913.6599999999999,7.5572953401597385,312.49969696969697,567,0.0582010582010582,0.031746031746031744
15466.0,227,3,1236.48,334.53,5.815711371192059,412.16,574,0.005226480836236934,0.39547038327526135
15468.0,198,3,947.77,439.71,6.088387062763634,315.92333333333335,230,0.013043478260869565,0.8608695652173913
15469.0,265,2,329.90000000000003,504.5,6.225548038460526,164.95000000000002,276,0.007246376811594203,0.9601449275362319
15470.0,413,1,63.419999999999995,0.0,0.0,63.419999999999995,413,0.002421307506053269,1.0
15471.0,218,2,847.0799999999999,469.48,6.153753450151701,423.53999999999996,388,0.005154639175257732,0.5618556701030928
15473.0,282,1,274.8,1465.2,7.290429298789486,274.8,282,0.0035460992907801418,1.0
15474.0,433,1,163.1,0.0,0.0,163.1,433,0.0023094688221709007,1.0
15476.0,218,5,2180.28,0.0,0.0,436.05600000000004,280,0.017857142857142856,0.7785714285714286
15477.0,487,1,368.4,0.0,0.0,368.4,487,0.002053388090349076,1.0
15478.0,413,1,583.56,1441.42,7.274077537572236,583.56,413,0.002421307506053269,1.0
15479.0,571,1,147.4,0.0,0.0,147.4,571,0.0017513134851138354,1.0
15480.0,303,6,2686.75,905.5,6.809591030194905,447.7916666666667,514,0.011673151750972763,0.5894941634241245
15481.0,239,1,1993.34,0.0,0.0,1993.34,239,0.0041841004184100415,1.0
15482.0,3,12,3642.6099999999997,4465.22,8.40429769227056,303.5508333333333,575,0.020869565217391306,0.0052173913043478265
15483.0,104,7,743.24,118.96,4.787158353880808,106.17714285714285,522,0.013409961685823755,0.19923371647509577
15484.0,378,2,1061.69,3563.11,8.17866965231194,530.845,572,0.0034965034965034965,0.6608391608391608
15485.0,174,7,4328.14,1296.37,7.1680944173421945,618.3057142857143,576,0.012152777777777778,0.3020833333333333
15486.0,365,1,102.0,0.0,0.0,102.0,365,0.0027397260273972603,1.0
15487.0,517,1,231.32,0.0,0.0,231.32,517,0.0019342359767891683,1.0
15488.0,294,4,340.6,91.32000000000001,4.52526080275979,85.15,421,0.009501187648456057,0.6983372921615202
15489.0,49,9,1585.5900000000001,741.77,6.610386440940812,176.17666666666668,531,0.01694915254237288,0.09227871939736347
15490.0,268,2,188.1,0.0,0.0,94.05,268,0.007462686567164179,1.0
15491.0,17,5,2400.71,690.1400000000001,6.5383424081664705,480.142,73,0.0684931506849315,0.2328767123287671
15493.0,87,7,3251.68,1028.75,6.93707133331619,464.5257142857143,492,0.014227642276422764,0.17682926829268292
15494.0,316,4,2471.72,1299.23,7.170296450877509,617.93,567,0.007054673721340388,0.5573192239858906
15495.0,217,1,246.5,0.0,0.0,246.5,217,0.004608294930875576,1.0
15496.0,469,1,146.14000000000001,0.0,0.0,146.14000000000001,469,0.0021321961620469083,1.0
15497.0,150,10,8351.86,291.6,5.678806488586024,835.186,559,0.017889087656529516,0.26833631484794274
15498.0,6,40,19135.71,4725.1,8.460855617065947,478.39275,561,0.07130124777183601,0.0106951871657754
15499.0,561,1,161.6,0.0,0.0,161.6,561,0.0017825311942959,1.0
15501.0,242,2,402.5,0.0,0.0,201.25,253,0.007905138339920948,0.9565217391304348
15502.0,2,14,5333.69,3339.8399999999997,8.113977551356664,380.9778571428571,392,0.03571428571428571,0.00510204081632653
15503.0,200,2,267.15,0.0,0.0,133.575,564,0.0035460992907801418,0.3546099290780142
15504.0,358,4,361.07,52.83,3.985830932572866,90.2675,503,0.007952286282306162,0.7117296222664016
15506.0,219,3,1060.77,979.26,6.88781784259962,353.59,315,0.009523809523809525,0.6952380952380952
15507.0,9,1,492.36,0.0,0.0,492.36,9,0.1111111111111111,1.0
15508.0,27,6,1000.27,0.0,0.0,166.71166666666667,73,0.0821917808219178,0.3698630136986301
15509.0,218,1,166.51,0.0,0.0,166.51,218,0.0045871559633027525,1.0
15510.0,168,1,250.0,0.0,0.0,250.0,168,0.005952380952380952,1.0
15512.0,197,3,311.78,19.799999999999997,3.034952986707272,103.92666666666666,514,0.005836575875486381,0.3832684824902724
15513.0,13,33,19686.53,7577.92,8.933125988274066,596.5615151515151,533,0.06191369606003752,0.024390243902439025
15514.0,63,15,3844.7599999999998,1577.52,7.364242978174352,256.3173333333333,573,0.02617801047120419,0.1099476439790576
15515.0,225,1,171.81,0.0,0.0,171.81,225,0.0044444444444444444,1.0
15517.0,71,1,267.03,0.0,0.0,267.03,71,0.014084507042253521,1.0
15518.0,53,16,3164.81,938.97,6.845847959861142,197.800625,557,0.02872531418312388,0.09515260323159784
15519.0,221,2,344.61,0.0,0.0,172.305,284,0.007042253521126761,0.778169014084507
15521.0,50,16,5642.57,1031.87,6.940096614152799,352.660625,541,0.029574861367837338,0.09242144177449169
15523.0,226,17,16808.03,412.01000000000005,6.023471805742962,988.7076470588235,575,0.029565217391304348,0.39304347826086955
15524.0,444,1,151.4,440.0,6.089044875446846,151.4,444,0.0022522522522522522,1.0
15525.0,211,2,783.71,497.09,6.210780783587805,391.855,220,0.00909090909090909,0.9590909090909091
15527.0,20,25,3840.25,1201.53,7.092182949693667,153.61,562,0.04448398576512456,0.03558718861209965
15528.0,92,1,229.33,0.0,0.0,229.33,92,0.010869565217391304,1.0
15529.0,48,8,3048.93,2035.57,7.619022299195996,381.11625,232,0.034482758620689655,0.20689655172413793
15530.0,7,3,1302.25,511.47,6.2392421727138645,434.0833333333333,350,0.008571428571428572,0.02
15532.0,4,9,3033.06,674.99,6.51617828303414,337.00666666666666,387,0.023255813953488372,0.0103359173126615
15534.0,563,1,162.25,0.0,0.0,162.25,563,0.0017761989342806395,1.0
15535.0,11,10,985.82,0.0,0.0,98.58200000000001,287,0.03484320557491289,0.03832752613240418
15536.0,247,1,259.09,0.0,0.0,259.09,247,0.004048582995951417,1.0
15537.0,1,1,110.92,0.0,0.0,110.92,1,1.0,1.0
15538.0,375,11,3027.15,0.0,0.0,275.19545454545454,501,0.021956087824351298,0.7485029940119761
15540.0,213,1,247.38,213.3,5.367376902479531,247.38,213,0.004694835680751174,1.0
15542.0,350,4,895.9,0.0,0.0,223.975,575,0.006956521739130435,0.6086956521739131
15543.0,126,2,242.84,0.0,0.0,121.42,297,0.006734006734006734,0.42424242424242425
15544.0,11,20,6669.1,1465.02,7.29030652491834,333.45500000000004,518,0.03861003861003861,0.021235521235521235
15545.0,209,1,270.65999999999997,157.39000000000001,5.065060346074329,270.65999999999997,209,0.004784688995215311,1.0
15546.0,444,3,539.5500000000001,0.0,0.0,179.85000000000002,444,0.006756756756756757,1.0
15547.0,32,21,7590.58,2550.31,7.844362231730904,361.4561904761905,571,0.03677758318739054,0.05604203152364273
15548.0,433,1,158.09,0.0,0.0,158.09,433,0.0023094688221709007,1.0
15549.0,153,7,1557.3,751.16,6.622949067275821,222.47142857142856,535,0.013084112149532711,0.28598130841121494
15550.0,8,12,1699.01,296.59,5.6957167002438345,141.58416666666668,574,0.020905923344947737,0.013937282229965157
15551.0,232,8,1223.22,436.06,6.080070485442007,152.9025,388,0.020618556701030927,0.5979381443298969
15552.0,55,2,252.52,0.0,0.0,126.26,461,0.004338394793926247,0.1193058568329718
15554.0,115,1,217.2,0.0,0.0,217.2,115,0.008695652173913044,1.0
15555.0,13,36,9077.05,2667.03,7.889095651350108,252.14027777777775,571,0.06304728546409807,0.02276707530647986
15558.0,477,2,143.32999999999998,0.0,0.0,71.66499999999999,477,0.0041928721174004195,1.0
15559.0,406,1,1109.4,0.0,0.0,1109.4,406,0.0024630541871921183,1.0
15560.0,235,2,153.52,0.0,0.0,76.76,235,0.00851063829787234,1.0
15561.0,53,5,1399.55,456.99,6.126847349814683,279.90999999999997,501,0.00998003992015968,0.10578842315369262
15562.0,189,3,673.3800000000001,0.0,0.0,224.46000000000004,564,0.005319148936170213,0.3351063829787234
15563.0,38,6,2197.14,584.0699999999999,6.371731498193053,366.19,518,0.011583011583011582,0.07335907335907337
15564.0,301,2,70.74000000000001,0.0,0.0,35.370000000000005,514,0.0038910505836575876,0.585603112840467
15566.0,230,2,227.87,0.0,0.0,113.935,562,0.0035587188612099642,0.4092526690391459
15569.0,170,6,2499.14,1087.21,6.992289423496828,416.5233333333333,487,0.012320328542094456,0.3490759753593429
15570.0,44,23,7606.89,1640.1,7.4031220276855825,330.73434782608695,459,0.05010893246187364,0.09586056644880174
15571.0,224,10,3401.2,650.4300000000001,6.47916994643317,340.12,571,0.017513134851138354,0.3922942206654991
15572.0,86,6,2391.85,1676.82,7.4252506107130625,398.64166666666665,442,0.013574660633484163,0.19457013574660634
15573.0,456,3,599.73,607.45,6.410914739782809,199.91,567,0.005291005291005291,0.8042328042328042
15574.0,15,7,1476.7,0.0,0.0,210.95714285714286,302,0.023178807947019868,0.04966887417218543
15575.0,457,1,30.1,0.0,0.0,30.1,457,0.002188183807439825,1.0
15577.0,143,3,168.75,229.23,5.439078809256279,56.25,564,0.005319148936170213,0.25354609929078015
15579.0,151,6,1118.25,149.0,5.0106352940962555,186.375,270,0.022222222222222223,0.5592592592592592
15580.0,214,14,1221.95,0.0,0.0,87.28214285714286,508,0.027559055118110236,0.421259842519685
15581.0,10,38,3021.65,2776.13,7.92917329931877,79.5171052631579,575,0.06608695652173913,0.017391304347826087
15582.0,58,1,303.61,379.3,5.940960414934214,303.61,58,0.017241379310344827,1.0
15583.0,214,1,107.86,0.0,0.0,107.86,214,0.004672897196261682,1.0
15584.0,237,2,552.39,722.61,6.584252573215587,276.195,508,0.003937007874015748,0.46653543307086615
15585.0,14,1,455.3,0.0,0.0,455.3,14,0.07142857142857142,1.0
15586.0,429,4,1128.66,0.0,0.0,282.165,538,0.007434944237918215,0.7973977695167286
15587.0,189,4,953.28,568.8000000000001,6.345285422063808,238.32,329,0.0121580547112462,0.574468085106383
15588.0,515,1,579.6,0.0,0.0,579.6,515,0.001941747572815534,1.0
15589.0,90,4,456.58,0.0,0.0,114.145,148,0.02702702702702703,0.6081081081081081
15590.0,127,6,1466.41,0.0,0.0,244.40166666666667,444,0.013513513513513514,0.28603603603603606
15591.0,420,3,217.9,0.0,0.0,72.63333333333334,511,0.005870841487279843,0.821917808219178
15594.0,70,2,263.66,1503.87,7.316461794714576,131.83,72,0.027777777777777776,0.9722222222222222
15595.0,325,1,357.6,0.0,0.0,357.6,325,0.003076923076923077,1.0
15596.0,37,15,3006.69,16.9,2.884800712846709,200.446,337,0.04451038575667656,0.10979228486646884
15597.0,413,1,238.8,315.71999999999997,5.758018102797875,238.8,413,0.002421307506053269,1.0
15598.0,265,1,307.34,235.68,5.466709017808493,307.34,265,0.0037735849056603774,1.0
15599.0,42,2,937.15,312.90999999999997,5.749106320619863,468.575,283,0.007067137809187279,0.14840989399293286
15600.0,266,5,1178.71,0.0,0.0,235.74200000000002,431,0.01160092807424594,0.617169373549884
15601.0,8,30,13290.06,1629.16,7.396433448492681,443.002,576,0.052083333333333336,0.013888888888888888
15602.0,38,20,2233.8,742.17,6.61092482069997,111.69000000000001,575,0.034782608695652174,0.06608695652173913
15603.0,471,2,26.25,48.480000000000004,3.9015685475242874,13.125,486,0.00411522633744856,0.9691358024691358
15605.0,90,8,1425.3500000000001,508.05,6.232546243553204,178.16875000000002,532,0.015037593984962405,0.16917293233082706
15606.0,8,15,4446.99,286.48,5.661153292600242,296.466,485,0.030927835051546393,0.016494845360824743
15607.0,174,13,1578.57,0.0,0.0,121.42846153846153,538,0.024163568773234202,0.32342007434944237
15608.0,253,1,692.3,1093.68,6.998217362097996,692.3,253,0.003952569169960474,1.0
15609.0,20,2,270.03000000000003,0.0,0.0,135.01500000000001,22,0.09090909090909091,0.9090909090909091
15611.0,1,24,1820.75,1037.6200000000001,6.945648187916511,75.86458333333333,521,0.046065259117082535,0.0019193857965451055
15613.0,448,1,433.71999999999997,0.0,0.0,433.71999999999997,448,0.002232142857142857,1.0
15614.0,266,7,3008.86,0.0,0.0,429.83714285714285,576,0.012152777777777778,0.4618055555555556
15615.0,21,42,16112.79,5169.28,8.5506821246433,383.6378571428572,575,0.07304347826086957,0.036521739130434785
15616.0,276,1,317.11,0.0,0.0,317.11,276,0.0036231884057971015,1.0
15617.0,234,3,828.5500000000001,0.0,0.0,276.18333333333334,345,0.008695652173913044,0.6782608695652174
15620.0,41,6,1239.59,670.34,6.509275715047685,206.59833333333333,247,0.024291497975708502,0.1659919028340081
15622.0,28,24,6594.55,723.53,6.5855231687709495,274.7729166666667,539,0.04452690166975881,0.05194805194805195
15623.0,231,7,2136.02,301.03,5.7105263501895465,305.1457142857143,567,0.012345679012345678,0.4074074074074074
15624.0,44,2,311.4,276.73,5.626649418726377,155.7,94,0.02127659574468085,0.46808510638297873
15625.0,15,10,2627.71,575.54,6.357044721517231,262.771,380,0.02631578947368421,0.039473684210526314
15626.0,167,3,655.45,393.92,5.978683212743249,218.48333333333335,259,0.011583011583011582,0.6447876447876448
15627.0,295,2,566.9,0.0,0.0,283.45,360,0.005555555555555556,0.8194444444444444
15628.0,20,14,3742.84,1860.52,7.529148637278692,267.3457142857143,564,0.024822695035460994,0.03546099290780142
15629.0,288,4,2240.9,0.0,0.0,560.225,370,0.010810810810810811,0.7783783783783784
15630.0,38,3,685.96,789.49,6.672653006348133,228.65333333333334,482,0.006224066390041493,0.07883817427385892
15631.0,480,1,596.67,0.0,0.0,596.67,480,0.0020833333333333333,1.0
15632.0,20,5,1540.76,1606.55,7.382466559827115,308.152,112,0.044642857142857144,0.17857142857142858
15633.0,347,18,4173.41,0.0,0.0,231.8561111111111,569,0.03163444639718805,0.6098418277680141
15634.0,221,1,311.1,243.55,5.499419786985366,311.1,221,0.004524886877828055,1.0
15635.0,233,1,100.35,0.0,0.0,100.35,233,0.004291845493562232,1.0
15636.0,120,3,1026.52,418.06,6.038014107760962,342.17333333333335,407,0.007371007371007371,0.29484029484029484
15637.0,251,4,574.23,223.36,5.413251904640136,143.5575,562,0.0071174377224199285,0.44661921708185054
15638.0,139,9,2137.2,0.0,0.0,237.46666666666664,519,0.017341040462427744,0.2678227360308285
15639.0,287,4,603.01,425.32,6.055190237988527,150.7525,443,0.009029345372460496,0.6478555304740407
15640.0,23,26,18159.59,5675.82,8.644146495780612,698.4457692307692,563,0.046181172291296625,0.04085257548845471
15641.0,98,11,4763.7300000000005,581.82,6.367878390822143,433.0663636363637,571,0.01926444833625219,0.17162872154115585
15642.0,567,1,105.78000000000002,0.0,0.0,105.78000000000002,567,0.001763668430335097,1.0
15643.0,17,6,647.4,0.0,0.0,107.89999999999999,120,0.05,0.14166666666666666
15644.0,4,4,813.0,0.0,0.0,203.25,99,0.04040404040404041,0.04040404040404041
15645.0,240,3,430.56,612.01,6.418381249016855,143.52,263,0.011406844106463879,0.9125475285171103
15646.0,80,5,844.51,107.60000000000001,4.687671407499836,168.902,248,0.020161290322580645,0.3225806451612903
15647.0,253,1,169.0,0.0,0.0,169.0,253,0.003952569169960474,1.0
15648.0,42,4,599.9,0.0,0.0,149.975,105,0.0380952380952381,0.4
15649.0,174,4,2170.35,0.0,0.0,542.5875,225,0.017777777777777778,0.7733333333333333
15650.0,353,3,539.03,0.0,0.0,179.67666666666665,466,0.006437768240343348,0.7575107296137339
15651.0,98,3,840.08,418.98,6.040207091095972,280.0266666666667,434,0.0069124423963133645,0.22580645161290322
15652.0,225,5,1074.1,337.74,5.825232851462975,214.82,323,0.015479876160990712,0.6965944272445821
15655.0,71,2,511.32,0.0,0.0,255.66,81,0.024691358024691357,0.8765432098765432
15656.0,16,3,563.63,184.87,5.225047504620262,187.87666666666667,122,0.02459016393442623,0.13114754098360656
15658.0,28,13,2270.34,0.0,0.0,174.64153846153846,574,0.02264808362369338,0.04878048780487805
15659.0,224,2,226.04,306.45,5.7283124723994785,113.02,491,0.004073319755600814,0.45621181262729127
15660.0,34,12,1906.05,858.09,6.7558736894877995,158.8375,510,0.023529411764705882,0.06666666666666667
15661.0,155,8,1215.95,0.0,0.0,151.99375,416,0.019230769230769232,0.37259615384615385
15662.0,499,2,283.73,0.0,0.0,141.865,576,0.003472222222222222,0.8663194444444444
15664.0,197,6,825.92,386.43,5.959535187313809,137.65333333333334,487,0.012320328542094456,0.40451745379876797
15665.0,6,5,4015.12,0.0,0.0,803.024,473,0.010570824524312896,0.012684989429175475
15666.0,310,2,632.9399999999999,0.0,0.0,316.46999999999997,333,0.006006006006006006,0.9309309309309309
15668.0,55,1,76.32000000000001,0.0,0.0,76.32000000000001,55,0.01818181818181818,1.0
15669.0,7,3,428.09000000000003,249.6,5.523858042461968,142.6966666666667,101,0.0297029702970297,0.06930693069306931
15670.0,134,3,315.2,0.0,0.0,105.06666666666666,394,0.007614213197969543,0.3401015228426396
15671.0,80,5,1016.13,1619.3600000000001,7.3904036257609516,203.226,108,0.046296296296296294,0.7407407407407407
15672.0,563,1,45.300000000000004,0.0,0.0,45.300000000000004,563,0.0017761989342806395,1.0
15673.0,52,8,5314.55,1095.29,6.9996870310480865,664.31875,493,0.016227180527383367,0.10547667342799188
15674.0,51,17,5150.91,1066.94,6.973486838166717,302.99470588235295,569,0.029876977152899824,0.08963093145869948
15675.0,118,2,263.35,278.69,5.633681846976712,131.675,242,0.008264462809917356,0.48760330578512395
15676.0,51,2,877.4,2446.69,7.802900001626528,438.7,121,0.01652892561983471,0.4214876033057851
15677.0,259,2,648.4,657.23,6.489554414321968,324.2,301,0.006644518272425249,0.8604651162790697
15678.0,233,2,1541.19,352.7,5.868449096211435,770.595,360,0.005555555555555556,0.6472222222222223
15679.0,20,1,178.22,603.06,6.403673530749492,178.22,20,0.05,1.0
15680.0,204,10,3609.69,854.79,6.752025018941322,360.969,575,0.017391304347826087,0.35478260869565215
15681.0,21,13,2237.06,243.14000000000001,5.497741831241654,172.08153846153846,402,0.03233830845771144,0.05223880597014925
15682.0,437,3,316.99,0.0,0.0,105.66333333333334,525,0.005714285714285714,0.8323809523809523
15683.0,311,1,330.79,193.75,5.271716684750857,330.79,311,0.003215434083601286,1.0
15684.0,385,6,147.8,0.0,0.0,24.633333333333336,573,0.010471204188481676,0.6719022687609075
15685.0,288,1,55.980000000000004,0.0,0.0,55.980000000000004,288,0.003472222222222222,1.0
15686.0,258,1,90.0,0.0,0.0,90.0,258,0.003875968992248062,1.0
15687.0,23,7,1667.8500000000001,1313.65,7.181325749489269,238.26428571428573,168,0.041666666666666664,0.13690476190476192
15688.0,256,1,190.57,0.0,0.0,190.57,256,0.00390625,1.0
15689.0,199,2,370.43,150.6,5.021245473208271,185.215,455,0.004395604395604396,0.43736263736263736
15691.0,90,5,511.8,0.0,0.0,102.36,571,0.008756567425569177,0.15761821366024517
15693.0,497,1,37.5,0.0,0.0,37.5,497,0.002012072434607646,1.0
15694.0,14,24,7392.84,3173.62,8.062943219124596,308.035,570,0.042105263157894736,0.02456140350877193
15695.0,104,4,1131.04,0.0,0.0,282.76,519,0.007707129094412331,0.2003853564547206
15696.0,51,18,2663.86,1093.6100000000001,6.998153414425442,147.99222222222224,522,0.034482758620689655,0.09770114942528736
15697.0,527,1,246.75,0.0,0.0,246.75,527,0.0018975332068311196,1.0
15698.0,462,1,46.2,0.0,0.0,46.2,462,0.0021645021645021645,1.0
15700.0,10,3,664.03,0.0,0.0,221.34333333333333,11,0.2727272727272727,0.9090909090909091
15702.0,314,2,140.39000000000001,0.0,0.0,70.19500000000001,520,0.0038461538461538464,0.6038461538461538
15703.0,102,1,211.5,0.0,0.0,211.5,102,0.00980392156862745,1.0
15704.0,25,6,2957.88,786.3000000000001,6.668609370190421,492.98,421,0.014251781472684086,0.05938242280285035
15705.0,39,1,143.1,0.0,0.0,143.1,39,0.02564102564102564,1.0
15708.0,56,10,3046.34,1277.64,7.153552292060398,304.634,263,0.03802281368821293,0.21292775665399238
15709.0,121,2,327.85,0.0,0.0,163.925,427,0.00468384074941452,0.28337236533957844
15710.0,255,1,898.87,0.0,0.0,898.87,255,0.00392156862745098,1.0
15711.0,394,2,420.25,0.0,0.0,210.125,522,0.0038314176245210726,0.7547892720306514
15712.0,21,10,2853.75,613.71,6.4211506118788995,285.375,576,0.017361111111111112,0.036458333333333336
15713.0,198,5,800.44,185.55,5.228699299667167,160.08800000000002,561,0.008912655971479501,0.35294117647058826
15714.0,291,3,453.93,330.88,5.804773457796085,151.31,393,0.007633587786259542,0.7404580152671756
15715.0,393,5,658.02,0.0,0.0,131.60399999999998,457,0.010940919037199124,0.8599562363238512
15716.0,39,10,2840.44,216.37,5.381600970684774,284.044,570,0.017543859649122806,0.06842105263157895
15717.0,72,5,607.0,0.0,0.0,121.4,430,0.011627906976744186,0.16744186046511628
15718.0,378,1,293.79,0.0,0.0,293.79,378,0.0026455026455026454,1.0
15719.0,16,33,7863.52,2270.84,7.728345354826048,238.28848484848487,576,0.057291666666666664,0.027777777777777776
15720.0,388,1,143.19,598.73,6.3964795539357615,143.19,388,0.002577319587628866,1.0
15722.0,25,12,3668.14,1451.91,7.281323720839759,305.67833333333334,478,0.02510460251046025,0.05230125523012552
15723.0,202,4,947.65,0.0,0.0,236.9125,412,0.009708737864077669,0.49029126213592233
15724.0,39,5,299.8,0.0,0.0,59.96,238,0.02100840336134454,0.1638655462184874
15726.0,228,1,321.91,0.0,0.0,321.91,228,0.0043859649122807015,1.0
15727.0,36,12,7517.42,1928.09,7.5648036681159585,626.4516666666667,522,0.022988505747126436,0.06896551724137931
15729.0,36,5,154.70000000000002,0.0,0.0,30.940000000000005,241,0.02074688796680498,0.14937759336099585
15730.0,42,5,1054.73,653.45,6.483795188237728,210.946,269,0.01858736059479554,0.15613382899628253
15731.0,391,1,125.3,0.0,0.0,125.3,391,0.0025575447570332483,1.0
15732.0,50,12,1637.52,0.0,0.0,136.46,511,0.023483365949119372,0.09784735812133072
15733.0,120,1,162.3,0.0,0.0,162.3,120,0.008333333333333333,1.0
15734.0,38,3,1502.5,760.8000000000001,6.6356840540445035,500.8333333333333,385,0.007792207792207792,0.0987012987012987
15735.0,259,1,327.68,0.0,0.0,327.68,259,0.003861003861003861,1.0
15736.0,268,3,1717.27,0.0,0.0,572.4233333333333,273,0.01098901098901099,0.9816849816849816
15737.0,24,7,657.13,464.08,6.142209433800407,93.87571428571428,80,0.0875,0.3
15738.0,21,39,11458.76,1883.3600000000001,7.541343519684863,293.814358974359,567,0.06878306878306878,0.037037037037037035
15741.0,296,2,208.62,0.0,0.0,104.31,456,0.0043859649122807015,0.6491228070175439
15742.0,457,1,156.87,0.0,0.0,156.87,457,0.002188183807439825,1.0
15743.0,22,1,322.55,461.91,6.137532650741885,322.55,22,0.045454545454545456,1.0
15745.0,74,1,302.85,768.39,6.645597993093102,302.85,74,0.013513513513513514,1.0
15747.0,10,8,1829.27,731.39,6.5963131589660176,228.65875,528,0.015151515151515152,0.01893939393939394
15748.0,287,2,465.45000000000005,149.31,5.012699828145135,232.72500000000002,287,0.006968641114982578,1.0
15749.0,73,4,21535.9,0.0,0.0,5383.975,170,0.023529411764705882,0.4294117647058823
15750.0,8,20,5336.901,1355.65,7.212773704680784,266.84505,576,0.034722222222222224,0.013888888888888888
15751.0,298,14,1318.84,0.0,0.0,94.20285714285714,571,0.024518388791593695,0.521891418563923
15752.0,87,5,2615.34,1583.75,7.368181945164276,523.068,295,0.01694915254237288,0.29491525423728815
15753.0,142,1,79.2,0.0,0.0,79.2,142,0.007042253521126761,1.0
15754.0,84,9,2637.9900000000002,363.87,5.899541125757332,293.11,493,0.018255578093306288,0.17038539553752535
15755.0,73,14,4238.8,1698.15,7.4378834050026255,302.7714285714286,573,0.02443280977312391,0.1273996509598604
15756.0,51,2,249.12,283.84,5.651927619113924,124.56,87,0.022988505747126436,0.5862068965517241
15757.0,55,5,2487.3,453.06,6.118229347899479,497.46000000000004,385,0.012987012987012988,0.14285714285714285
15759.0,56,10,810.98,0.0,0.0,81.098,575,0.017391304347826087,0.09739130434782609
15761.0,280,1,143.05,0.0,0.0,143.05,280,0.0035714285714285713,1.0
15764.0,22,7,2902.33,1550.95,7.347267483729357,414.61857142857144,316,0.022151898734177215,0.06962025316455696
15765.0,504,1,370.63,0.0,0.0,370.63,504,0.001984126984126984,1.0
15766.0,282,3,484.6,315.06,5.755932068980957,161.53333333333333,520,0.0057692307692307696,0.5423076923076923
15768.0,41,35,15416.78,142.68,4.96758860455389,440.47942857142857,574,0.06097560975609756,0.07142857142857142
15769.0,10,36,63211.38,21058.0,9.955083301179778,1755.8716666666667,566,0.0636042402826855,0.0176678445229682
15770.0,450,1,321.45,0.0,0.0,321.45,450,0.0022222222222222222,1.0
15771.0,442,3,1006.54,0.0,0.0,335.5133333333333,531,0.005649717514124294,0.832391713747646
15772.0,256,1,280.88,0.0,0.0,280.88,256,0.00390625,1.0
15773.0,247,1,138.84,635.6800000000001,6.4562671745616536,138.84,247,0.004048582995951417,1.0
15774.0,247,6,1053.4,270.8,5.605066501717044,175.5666666666667,494,0.012145748987854251,0.5
15775.0,83,2,150.5,0.0,0.0,75.25,469,0.0042643923240938165,0.17697228144989338
15777.0,79,9,1732.1599999999999,0.0,0.0,192.4622222222222,406,0.022167487684729065,0.19458128078817735
15778.0,269,1,307.95,0.0,0.0,307.95,269,0.0037174721189591076,1.0
15779.0,301,2,124.08000000000001,0.0,0.0,62.040000000000006,370,0.005405405405405406,0.8135135135135135
15780.0,21,3,475.28000000000003,0.0,0.0,158.42666666666668,195,0.015384615384615385,0.1076923076923077
15781.0,143,1,83.35,250.21,5.526289242718887,83.35,143,0.006993006993006993,1.0
15782.0,268,2,1391.71,2593.94,7.861318673945402,695.855,560,0.0035714285714285713,0.4785714285714286
15784.0,305,2,848.3299999999999,0.0,0.0,424.16499999999996,510,0.00392156862745098,0.5980392156862745
15785.0,28,22,4840.2,985.13,6.893788191753521,220.0090909090909,562,0.03914590747330961,0.0498220640569395
15786.0,248,4,3558.65,4834.2,8.48367777207842,889.6625,374,0.0106951871657754,0.6631016042780749
15788.0,338,2,215.53,0.0,0.0,107.765,346,0.005780346820809248,0.976878612716763
15789.0,196,7,1932.01,0.0,0.0,276.00142857142856,461,0.015184381778741865,0.42516268980477223
15791.0,28,8,3152.34,389.45000000000005,5.967299920108684,394.0425,479,0.016701461377870562,0.05845511482254697
15792.0,237,2,933.84,0.0,0.0,466.92,456,0.0043859649122807015,0.5197368421052632
15793.0,106,6,1740.6,642.32,6.466642267627447,290.09999999999997,576,0.010416666666666666,0.1840277777777778
15794.0,574,2,777.0,0.0,0.0,388.5,575,0.0034782608695652175,0.9982608695652174
15795.0,268,7,1369.8600000000001,610.01,6.415113325649775,195.69428571428574,528,0.013257575757575758,0.5075757575757576
15796.0,24,18,3558.31,1461.64,7.28799830102025,197.68388888888887,576,0.03125,0.041666666666666664
15797.0,52,5,2453.88,367.2,5.908626268798978,490.776,519,0.009633911368015413,0.1001926782273603
15798.0,330,3,1535.37,0.0,0.0,511.78999999999996,519,0.005780346820809248,0.6358381502890174
15799.0,23,3,1021.39,402.90000000000003,6.001167322569367,340.4633333333333,256,0.01171875,0.08984375
15800.0,84,6,788.0,454.58,6.121571332453198,131.33333333333334,456,0.013157894736842105,0.18421052631578946
15803.0,283,3,1513.84,415.82000000000005,6.032654473932845,504.6133333333333,514,0.005836575875486381,0.5505836575875487
15804.0,8,2,1125.39,2723.16,7.909915402695693,562.695,36,0.05555555555555555,0.2222222222222222
15805.0,1,32,7208.05,2500.87,7.824793731243717,225.2515625,567,0.0564373897707231,0.001763668430335097
15806.0,114,1,300.36,484.22,6.1846023963357855,300.36,114,0.008771929824561403,1.0
15807.0,246,3,903.67,903.9,6.807824440357088,301.2233333333333,504,0.005952380952380952,0.4880952380952381
15808.0,144,24,18248.83,0.0,0.0,760.3679166666667,576,0.041666666666666664,0.25
15811.0,42,7,2925.34,917.88,6.823155537115986,417.9057142857143,226,0.030973451327433628,0.18584070796460178
15812.0,27,11,4439.25,746.9200000000001,6.61729602038306,403.5681818181818,562,0.019572953736654804,0.04804270462633452
15813.0,45,2,1303.9099999999999,0.0,0.0,651.9549999999999,77,0.025974025974025976,0.5844155844155844
15814.0,231,2,689.11,1842.73,7.5195459725716685,344.555,441,0.0045351473922902496,0.5238095238095238
15815.0,50,3,1394.08,706.52,6.561765897669082,464.6933333333333,97,0.030927835051546393,0.5154639175257731
15816.0,380,3,93.3,0.0,0.0,31.099999999999998,380,0.007894736842105263,1.0
15817.0,258,3,2766.4,0.0,0.0,922.1333333333333,381,0.007874015748031496,0.6771653543307087
15818.0,426,1,340.5,0.0,0.0,340.5,426,0.002347417840375587,1.0
15819.0,37,9,3182.97,728.3100000000001,6.592098881674599,353.6633333333333,469,0.019189765458422176,0.07889125799573561
15820.0,157,1,206.98,0.0,0.0,206.98,157,0.006369426751592357,1.0
15822.0,197,7,1332.64,445.27,6.100924150016726,190.37714285714287,571,0.012259194395796848,0.3450087565674256
15823.0,175,6,3033.86,0.0,0.0,505.6433333333334,569,0.01054481546572935,0.30755711775043937
15824.0,291,2,890.94,0.0,0.0,445.47,370,0.005405405405405406,0.7864864864864864
15825.0,10,1,532.94,0.0,0.0,532.94,10,0.1,1.0
15826.0,48,3,1653.77,929.36,6.835571608018868,551.2566666666667,406,0.007389162561576354,0.11822660098522167
15827.0,17,37,2733.2400000000002,697.72,6.549250089737251,73.87135135135136,538,0.0687732342007435,0.031598513011152414
15828.0,213,1,1108.82,0.0,0.0,1108.82,213,0.004694835680751174,1.0
15831.0,162,2,255.94,491.82,6.200143995811369,127.97,162,0.012345679012345678,1.0
15832.0,92,1,836.79,0.0,0.0,836.79,92,0.010869565217391304,1.0
15833.0,575,1,80.4,0.0,0.0,80.4,575,0.0017391304347826088,1.0
15834.0,3,8,3158.36,441.93,6.093411744015662,394.795,262,0.030534351145038167,0.011450381679389313
15835.0,98,2,488.31,465.78,6.145858054593075,244.155,168,0.011904761904761904,0.5833333333333334
15837.0,323,1,385.03000000000003,391.98,5.97375871998905,385.03000000000003,323,0.0030959752321981426,1.0
15838.0,3,28,49340.11,24064.0,10.088513781737209,1762.1467857142857,562,0.0498220640569395,0.005338078291814947
15840.0,8,2,231.84,113.82,4.743365684739491,115.92,10,0.2,0.8
15841.0,28,9,2110.7,605.8000000000001,6.408199247474378,234.5222222222222,567,0.015873015873015872,0.04938271604938271
15842.0,226,3,528.75,0.0,0.0,176.25,365,0.00821917808219178,0.6191780821917808
15843.0,141,1,118.95000000000002,0.0,0.0,118.95000000000002,141,0.0070921985815602835,1.0
15845.0,17,9,2535.12,1738.53,7.461370240778434,281.68,520,0.01730769230769231,0.032692307692307694
15846.0,223,1,107.01,0.0,0.0,107.01,223,0.004484304932735426,1.0
15847.0,126,4,613.98,208.59,5.345153241385068,153.495,479,0.008350730688935281,0.2630480167014614
15848.0,459,1,139.94,0.0,0.0,139.94,459,0.002178649237472767,1.0
15850.0,6,5,938.75,119.97,4.795542580971757,187.75,564,0.008865248226950355,0.010638297872340425
15851.0,364,1,109.73,0.0,0.0,109.73,364,0.0027472527472527475,1.0
15852.0,24,3,257.26,0.0,0.0,85.75333333333333,364,0.008241758241758242,0.06593406593406594
15854.0,10,17,4646.85,936.96,6.843707304173706,273.34411764705885,567,0.029982363315696647,0.01763668430335097
15855.0,21,5,815.1700000000001,237.55,5.474578931962116,163.03400000000002,314,0.01592356687898089,0.06687898089171974
15856.0,20,38,25238.63,8578.81,9.05716704771467,664.1744736842105,574,0.06620209059233449,0.03484320557491289
15857.0,268,1,273.48,297.0,5.697093486505405,273.48,268,0.0037313432835820895,1.0
15858.0,127,12,3295.2400000000002,622.63,6.435557243787866,274.60333333333335,567,0.021164021164021163,0.2239858906525573
15859.0,270,1,438.46,0.0,0.0,438.46,270,0.003703703703703704,1.0
15860.0,70,12,1948.26,556.95,6.324269352631711,162.355,571,0.021015761821366025,0.12259194395796848
15861.0,105,8,1940.11,2277.88,7.7314393731862765,242.51375,518,0.015444015444015444,0.20270270270270271
15862.0,42,11,2586.42,341.87,5.837351366577616,235.1290909090909,560,0.019642857142857142,0.075
15863.0,30,4,299.06,59.64,4.104954741334116,74.765,560,0.007142857142857143,0.05357142857142857
15864.0,15,4,644.8,1369.42,7.222872541182458,161.2,219,0.0182648401826484,0.0684931506849315
15865.0,51,3,1667.72,581.2,6.366814031311523,555.9066666666666,541,0.005545286506469501,0.09426987060998152
15867.0,21,29,7234.83,1740.02,7.462226427352982,249.47689655172414,563,0.05150976909413854,0.037300177619893425
15868.0,421,1,94.53,0.0,0.0,94.53,421,0.0023752969121140144,1.0
15869.0,115,3,323.65999999999997,0.0,0.0,107.88666666666666,464,0.00646551724137931,0.2478448275862069
15870.0,234,3,508.52,354.09000000000003,5.872371278471126,169.50666666666666,284,0.01056338028169014,0.823943661971831
15871.0,275,1,33.099999999999994,0.0,0.0,33.099999999999994,275,0.0036363636363636364,1.0
15872.0,216,2,434.75,360.93,5.8914508229616045,217.375,388,0.005154639175257732,0.5567010309278351
15873.0,330,5,138.23999999999998,0.0,0.0,27.647999999999996,338,0.014792899408284023,0.9763313609467456
15874.0,15,23,8985.48,2149.52,7.673464952343298,390.67304347826087,539,0.04267161410018553,0.027829313543599257
15875.0,484,1,111.72,0.0,0.0,111.72,484,0.002066115702479339,1.0
15876.0,247,2,1449.1399999999999,0.0,0.0,724.5699999999999,286,0.006993006993006993,0.8636363636363636
15878.0,399,2,330.77,0.0,0.0,165.385,571,0.0035026269702276708,0.6987740805604203
15879.0,242,4,1157.3,0.0,0.0,289.325,560,0.007142857142857143,0.43214285714285716
15880.0,207,2,626.5600000000001,0.0,0.0,313.28000000000003,207,0.00966183574879227,1.0
15881.0,150,8,438.24,0.0,0.0,54.78,202,0.039603960396039604,0.7425742574257426
15882.0,36,10,1448.91,0.0,0.0,144.89100000000002,567,0.01763668430335097,0.06349206349206349
15884.0,270,3,243.75000000000003,0.0,0.0,81.25000000000001,574,0.005226480836236934,0.47038327526132406
15885.0,147,18,1373.22,364.35,5.9008557982372265,76.29,525,0.03428571428571429,0.28
15886.0,254,3,871.78,181.09,5.204501070343752,290.5933333333333,436,0.006880733944954129,0.5825688073394495
15887.0,244,3,1027.15,0.0,0.0,342.3833333333334,393,0.007633587786259542,0.6208651399491094
15888.0,238,2,260.85,141.27,4.957726660663075,130.425,364,0.005494505494505495,0.6538461538461539
15889.0,207,8,1646.8799999999999,148.95,5.010301905195018,205.85999999999999,567,0.014109347442680775,0.36507936507936506
15890.0,232,5,535.65,0.0,0.0,107.13,442,0.011312217194570135,0.5248868778280543
15891.0,64,1,524.52,0.0,0.0,524.52,64,0.015625,1.0
15892.0,507,1,128.2,0.0,0.0,128.2,507,0.0019723865877712033,1.0
15893.0,319,1,305.28000000000003,0.0,0.0,305.28000000000003,319,0.003134796238244514,1.0
15894.0,91,2,420.29,0.0,0.0,210.145,207,0.00966183574879227,0.4396135265700483
15897.0,32,2,222.05,0.0,0.0,111.025,32,0.0625,1.0
15898.0,58,28,5148.47,385.89,5.958140414900485,183.8739285714286,566,0.04946996466431095,0.10247349823321555
15899.0,206,1,112.5,0.0,0.0,112.5,206,0.0048543689320388345,1.0
15900.0,251,4,539.39,351.11,5.863943626780142,134.8475,400,0.01,0.6275
15901.0,289,6,320.35,363.88,5.899568532403445,53.39166666666667,381,0.015748031496062992,0.7585301837270341
15902.0,218,1,145.01,0.0,0.0,145.01,218,0.0045871559633027525,1.0
15903.0,65,10,4374.7,4485.12,8.408743464610923,437.46999999999997,569,0.01757469244288225,0.11423550087873462
15905.0,381,1,114.69,0.0,0.0,114.69,381,0.0026246719160104987,1.0
15906.0,57,8,1583.3600000000001,884.53,6.7861863358133165,197.92000000000002,288,0.027777777777777776,0.19791666666666666
15907.0,14,2,529.52,437.93,6.08433994705818,264.76,48,0.041666666666666664,0.2916666666666667
15908.0,328,2,764.57,0.0,0.0,382.285,350,0.005714285714285714,0.9371428571428572
15909.0,11,1,191.94,0.0,0.0,191.94,11,0.09090909090909091,1.0
15910.0,45,11,2000.23,681.57,6.525865085902341,181.8390909090909,525,0.02095238095238095,0.08571428571428572
15911.0,286,10,1401.55,0.0,0.0,140.155,568,0.017605633802816902,0.5035211267605634
15912.0,16,9,1074.7,0.0,0.0,119.41111111111111,567,0.015873015873015872,0.02821869488536155
15913.0,372,1,6.300000000000001,0.0,0.0,6.300000000000001,372,0.002688172043010753,1.0
15914.0,216,2,205.99,0.0,0.0,102.995,216,0.009259259259259259,1.0
15915.0,239,1,429.21,0.0,0.0,429.21,239,0.0041841004184100415,1.0
15916.0,29,13,2616.66,661.01,6.495280661563099,201.28153846153845,567,0.02292768959435626,0.05114638447971781
15917.0,85,5,560.63,0.0,0.0,112.126,575,0.008695652173913044,0.14782608695652175
15918.0,28,3,582.88,0.0,0.0,194.29333333333332,469,0.006396588486140725,0.05970149253731343
15919.0,206,1,541.44,369.17,5.913962359578552,541.44,206,0.0048543689320388345,1.0
15920.0,262,5,404.14,167.5,5.126935749792416,80.828,563,0.008880994671403197,0.46536412078152756
15921.0,10,4,802.11,0.0,0.0,200.5275,478,0.008368200836820083,0.02092050209205021
15922.0,210,2,727.2,0.0,0.0,363.6,211,0.009478672985781991,0.995260663507109
15923.0,210,1,254.16,0.0,0.0,254.16,210,0.004761904761904762,1.0
15924.0,569,1,102.82,0.0,0.0,102.82,569,0.0017574692442882249,1.0
15925.0,32,1,207.15,0.0,0.0,207.15,32,0.03125,1.0
15926.0,380,1,134.44,0.0,0.0,134.44,380,0.002631578947368421,1.0
15927.0,485,1,123.39,0.0,0.0,123.39,485,0.002061855670103093,1.0
15928.0,494,1,293.53,0.0,0.0,293.53,494,0.0020242914979757085,1.0
15929.0,482,1,594.0,0.0,0.0,594.0,482,0.002074688796680498,1.0
15931.0,266,1,239.9,0.0,0.0,239.9,266,0.0037593984962406013,1.0
15932.0,3,7,1570.6,891.25,6.793746362370269,224.37142857142857,127,0.05511811023622047,0.023622047244094488
15934.0,255,2,2190.66,0.0,0.0,1095.33,267,0.00749063670411985,0.9550561797752809
15935.0,77,3,108.03999999999999,0.0,0.0,36.01333333333333,569,0.005272407732864675,0.13532513181019332
15936.0,217,2,282.79,0.0,0.0,141.395,305,0.006557377049180328,0.7114754098360656
15938.0,39,8,665.53,69.28,4.252487263318897,83.19125,394,0.02030456852791878,0.09898477157360407
15939.0,18,12,8152.5,895.14,6.79809665076917,679.375,212,0.05660377358490566,0.08490566037735849
15941.0,351,2,230.6,0.0,0.0,115.3,475,0.004210526315789474,0.7389473684210527
15943.0,487,2,271.28999999999996,0.0,0.0,135.64499999999998,515,0.003883495145631068,0.945631067961165
15944.0,114,4,2164.24,0.0,0.0,541.06,564,0.0070921985815602835,0.20212765957446807
15945.0,203,4,827.27,0.0,0.0,206.8175,576,0.006944444444444444,0.3524305555555556
15946.0,340,3,2304.18,0.0,0.0,768.06,471,0.006369426751592357,0.721868365180467
15948.0,262,1,553.85,955.24,6.863008927569726,553.85,262,0.003816793893129771,1.0
15950.0,197,9,5662.07,1276.44,7.15261335424299,629.1188888888888,520,0.01730769230769231,0.37884615384615383
15951.0,123,2,680.12,294.40000000000003,5.68833037009728,340.06,219,0.0091324200913242,0.5616438356164384
15952.0,63,1,232.65,573.92,6.354230900683031,232.65,63,0.015873015873015872,1.0
15953.0,49,16,2697.41,827.29,6.7193633346109,168.588125,574,0.027874564459930314,0.08536585365853659
15954.0,427,1,190.75,0.0,0.0,190.75,427,0.00234192037470726,1.0
15955.0,29,13,5668.47,2954.14,7.991301306044494,436.03615384615387,492,0.026422764227642278,0.05894308943089431
15956.0,389,2,617.6,0.0,0.0,308.8,564,0.0035460992907801418,0.6897163120567376
15957.0,258,2,501.21,428.89,6.063529362008149,250.605,258,0.007751937984496124,1.0
15958.0,241,3,388.64,104.35,4.6572881402501976,129.54666666666665,388,0.007731958762886598,0.6211340206185567
15959.0,520,3,579.49,0.0,0.0,193.16333333333333,520,0.0057692307692307696,1.0
15960.0,212,5,394.0,0.0,0.0,78.8,273,0.018315018315018316,0.7765567765567766
15961.0,217,1,451.28999999999996,0.0,0.0,451.28999999999996,217,0.004608294930875576,1.0
15962.0,287,1,295.83,0.0,0.0,295.83,287,0.003484320557491289,1.0
15964.0,501,1,272.96000000000004,0.0,0.0,272.96000000000004,501,0.001996007984031936,1.0
15965.0,205,11,2309.89,689.45,6.53734355893136,209.98999999999998,574,0.01916376306620209,0.35714285714285715
15966.0,282,2,399.58,0.0,0.0,199.79,288,0.006944444444444444,0.9791666666666666
15967.0,156,12,2774.17,245.03,5.505453479716429,231.18083333333334,576,0.020833333333333332,0.2708333333333333
15968.0,226,1,418.05,0.0,0.0,418.05,226,0.004424778761061947,1.0
15969.0,23,3,769.65,274.2,5.617498106059188,256.55,360,0.008333333333333333,0.06388888888888888
15970.0,141,2,1017.32,0.0,0.0,508.66,436,0.0045871559633027525,0.32339449541284404
15971.0,80,12,1816.7300000000002,3113.7,8.043888118397426,151.39416666666668,569,0.0210896309314587,0.140597539543058
15972.0,294,5,1810.27,0.0,0.0,362.054,438,0.01141552511415525,0.6712328767123288
15973.0,73,5,780.39,0.0,0.0,156.078,267,0.018726591760299626,0.27340823970037453
15974.0,22,5,2042.25,1387.3,7.235835256040756,408.45,126,0.03968253968253968,0.1746031746031746
15976.0,3,6,1746.6399999999999,0.0,0.0,291.1066666666666,389,0.015424164524421594,0.007712082262210797
15978.0,261,4,2173.84,1098.78,7.002865438783795,543.46,482,0.008298755186721992,0.5414937759336099
15979.0,440,1,329.22,0.0,0.0,329.22,440,0.0022727272727272726,1.0
15980.0,92,7,4907.6,1638.68,7.40225637982826,701.0857142857143,394,0.017766497461928935,0.233502538071066
15981.0,6,24,7920.59,1347.48,7.206733311175769,330.02458333333334,458,0.05240174672489083,0.013100436681222707
15982.0,443,1,324.51,0.0,0.0,324.51,443,0.002257336343115124,1.0
15983.0,198,7,3632.07,326.75,5.792251122643809,518.8671428571429,571,0.012259194395796848,0.3467600700525394
15984.0,71,26,6636.23,2034.89,7.618688348705963,255.23961538461538,576,0.04513888888888889,0.1232638888888889
15985.0,74,6,2472.44,137.84,4.933322190993586,412.0733333333333,399,0.015037593984962405,0.18546365914786966
15986.0,219,1,186.3,168.12,5.1306085221219275,186.3,219,0.0045662100456621,1.0
15987.0,37,5,746.9300000000001,935.2,6.84182912886597,149.38600000000002,217,0.02304147465437788,0.17050691244239632
15988.0,389,2,612.0600000000001,158.03,5.069092863667825,306.03000000000003,494,0.004048582995951417,0.7874493927125507
15989.0,213,2,372.51,0.0,0.0,186.255,575,0.0034782608695652175,0.37043478260869567
15990.0,125,6,1619.31,390.74,5.970598354426597,269.885,487,0.012320328542094456,0.25667351129363447
15991.0,372,1,150.55,0.0,0.0,150.55,372,0.002688172043010753,1.0
15992.0,234,2,854.61,41.989999999999995,3.76096753050819,427.305,291,0.006872852233676976,0.8041237113402062
15994.0,249,4,771.77,427.07,6.059286733610594,192.9425,473,0.008456659619450317,0.5264270613107822
15995.0,252,1,696.19,0.0,0.0,696.19,252,0.003968253968253968,1.0
15996.0,3,6,1406.6200000000001,264.38,5.58116276110829,234.4366666666667,235,0.02553191489361702,0.01276595744680851
15998.0,9,19,7242.48,977.91,6.88643970776327,381.18315789473684,576,0.03298611111111111,0.015625
15999.0,573,1,20.4,0.0,0.0,20.4,573,0.0017452006980802793,1.0
16001.0,219,2,519.06,0.0,0.0,259.53,380,0.005263157894736842,0.5763157894736842
16002.0,463,1,169.21,0.0,0.0,169.21,463,0.0021598272138228943,1.0
16003.0,3,7,4633.16,980.67,6.889255202997551,661.88,574,0.012195121951219513,0.005226480836236934
16004.0,312,5,2146.39,0.0,0.0,429.27799999999996,521,0.009596928982725527,0.5988483685220729
16005.0,20,9,2086.46,317.31,5.76302575069684,231.82888888888888,288,0.03125,0.06944444444444445
16006.0,49,2,347.17,0.0,0.0,173.585,225,0.008888888888888889,0.21777777777777776
16007.0,18,5,2106.65,968.49,6.876770160034359,421.33000000000004,381,0.013123359580052493,0.047244094488188976
16008.0,42,13,5044.5,339.63,5.830796844208857,388.03846153846155,468,0.027777777777777776,0.08974358974358974
16010.0,83,12,1722.1100000000001,0.0,0.0,143.5091666666667,249,0.04819277108433735,0.3333333333333333
16011.0,14,22,3874.01,1993.0,7.597897950521784,176.09136363636364,576,0.03819444444444445,0.024305555555555556
16012.0,239,2,1574.5,1415.29,7.255796055544432,787.25,367,0.005449591280653951,0.6512261580381471
16013.0,10,70,31985.54,20803.38,9.942918820444278,456.9362857142857,569,0.12302284710017575,0.01757469244288225
16014.0,129,3,730.82,390.2,5.969218938160663,243.60666666666668,515,0.005825242718446602,0.2504854368932039
16016.0,34,9,1820.8,674.24,6.515068183233188,202.3111111111111,240,0.0375,0.14166666666666666
16017.0,255,4,1341.95,211.88,5.360728626669434,335.4875,541,0.0073937153419593345,0.4713493530499076
16018.0,18,3,451.13,247.0,5.5134287461649825,150.37666666666667,570,0.005263157894736842,0.031578947368421054
16019.0,70,31,15679.41,960.74,6.868744143865845,505.78741935483873,563,0.055062166962699825,0.12433392539964476
16021.0,233,2,532.25,0.0,0.0,266.125,382,0.005235602094240838,0.6099476439790575
16022.0,98,1,628.28,0.0,0.0,628.28,98,0.01020408163265306,1.0
16023.0,30,2,500.69,219.12,5.394172852191558,250.345,104,0.019230769230769232,0.28846153846153844
16024.0,249,2,232.96,251.24,5.530381015236806,116.48,249,0.008032128514056224,1.0
16027.0,14,16,1490.5900000000001,309.25,5.737378424084716,93.16187500000001,538,0.02973977695167286,0.026022304832713755
16028.0,433,1,82.2,0.0,0.0,82.2,433,0.0023094688221709007,1.0
16029.0,2,90,64666.21,27134.7,10.20860548310599,718.5134444444444,569,0.15817223198594024,0.0035149384885764497
16030.0,147,1,331.24,0.0,0.0,331.24,147,0.006802721088435374,1.0
16031.0,85,1,305.63,243.31,5.498437910704706,305.63,85,0.011764705882352941,1.0
16032.0,294,6,1970.45,0.0,0.0,328.40833333333336,361,0.01662049861495845,0.814404432132964
16033.0,3,26,5796.72,4895.67,8.496310661234775,222.95076923076925,323,0.0804953560371517,0.009287925696594427
16034.0,34,7,925.77,0.0,0.0,132.25285714285715,247,0.02834008097165992,0.13765182186234817
16035.0,398,1,217.73,0.0,0.0,217.73,398,0.002512562814070352,1.0
16036.0,101,3,1986.65,570.19,6.347721903869324,662.2166666666667,458,0.006550218340611353,0.2205240174672489
16037.0,107,7,1489.44,0.0,0.0,212.77714285714288,486,0.01440329218106996,0.22016460905349794
16038.0,15,3,375.88,78.45,4.375127892982725,125.29333333333334,39,0.07692307692307693,0.38461538461538464
16039.0,261,3,449.65,0.0,0.0,149.88333333333333,466,0.006437768240343348,0.5600858369098712
16040.0,106,6,1492.58,891.12,6.793600652679757,248.76333333333332,447,0.013422818791946308,0.2371364653243848
16042.0,170,7,980.68,1172.32,7.067592616223103,140.09714285714284,291,0.024054982817869417,0.584192439862543
16043.0,49,7,1759.0900000000001,97.5,4.590056548178043,251.29857142857145,319,0.0219435736677116,0.1536050156739812
16044.0,273,1,340.84000000000003,0.0,0.0,340.84000000000003,273,0.003663003663003663,1.0
16045.0,83,7,2707.58,479.45,6.174723164723277,386.79714285714283,336,0.020833333333333332,0.24702380952380953
16046.0,400,1,235.78,0.0,0.0,235.78,400,0.0025,1.0
16047.0,520,1,107.14,0.0,0.0,107.14,520,0.0019230769230769232,1.0
16049.0,213,3,787.89,1111.79,7.014625654228094,262.63,354,0.00847457627118644,0.6016949152542372
16050.0,11,3,300.7,0.0,0.0,100.23333333333333,239,0.012552301255230125,0.04602510460251046
16051.0,519,1,188.44,0.0,0.0,188.44,519,0.0019267822736030828,1.0
16053.0,251,6,2094.19,1511.95,7.321816666315659,349.0316666666667,448,0.013392857142857142,0.5602678571428571
16054.0,256,6,1306.78,783.9,6.665556321132768,217.79666666666665,455,0.013186813186813187,0.5626373626373626
16055.0,58,1,134.8,0.0,0.0,134.8,58,0.017241379310344827,1.0
16057.0,37,12,2036.0900000000001,1165.98,7.062174494179117,169.67416666666668,567,0.021164021164021163,0.06525573192239859
16058.0,244,1,62.7,0.0,0.0,62.7,244,0.004098360655737705,1.0
16059.0,1,10,2709.21,508.56,6.233547608241586,270.921,407,0.02457002457002457,0.002457002457002457
16060.0,238,3,541.95,0.0,0.0,180.65,332,0.009036144578313253,0.7168674698795181
16061.0,107,3,44.95,0.0,0.0,14.983333333333334,269,0.011152416356877323,0.39776951672862454
16062.0,79,6,2288.01,575.44,6.356871257970161,381.33500000000004,374,0.016042780748663103,0.21122994652406418
16063.0,98,1,335.32,0.0,0.0,335.32,98,0.01020408163265306,1.0
16064.0,563,1,111.0,0.0,0.0,111.0,563,0.0017761989342806395,1.0
16065.0,203,10,2365.62,0.0,0.0,236.56199999999998,301,0.03322259136212625,0.6744186046511628
16067.0,400,6,3026.19,0.0,0.0,504.365,513,0.011695906432748537,0.7797270955165692
16068.0,431,1,122.93,0.0,0.0,122.93,431,0.002320185614849188,1.0
16069.0,255,1,457.7,0.0,0.0,457.7,255,0.00392156862745098,1.0
16071.0,365,3,750.5600000000001,326.24,5.790693846645498,250.1866666666667,493,0.006085192697768763,0.7403651115618661
16072.0,126,4,4328.89,0.0,0.0,1082.2225,387,0.0103359173126615,0.32558139534883723
16073.0,129,2,94.35,0.0,0.0,47.175,135,0.014814814814814815,0.9555555555555556
16074.0,228,1,265.25,0.0,0.0,265.25,228,0.0043859649122807015,1.0
16075.0,340,3,726.98,0.0,0.0,242.32666666666668,402,0.007462686567164179,0.845771144278607
16076.0,46,1,305.45000000000005,1868.08,7.533201610177822,305.45000000000005,46,0.021739130434782608,1.0
16077.0,412,2,600.0,0.0,0.0,300.0,463,0.004319654427645789,0.8898488120950324
16078.0,121,2,362.99,0.0,0.0,181.495,507,0.0039447731755424065,0.23865877712031558
16080.0,101,5,386.0,86.9,4.476199804691132,77.2,288,0.017361111111111112,0.3506944444444444
16081.0,23,6,2645.65,1814.53,7.504132715091315,440.94166666666666,512,0.01171875,0.044921875
16082.0,508,1,106.75,0.0,0.0,106.75,508,0.001968503937007874,1.0
16083.0,198,3,1371.78,979.64,6.888205419737422,457.26,226,0.01327433628318584,0.8761061946902655
16084.0,137,1,436.18,0.0,0.0,436.18,137,0.0072992700729927005,1.0
16085.0,74,10,1681.26,656.47,6.488399135634533,168.126,526,0.019011406844106463,0.14068441064638784
16086.0,37,9,2328.58,534.33,6.282883379169149,258.7311111111111,575,0.01565217391304348,0.06434782608695652
16087.0,227,5,1739.92,0.0,0.0,347.98400000000004,527,0.009487666034155597,0.4307400379506641
16088.0,413,2,1437.43,0.0,0.0,718.715,429,0.004662004662004662,0.9627039627039627
16089.0,224,2,271.44,0.0,0.0,135.72,347,0.005763688760806916,0.6455331412103746
16090.0,462,1,205.91,0.0,0.0,205.91,462,0.0021645021645021645,1.0
16091.0,36,1,157.25,157.81,5.067708519122555,157.25,36,0.027777777777777776,1.0
16092.0,23,8,1321.3600000000001,194.13,5.273666003106907,165.17000000000002,417,0.019184652278177457,0.05515587529976019
16094.0,51,16,2773.0299999999997,826.13,6.717961877349467,173.31437499999998,566,0.028268551236749116,0.09010600706713781
16095.0,294,1,447.05,0.0,0.0,447.05,294,0.003401360544217687,1.0
16096.0,102,4,1584.97,0.0,0.0,396.2425,483,0.008281573498964804,0.2111801242236025
16097.0,78,1,185.04999999999998,0.0,0.0,185.04999999999998,78,0.01282051282051282,1.0
16098.0,23,11,3664.69,783.41,6.664931842838583,333.1536363636364,562,0.019572953736654804,0.04092526690391459
16099.0,63,6,1154.65,413.6,6.027314200001679,192.4416666666667,484,0.012396694214876033,0.13016528925619836
16100.0,300,1,582.64,0.0,0.0,582.64,300,0.0033333333333333335,1.0
16101.0,272,4,1921.46,1245.96,7.128463868180796,480.365,399,0.010025062656641603,0.681704260651629
16103.0,24,24,5378.38,624.38,6.438359464979286,224.09916666666666,538,0.04460966542750929,0.04460966542750929
16104.0,256,10,2213.0,302.36,5.714920219066657,221.3,571,0.017513134851138354,0.44833625218914186
16105.0,86,5,2386.19,0.0,0.0,477.238,442,0.011312217194570135,0.19457013574660634
16107.0,21,1,532.9,2671.26,7.890679835311896,532.9,21,0.047619047619047616,1.0
16108.0,268,6,1355.83,816.1,6.705761486390662,225.97166666666666,469,0.01279317697228145,0.5714285714285714
16109.0,56,4,923.58,0.0,0.0,230.895,536,0.007462686567164179,0.1044776119402985
16110.0,100,3,1175.72,643.55,6.468552398889114,391.9066666666667,360,0.008333333333333333,0.2777777777777778
16111.0,266,1,562.48,0.0,0.0,562.48,266,0.0037593984962406013,1.0
16112.0,171,2,136.14,59.599999999999994,4.104294893075268,68.07,176,0.011363636363636364,0.9715909090909091
16113.0,21,1,161.38,0.0,0.0,161.38,21,0.047619047619047616,1.0
16114.0,8,1,135.75000000000003,0.0,0.0,135.75000000000003,8,0.125,1.0
16115.0,18,8,1565.83,1009.31,6.9180124934347855,195.72875,412,0.019417475728155338,0.043689320388349516
16116.0,43,2,592.88,0.0,0.0,296.44,49,0.04081632653061224,0.8775510204081632
16117.0,27,4,650.05,0.0,0.0,162.5125,429,0.009324009324009324,0.06293706293706294
16118.0,231,5,4255.43,0.0,0.0,851.086,490,0.01020408163265306,0.4714285714285714
16119.0,232,6,1297.45,423.36,6.050582151591071,216.24166666666667,561,0.0106951871657754,0.41354723707664887
16120.0,260,2,1747.77,1294.14,7.166374076398486,873.885,260,0.007692307692307693,1.0
16121.0,53,5,877.97,579.22,6.36340734196531,175.594,403,0.01240694789081886,0.1315136476426799
16122.0,170,4,566.76,434.58000000000004,6.076678476322463,141.69,263,0.015209125475285171,0.6463878326996197
16124.0,154,6,1709.39,0.0,0.0,284.89833333333337,570,0.010526315789473684,0.27017543859649124
16125.0,205,14,4587.65,0.0,0.0,327.6892857142857,563,0.02486678507992895,0.3641207815275311
16126.0,22,13,10203.03,4443.77,8.399483403077204,784.8484615384616,575,0.022608695652173914,0.03826086956521739
16127.0,564,1,145.06,656.25,6.488064463609991,145.06,564,0.0017730496453900709,1.0
16128.0,120,10,2256.48,1491.92,7.3084892127144,225.648,576,0.017361111111111112,0.20833333333333334
16129.0,245,3,1396.05,0.0,0.0,465.34999999999997,345,0.008695652173913044,0.7101449275362319
16130.0,260,4,987.48,0.0,0.0,246.87,455,0.008791208791208791,0.5714285714285714
16131.0,45,11,8024.25,1842.02,7.51916080948289,729.4772727272727,575,0.019130434782608695,0.0782608695652174
16132.0,382,2,664.1999999999999,0.0,0.0,332.09999999999997,465,0.004301075268817204,0.821505376344086
16133.0,17,49,14620.84,7608.04,8.937092293095285,298.3844897959184,456,0.1074561403508772,0.03728070175438596
16134.0,192,6,1785.43,334.56,5.815800777978094,297.57166666666666,378,0.015873015873015872,0.5079365079365079
16135.0,100,2,819.45,0.0,0.0,409.725,421,0.004750593824228029,0.2375296912114014
16136.0,115,3,371.0,550.08,6.311879989176399,123.66666666666667,501,0.005988023952095809,0.22954091816367264
16137.0,518,1,422.7,0.0,0.0,422.7,518,0.0019305019305019305,1.0
16138.0,206,4,894.45,0.0,0.0,223.6125,428,0.009345794392523364,0.48130841121495327
16139.0,44,3,615.54,495.61,6.207805009802453,205.17999999999998,574,0.005226480836236934,0.07665505226480836
16140.0,209,2,956.5600000000001,579.63,6.364113720941144,478.28000000000003,279,0.007168458781362007,0.7491039426523297
16141.0,255,1,335.54,620.4,6.431974996958947,335.54,255,0.00392156862745098,1.0
16142.0,87,1,535.34,0.0,0.0,535.34,87,0.011494252873563218,1.0
16143.0,50,14,4016.11,850.77,6.747316537333789,286.865,567,0.024691358024691357,0.08818342151675485
16144.0,84,1,175.2,0.0,0.0,175.2,84,0.011904761904761904,1.0
16145.0,9,20,4567.13,2126.4700000000003,7.662688759290529,228.3565,422,0.04739336492890995,0.02132701421800948
16146.0,41,3,871.38,75.0,4.330733340286331,290.46,286,0.01048951048951049,0.14335664335664336
16147.0,238,6,1992.02,375.0,5.929589143389895,332.00333333333333,510,0.011764705882352941,0.4666666666666667
16148.0,134,4,370.37,0.0,0.0,92.5925,560,0.007142857142857143,0.2392857142857143
16149.0,267,1,141.70000000000002,280.52,5.640203493013329,141.70000000000002,267,0.003745318352059925,1.0
16150.0,105,14,3129.5,1025.19,6.93360819377124,223.53571428571428,576,0.024305555555555556,0.18229166666666666
16152.0,106,1,1829.04,0.0,0.0,1829.04,106,0.009433962264150943,1.0
16153.0,23,11,3913.38,1124.13,7.025653863518047,355.76181818181817,400,0.0275,0.0575
16155.0,219,6,781.05,0.0,0.0,130.17499999999998,377,0.015915119363395226,0.5809018567639257
16156.0,44,17,3953.54,1980.05,7.591382286157923,232.56117647058824,575,0.029565217391304348,0.07652173913043478
16158.0,360,10,611.32,0.0,0.0,61.132000000000005,572,0.017482517482517484,0.6293706293706294
16159.0,119,5,1230.29,0.0,0.0,246.058,574,0.008710801393728223,0.2073170731707317
16161.0,7,46,9563.69,2885.27,7.967720290051367,207.9063043478261,507,0.09072978303747535,0.013806706114398421
16162.0,90,1,37.4,0.0,0.0,37.4,90,0.011111111111111112,1.0
16163.0,63,14,2263.63,0.0,0.0,161.68785714285715,575,0.02434782608695652,0.10956521739130434
16165.0,343,1,79.9,0.0,0.0,79.9,343,0.0029154518950437317,1.0
16166.0,266,4,327.48,0.0,0.0,81.87,529,0.007561436672967864,0.502835538752363
16167.0,252,6,1149.8700000000001,0.0,0.0,191.645,576,0.010416666666666666,0.4375
16168.0,24,55,8163.79,2375.29,7.773295726906621,148.43254545454545,574,0.09581881533101046,0.041811846689895474
16170.0,13,22,5873.49,940.18,6.847134407158671,266.97681818181815,497,0.04426559356136821,0.026156941649899398
16172.0,13,5,1295.69,588.86,6.379885220606888,259.13800000000003,351,0.014245014245014245,0.037037037037037035
16174.0,329,4,1237.2,1009.5500000000001,6.918250016074778,309.3,441,0.009070294784580499,0.746031746031746
16175.0,7,6,1535.74,300.7,5.709433146165015,255.95666666666668,401,0.014962593516209476,0.017456359102244388
16176.0,259,7,1964.04,0.0,0.0,280.57714285714286,458,0.015283842794759825,0.5655021834061136
16177.0,272,11,1809.66,331.95,5.807992328556631,164.51454545454547,485,0.02268041237113402,0.5608247422680412
16178.0,239,1,414.7,197.9,5.292802185859927,414.7,239,0.0041841004184100415,1.0
16180.0,8,11,10280.07,5890.2,8.68121499103876,934.5518181818181,372,0.02956989247311828,0.021505376344086023
16182.0,41,7,5871.0,4100.65,8.319144610759924,838.7142857142857,478,0.014644351464435146,0.08577405857740586
16183.0,232,3,739.1,338.71000000000004,5.828092312472438,246.36666666666667,245,0.012244897959183673,0.9469387755102041
16184.0,20,2,447.89,707.65,6.563361751612915,223.945,49,0.04081632653061224,0.40816326530612246
16185.0,70,2,450.31,194.41,5.275099915371852,225.155,402,0.004975124378109453,0.17412935323383086
16186.0,9,23,6324.32,2659.59,7.886303181692039,274.97043478260866,568,0.040492957746478875,0.01584507042253521
16187.0,7,8,3475.62,3365.62,8.121664552679032,434.4525,122,0.06557377049180328,0.05737704918032787
16188.0,64,4,661.62,416.09,6.0333020258495615,165.405,246,0.016260162601626018,0.2601626016260163
16190.0,232,7,2508.4700000000003,215.08,5.37564870948436,358.3528571428572,563,0.012433392539964476,0.41207815275310833
16191.0,100,30,12799.880000000001,2362.2400000000002,7.76778883783563,426.6626666666667,566,0.053003533568904596,0.17667844522968199
16192.0,573,1,351.3,0.0,0.0,351.3,573,0.0017452006980802793,1.0
16193.0,74,2,630.43,0.0,0.0,315.215,248,0.008064516129032258,0.29838709677419356
16194.0,213,1,308.59999999999997,0.0,0.0,308.59999999999997,213,0.004694835680751174,1.0
16195.0,561,1,323.25,0.0,0.0,323.25,561,0.0017825311942959,1.0
16196.0,326,1,93.3,0.0,0.0,93.3,326,0.003067484662576687,1.0
16197.0,307,9,2016.71,0.0,0.0,224.07888888888888,561,0.016042780748663103,0.5472370766488414
16198.0,275,1,629.36,400.68100000000004,5.995658241267267,629.36,275,0.0036363636363636364,1.0
16199.0,230,7,942.75,0.0,0.0,134.67857142857142,469,0.014925373134328358,0.4904051172707889
16200.0,2,12,5099.9,530.05,6.274856178767549,424.9916666666666,575,0.020869565217391306,0.0034782608695652175
16201.0,253,1,248.65,1821.52,7.5079754377595,248.65,253,0.003952569169960474,1.0
16202.0,198,11,2467.04,0.0,0.0,224.27636363636364,575,0.019130434782608695,0.3443478260869565
16203.0,65,5,836.1899999999999,274.6,5.618950539139504,167.238,342,0.014619883040935672,0.19005847953216373
16204.0,218,3,533.53,405.71,6.008100400759408,177.84333333333333,569,0.005272407732864675,0.38312829525483305
16205.0,17,4,1181.58,649.03,6.477018515670781,295.395,380,0.010526315789473684,0.04473684210526316
16206.0,46,12,2349.06,248.31,5.518697102039515,195.755,563,0.021314387211367674,0.08170515097690942
16208.0,127,9,3273.78,166.67,5.121997761949716,363.75333333333333,491,0.018329938900203666,0.25865580448065173
16209.0,17,7,3788.42,358.36,5.884324671550078,541.2028571428572,384,0.018229166666666668,0.044270833333333336
16210.0,51,28,27810.97,10493.09,9.258567520539211,993.2489285714286,575,0.04869565217391304,0.08869565217391304
16211.0,259,2,543.5699999999999,542.77,6.298526363335663,271.78499999999997,276,0.007246376811594203,0.9384057971014492
16212.0,119,4,1092.3700000000001,192.19,5.263674160604463,273.09250000000003,508,0.007874015748031496,0.234251968503937
16214.0,8,4,2038.25,0.0,0.0,509.5625,273,0.014652014652014652,0.029304029304029304
16216.0,105,1,914.9300000000001,0.0,0.0,914.9300000000001,105,0.009523809523809525,1.0
16217.0,73,4,259.39000000000004,0.0,0.0,64.84750000000001,120,0.03333333333333333,0.6083333333333333
16218.0,23,16,2987.68,1355.92,7.212972704522978,186.73,399,0.040100250626566414,0.05764411027568922
16219.0,338,1,40.8,0.0,0.0,40.8,338,0.0029585798816568047,1.0
16221.0,113,9,1679.52,549.49,6.310808790693475,186.61333333333334,324,0.027777777777777776,0.3487654320987654
16222.0,156,2,1345.22,0.0,0.0,672.61,559,0.0035778175313059034,0.27906976744186046
16223.0,212,2,1102.3500000000001,0.0,0.0,551.1750000000001,233,0.008583690987124463,0.9098712446351931
16224.0,78,3,864.45,752.09,6.62418474257007,288.15000000000003,225,0.013333333333333334,0.3466666666666667
16225.0,14,16,2326.15,495.76,6.208107012079831,145.384375,508,0.031496062992125984,0.027559055118110236
16226.0,41,5,672.1700000000001,0.0,0.0,134.43400000000003,251,0.0199203187250996,0.16334661354581673
16227.0,57,6,948.82,0.0,0.0,158.13666666666668,373,0.0160857908847185,0.15281501340482573
16228.0,212,4,886.1600000000001,0.0,0.0,221.54000000000002,238,0.01680672268907563,0.8907563025210085
16229.0,50,6,2182.96,652.4,6.48218949916697,363.82666666666665,524,0.011450381679389313,0.09541984732824428
16230.0,27,2,542.03,0.0,0.0,271.015,58,0.034482758620689655,0.46551724137931033
16231.0,217,4,1078.22,0.0,0.0,269.555,435,0.009195402298850575,0.49885057471264366
16232.0,53,7,2075.2599999999998,616.76,6.426100032515926,296.4657142857142,388,0.01804123711340206,0.13659793814432988
16233.0,167,11,1608.53,210.18,5.352710850378369,146.23,575,0.019130434782608695,0.29043478260869565
16234.0,311,4,312.78,0.0,0.0,78.195,399,0.010025062656641603,0.7794486215538847
16235.0,24,9,1788.5900000000001,202.01999999999998,5.3133044963562845,198.73222222222225,308,0.02922077922077922,0.07792207792207792
16237.0,275,1,136.65,0.0,0.0,136.65,275,0.0036363636363636364,1.0
16238.0,260,1,63.66,0.0,0.0,63.66,260,0.0038461538461538464,1.0
16239.0,4,6,1384.6,66.3,4.209160236650682,230.76666666666665,301,0.019933554817275746,0.013289036544850499
16241.0,15,8,2729.2200000000003,1600.09,7.378439926282427,341.15250000000003,248,0.03225806451612903,0.06048387096774194
16242.0,3,14,4676.68,2756.62,7.922123267859848,334.04857142857145,472,0.029661016949152543,0.006355932203389831
16244.0,49,2,2579.38,0.0,0.0,1289.69,210,0.009523809523809525,0.23333333333333334
16245.0,84,2,445.13,907.23,6.811497650490018,222.565,94,0.02127659574468085,0.8936170212765957
16246.0,297,2,827.25,0.0,0.0,413.625,507,0.0039447731755424065,0.5857988165680473
16247.0,8,1,114.56,0.0,0.0,114.56,8,0.125,1.0
16249.0,39,2,1020.53,779.54,6.659985987841522,510.265,77,0.025974025974025976,0.5064935064935064
16250.0,99,3,791.38,0.0,0.0,263.79333333333335,224,0.013392857142857142,0.4419642857142857
16251.0,350,1,128.31,0.0,0.0,128.31,350,0.002857142857142857,1.0
16253.0,93,7,5311.69,1965.22,7.583868196786288,758.8128571428571,569,0.012302284710017574,0.1634446397188049
16254.0,216,3,985.14,0.0,0.0,328.38,470,0.006382978723404255,0.4595744680851064
16255.0,84,13,3286.76,1547.63,7.345125948101286,252.82769230769233,522,0.02490421455938697,0.16091954022988506
16256.0,95,4,1609.57,0.0,0.0,402.3925,435,0.009195402298850575,0.21839080459770116
16257.0,14,1,46.95,0.0,0.0,46.95,14,0.07142857142857142,1.0
16258.0,7,13,8463.47,3370.05,8.12297954751801,651.0361538461538,477,0.027253668763102725,0.014675052410901468
16259.0,248,3,361.94,0.0,0.0,120.64666666666666,443,0.006772009029345372,0.5598194130925508
16261.0,84,3,567.58,491.87,6.200245447586355,189.19333333333336,280,0.010714285714285714,0.3
16262.0,198,3,677.78,0.0,0.0,225.92666666666665,518,0.005791505791505791,0.38223938223938225
16263.0,261,1,351.01,0.0,0.0,351.01,261,0.0038314176245210726,1.0
16264.0,276,2,837.53,0.0,0.0,418.765,284,0.007042253521126761,0.971830985915493
16265.0,56,11,4321.76,2571.86,7.852773399608242,392.8872727272728,245,0.044897959183673466,0.22857142857142856
16266.0,14,11,1384.9,373.05,5.924389478318414,125.9,511,0.021526418786692758,0.0273972602739726
16267.0,429,1,186.66,0.0,0.0,186.66,429,0.002331002331002331,1.0
16269.0,266,2,714.59,0.0,0.0,357.295,275,0.007272727272727273,0.9672727272727273
16270.0,191,1,1141.24,0.0,0.0,1141.24,191,0.005235602094240838,1.0
16271.0,196,6,2167.0,1290.07,7.163226610910403,361.1666666666667,480,0.0125,0.4083333333333333
16273.0,486,2,336.03999999999996,0.0,0.0,168.01999999999998,494,0.004048582995951417,0.9838056680161943
16274.0,211,1,715.9,0.0,0.0,715.9,211,0.004739336492890996,1.0
16275.0,34,3,2151.11,0.0,0.0,717.0366666666667,479,0.006263048016701462,0.0709812108559499
16276.0,14,3,2629.3900000000003,0.0,0.0,876.4633333333335,445,0.006741573033707865,0.03146067415730337
16277.0,571,1,188.69,0.0,0.0,188.69,571,0.0017513134851138354,1.0
16278.0,315,4,518.76,537.83,6.28940012227348,129.69,337,0.011869436201780416,0.9347181008902077
16279.0,14,8,4541.68,1150.5,7.04882071926074,567.71,434,0.018433179723502304,0.03225806451612903
16280.0,563,1,238.05,0.0,0.0,238.05,563,0.0017761989342806395,1.0
16281.0,260,3,1354.46,2062.06,7.6319455965067835,451.4866666666667,520,0.0057692307692307696,0.5
16282.0,177,3,1307.58,0.0,0.0,435.85999999999996,556,0.00539568345323741,0.3183453237410072
16283.0,46,6,3057.67,1253.7,7.1346517791656545,509.6116666666667,487,0.012320328542094456,0.0944558521560575
16284.0,231,1,205.8,823.97,6.715347022037144,205.8,231,0.004329004329004329,1.0
16285.0,484,1,176.9,0.0,0.0,176.9,484,0.002066115702479339,1.0
16286.0,315,4,263.65,0.0,0.0,65.9125,461,0.008676789587852495,0.6832971800433839
16287.0,7,5,1006.98,0.0,0.0,201.39600000000002,527,0.009487666034155597,0.013282732447817837
16288.0,308,1,129.85,0.0,0.0,129.85,308,0.003246753246753247,1.0
16289.0,300,2,98.81,0.0,0.0,49.405,300,0.006666666666666667,1.0
16290.0,302,4,2069.3,0.0,0.0,517.325,403,0.009925558312655087,0.749379652605459
16291.0,520,1,117.72,0.0,0.0,117.72,520,0.0019230769230769232,1.0
16292.0,213,7,890.56,280.9,5.641552398120067,127.22285714285714,442,0.01583710407239819,0.4819004524886878
16293.0,45,11,3525.2000000000003,1107.0,7.010311867307229,320.4727272727273,566,0.019434628975265017,0.07950530035335689
16294.0,314,1,126.05000000000001,0.0,0.0,126.05000000000001,314,0.0031847133757961785,1.0
16296.0,464,6,1245.97,0.0,0.0,207.66166666666666,559,0.01073345259391771,0.8300536672629696
16297.0,50,4,275.4,0.0,0.0,68.85,106,0.03773584905660377,0.4716981132075472
16298.0,24,7,596.1,483.90000000000003,6.183942684111306,85.15714285714286,280,0.025,0.08571428571428572
16299.0,310,2,178.65,0.0,0.0,89.325,315,0.006349206349206349,0.9841269841269841
16300.0,268,3,1392.43,0.0,0.0,464.1433333333334,513,0.005847953216374269,0.5224171539961013
16301.0,574,1,107.33,0.0,0.0,107.33,574,0.0017421602787456446,1.0
16303.0,171,6,3345.07,4478.65,8.407300197357115,557.5116666666667,469,0.01279317697228145,0.3646055437100213
16304.0,532,1,381.66,0.0,0.0,381.66,532,0.0018796992481203006,1.0
16306.0,51,10,1162.82,0.0,0.0,116.282,272,0.03676470588235294,0.1875
16307.0,267,3,1194.92,0.0,0.0,398.3066666666667,415,0.007228915662650603,0.6433734939759036
16308.0,55,5,3520.0,1600.0,7.3783837129967145,704.0,562,0.008896797153024912,0.09786476868327403
16309.0,78,1,334.2,352.47,5.867798616105916,334.2,78,0.01282051282051282,1.0
16310.0,252,2,460.08,0.0,0.0,230.04,480,0.004166666666666667,0.525
16312.0,270,1,171.15,0.0,0.0,171.15,270,0.003703703703703704,1.0
16314.0,227,3,1491.4,0.0,0.0,497.1333333333334,310,0.00967741935483871,0.7322580645161291
16315.0,168,2,402.71,0.0,0.0,201.355,374,0.0053475935828877,0.44919786096256686
16316.0,44,14,4558.56,974.75,6.883206406060724,325.6114285714286,331,0.04229607250755287,0.13293051359516617
16317.0,135,4,1408.8700000000001,770.89,6.6488420528259,352.21750000000003,422,0.009478672985781991,0.31990521327014215
16319.0,55,1,404.40000000000003,0.0,0.0,404.40000000000003,55,0.01818181818181818,1.0
16320.0,10,8,4428.849999999999,0.0,0.0,553.6062499999999,519,0.015414258188824663,0.019267822736030827
16321.0,143,7,190.5,75.0,4.330733340286331,27.214285714285715,576,0.012152777777777778,0.2482638888888889
16323.0,34,2,353.66,0.0,0.0,176.83,415,0.004819277108433735,0.0819277108433735
16324.0,15,1,166.56,262.12,5.572610201880802,166.56,15,0.06666666666666667,1.0
16325.0,72,14,3091.02,372.82000000000005,5.923774398138032,220.78714285714287,573,0.02443280977312391,0.1256544502617801
16326.0,11,16,2539.61,2167.38,7.681735623953129,158.725625,518,0.03088803088803089,0.021235521235521235
16327.0,37,18,9330.94,1374.58,7.226630739342211,518.3855555555556,563,0.03197158081705151,0.06571936056838366
16328.0,401,1,310.83,0.0,0.0,310.83,401,0.0024937655860349127,1.0
16329.0,265,4,1703.07,0.0,0.0,425.7675,576,0.006944444444444444,0.4600694444444444
16330.0,262,4,382.42,242.21,5.493925267667725,95.605,500,0.008,0.524
16331.0,270,6,2037.7,0.0,0.0,339.6166666666667,480,0.0125,0.5625
16332.0,143,6,529.07,1460.9,7.28749223851757,88.17833333333334,427,0.01405152224824356,0.33489461358313816
16333.0,30,16,13087.2,13539.6,9.5134478586307,817.95,147,0.10884353741496598,0.20408163265306123
16334.0,330,1,277.48,0.0,0.0,277.48,330,0.0030303030303030303,1.0
16335.0,389,8,2747.0,0.0,0.0,343.375,573,0.013961605584642234,0.6788830715532286
16336.0,258,4,3517.69,0.0,0.0,879.4225,469,0.008528784648187633,0.5501066098081023
16339.0,122,1,109.95,0.0,0.0,109.95,122,0.00819672131147541,1.0
16340.0,277,2,976.99,549.07,6.310045542855303,488.495,389,0.005141388174807198,0.712082262210797
16341.0,34,6,2665.12,1167.17,7.063193700742303,444.18666666666667,447,0.013422818791946308,0.07606263982102908
16342.0,17,1,136.95,185.46,5.228216738868547,136.95,17,0.058823529411764705,1.0
16343.0,245,1,316.59,370.47999999999996,5.917495026907807,316.59,245,0.004081632653061225,1.0
16344.0,347,3,741.3199999999999,101.10000000000001,4.62595272517062,247.10666666666665,506,0.005928853754940711,0.6857707509881423
16345.0,321,1,623.33,575.41,6.356819213038024,623.33,321,0.003115264797507788,1.0
16346.0,223,1,224.51,0.0,0.0,224.51,223,0.004484304932735426,1.0
16347.0,226,11,2594.36,887.65,6.789703457206,235.8509090909091,475,0.023157894736842106,0.47578947368421054
16348.0,29,4,912.09,886.13,6.787991533013567,228.0225,268,0.014925373134328358,0.10820895522388059
16349.0,128,1,53.5,0.0,0.0,53.5,128,0.0078125,1.0
16350.0,171,9,1466.72,739.77,6.607690185751695,162.9688888888889,266,0.03383458646616541,0.6428571428571429
16351.0,170,18,3279.13,0.0,0.0,182.17388888888888,573,0.031413612565445025,0.29668411867364747
16353.0,55,29,5465.5,4520.43,8.416583594472725,188.4655172413793,570,0.05087719298245614,0.09649122807017543
16354.0,217,3,733.71,395.8,5.983432375410718,244.57000000000002,429,0.006993006993006993,0.5058275058275058
16355.0,212,2,349.2,0.0,0.0,174.6,213,0.009389671361502348,0.9953051643192489
16356.0,35,7,414.42,0.0,0.0,59.20285714285715,389,0.017994858611825194,0.08997429305912596
16357.0,51,2,347.39,520.98,6.257629272972387,173.695,219,0.0091324200913242,0.2328767123287671
16358.0,20,3,1351.75,1565.3500000000001,7.356503350939917,450.5833333333333,232,0.01293103448275862,0.08620689655172414
16359.0,14,17,1875.31,504.09000000000003,6.224736631218232,110.31235294117647,499,0.03406813627254509,0.028056112224448898
16362.0,268,2,189.67,652.07,6.481684321080954,94.835,275,0.007272727272727273,0.9745454545454545
16365.0,91,10,2245.74,1051.06,6.958505425891798,224.57399999999998,566,0.0176678445229682,0.1607773851590106
16366.0,420,3,1220.83,327.3,5.793927824507547,406.9433333333333,561,0.0053475935828877,0.7486631016042781
16367.0,200,2,728.82,633.58,6.452963362736921,364.41,221,0.00904977375565611,0.9049773755656109
16368.0,273,1,142.78,497.43,6.211463158278113,142.78,273,0.003663003663003663,1.0
16369.0,34,5,1465.6,1199.21,7.090251820465378,293.12,449,0.011135857461024499,0.0757238307349666
16370.0,20,2,546.58,773.98,6.652837222568742,273.29,63,0.031746031746031744,0.31746031746031744
16371.0,286,1,157.2,0.0,0.0,157.2,286,0.0034965034965034965,1.0
16372.0,240,4,930.68,367.93,5.910606924147827,232.67,445,0.008988764044943821,0.5393258426966292
16373.0,220,2,309.49,0.0,0.0,154.745,249,0.008032128514056224,0.8835341365461847
16374.0,100,4,1454.72,316.73,5.7612019655236875,363.68,426,0.009389671361502348,0.2347417840375587
16375.0,308,2,104.0,0.0,0.0,52.0,308,0.006493506493506494,1.0
16377.0,105,2,1308.48,0.0,0.0,654.24,455,0.004395604395604396,0.23076923076923078
16378.0,85,3,362.95,0.0,0.0,120.98333333333333,148,0.02027027027027027,0.5743243243243243
16381.0,233,2,258.7,0.0,0.0,129.35,256,0.0078125,0.91015625
16382.0,246,2,353.1,0.0,0.0,176.55,388,0.005154639175257732,0.634020618556701
16383.0,106,8,2551.94,358.90000000000003,5.885826215084985,318.9925,511,0.015655577299412915,0.20743639921722112
16384.0,101,3,1183.55,175.4,5.172754143572691,394.51666666666665,428,0.007009345794392523,0.23598130841121495
16385.0,204,3,622.95,407.66,6.012883514481282,207.65,469,0.006396588486140725,0.4349680170575693
16386.0,91,2,846.49,256.1,5.549465114271844,423.245,225,0.008888888888888889,0.40444444444444444
16387.0,160,5,918.55,0.0,0.0,183.70999999999998,476,0.01050420168067227,0.33613445378151263
16388.0,491,1,186.05,0.0,0.0,186.05,491,0.002036659877800407,1.0
16389.0,43,2,670.17,692.1,6.541174288923939,335.085,121,0.01652892561983471,0.35537190082644626
16390.0,374,3,467.5,0.0,0.0,155.83333333333334,517,0.005802707930367505,0.723404255319149
16391.0,238,4,1103.61,0.0,0.0,275.9025,399,0.010025062656641603,0.5964912280701754
16392.0,107,3,763.05,0.0,0.0,254.35,399,0.007518796992481203,0.2681704260651629
16393.0,23,17,3471.64,1984.8600000000001,7.593807348666158,204.21411764705883,576,0.029513888888888888,0.03993055555555555
16394.0,9,4,921.28,490.78,6.19803146201739,230.32,127,0.031496062992125984,0.07086614173228346
16395.0,6,15,2939.3,519.65,6.255078030975905,195.95333333333335,571,0.02626970227670753,0.010507880910683012
16396.0,311,3,102.69999999999999,0.0,0.0,34.23333333333333,314,0.009554140127388535,0.9904458598726115
16397.0,466,1,127.88,0.0,0.0,127.88,466,0.002145922746781116,1.0
16398.0,64,2,1150.05,481.09999999999997,6.1781515614115765,575.025,91,0.02197802197802198,0.7032967032967034
16399.0,73,2,411.66,230.16,5.4431101114495775,205.83,227,0.00881057268722467,0.32158590308370044
16400.0,233,8,2855.5099999999998,303.93,5.720082242069654,356.93874999999997,569,0.014059753954305799,0.4094903339191564
16401.0,48,26,4224.39,2404.6,7.785554631674319,162.47653846153847,393,0.06615776081424936,0.12213740458015267
16402.0,102,2,511.4,0.0,0.0,255.7,207,0.00966183574879227,0.4927536231884058
16403.0,140,2,161.04999999999998,0.0,0.0,80.52499999999999,150,0.013333333333333334,0.9333333333333333
16405.0,140,2,167.25,0.0,0.0,83.625,148,0.013513513513513514,0.9459459459459459
16406.0,288,3,370.91,163.07,5.100293166026791,123.63666666666667,491,0.006109979633401222,0.5865580448065173
16407.0,32,9,1489.46,1332.19,7.195329845655379,165.49555555555557,270,0.03333333333333333,0.11851851851851852
16408.0,429,1,231.93,0.0,0.0,231.93,429,0.002331002331002331,1.0
16409.0,80,9,4483.72,1225.32,7.111773093857852,498.1911111111111,564,0.015957446808510637,0.14184397163120568
16410.0,572,1,130.32,0.0,0.0,130.32,572,0.0017482517482517483,1.0
16411.0,207,3,827.04,83.15,4.432600920636815,275.68,266,0.011278195488721804,0.7781954887218046
16412.0,231,4,495.4,151.83,5.029326192539745,123.85,511,0.007827788649706457,0.4520547945205479
16413.0,213,1,266.78000000000003,262.2,5.572914199451162,266.78000000000003,213,0.004694835680751174,1.0
16414.0,118,4,484.26,75.45,4.336636932375072,121.065,532,0.007518796992481203,0.22180451127819548
16415.0,421,2,509.09000000000003,210.35,5.3535155270127985,254.54500000000002,514,0.0038910505836575876,0.8190661478599222
16416.0,228,6,1921.48,1026.99,6.935360718341338,320.24666666666667,492,0.012195121951219513,0.4634146341463415
16417.0,330,1,35.7,0.0,0.0,35.7,330,0.0030303030303030303,1.0
16418.0,64,3,572.58,529.36,6.2735560212465185,190.86,260,0.011538461538461539,0.24615384615384617
16419.0,6,7,1253.13,221.54,5.405106860729554,179.01857142857145,506,0.01383399209486166,0.011857707509881422
16420.0,234,1,75.0,0.0,0.0,75.0,234,0.004273504273504274,1.0
16421.0,214,3,526.27,0.0,0.0,175.42333333333332,307,0.009771986970684038,0.6970684039087948
16422.0,2,119,48900.16,12210.380000000001,9.410123582831254,410.9257142857143,576,0.2065972222222222,0.003472222222222222
16424.0,29,3,392.06,0.0,0.0,130.68666666666667,220,0.013636363636363636,0.1318181818181818
16425.0,140,1,302.7,0.0,0.0,302.7,140,0.007142857142857143,1.0
16426.0,114,1,328.37,1579.88,7.365736933000547,328.37,114,0.008771929824561403,1.0
16427.0,101,2,241.06,0.0,0.0,120.53,122,0.01639344262295082,0.8278688524590164
16430.0,219,6,817.09,300.85,5.709930205242435,136.18166666666667,519,0.011560693641618497,0.42196531791907516
16431.0,51,3,642.81,0.0,0.0,214.26999999999998,135,0.022222222222222223,0.37777777777777777
16433.0,246,1,200.26,184.26,5.221760243825881,200.26,246,0.0040650406504065045,1.0
16434.0,30,9,1929.01,798.03,6.6833984919950735,214.33444444444444,529,0.017013232514177693,0.05671077504725898
16435.0,350,3,1011.5699999999999,0.0,0.0,337.19,352,0.008522727272727272,0.9943181818181818
16436.0,506,4,242.04,0.0,0.0,60.51,571,0.0070052539404553416,0.8861646234676007
16437.0,219,2,301.25,0.0,0.0,150.625,267,0.00749063670411985,0.8202247191011236
16439.0,560,1,310.70000000000005,0.0,0.0,310.70000000000005,560,0.0017857142857142857,1.0
16440.0,52,2,488.76,3368.21,8.12243357450044,244.38,331,0.006042296072507553,0.15709969788519637
16441.0,129,5,853.28,170.2,5.1428324637076415,170.656,465,0.010752688172043012,0.27741935483870966
16442.0,65,4,719.71,179.76,5.197170184543078,179.9275,564,0.0070921985815602835,0.11524822695035461
16443.0,358,1,162.24,0.0,0.0,162.24,358,0.002793296089385475,1.0
16444.0,32,18,3167.79,414.59,6.029699197337897,175.98833333333334,463,0.038876889848812095,0.06911447084233262
16445.0,224,3,372.22,230.51,5.444623069137621,124.07333333333334,249,0.012048192771084338,0.8995983935742972
16447.0,428,2,516.13,259.01,5.560720091814363,258.065,498,0.004016064257028112,0.8594377510040161
16448.0,36,2,367.87,0.0,0.0,183.935,309,0.006472491909385114,0.11650485436893204
16449.0,28,3,674.69,0.0,0.0,224.89666666666668,118,0.025423728813559324,0.23728813559322035
16450.0,422,3,1163.81,311.92,5.74594756681688,387.93666666666667,567,0.005291005291005291,0.7442680776014109
16451.0,399,3,742.4300000000001,266.97,5.590875033946567,247.4766666666667,573,0.005235602094240838,0.6963350785340314
16452.0,468,2,332.17,0.0,0.0,166.085,531,0.003766478342749529,0.8813559322033898
16453.0,368,2,251.71,0.0,0.0,125.855,386,0.0051813471502590676,0.9533678756476683
16455.0,42,11,3599.32,707.4,6.563008905908679,327.2109090909091,457,0.024070021881838075,0.09190371991247265
16456.0,65,12,5603.65,581.76,6.367775437785795,466.9708333333333,458,0.026200873362445413,0.14192139737991266
16457.0,56,1,208.36,0.0,0.0,208.36,56,0.017857142857142856,1.0
16458.0,8,20,3760.3,1955.04,7.578677300283417,188.01500000000001,400,0.05,0.02
16459.0,567,1,71.78999999999999,0.0,0.0,71.78999999999999,567,0.001763668430335097,1.0
16461.0,15,3,1615.22,0.0,0.0,538.4066666666666,484,0.006198347107438017,0.030991735537190084
16462.0,23,2,68.0,34.0,3.5553480614894135,34.0,121,0.01652892561983471,0.19008264462809918
16463.0,34,2,314.42,1069.28,6.975675575466116,157.21,42,0.047619047619047616,0.8095238095238095
16465.0,251,3,726.34,0.0,0.0,242.11333333333334,282,0.010638297872340425,0.8900709219858156
16466.0,18,12,2632.97,1080.6200000000001,6.986215196242001,219.41416666666666,480,0.025,0.0375
16467.0,346,8,2862.4,0.0,0.0,357.8,575,0.01391304347826087,0.6017391304347826
16468.0,308,2,712.62,74.9,4.3294166844015844,356.31,319,0.006269592476489028,0.9655172413793104
16469.0,84,3,455.36,373.55,5.925725305393892,151.78666666666666,352,0.008522727272727272,0.23863636363636365
16470.0,30,10,2036.92,416.73,6.034835290805795,203.692,566,0.0176678445229682,0.053003533568904596
16471.0,112,6,1186.18,0.0,0.0,197.6966666666667,490,0.012244897959183673,0.22857142857142856
16472.0,272,2,789.6,0.0,0.0,394.8,435,0.004597701149425287,0.6252873563218391
16473.0,2,5,469.58,0.0,0.0,93.916,212,0.02358490566037736,0.009433962264150943
16475.0,111,1,310.0,234.3,5.4608612957333165,310.0,111,0.009009009009009009,1.0
16476.0,255,3,337.0,0.0,0.0,112.33333333333333,269,0.011152416356877323,0.9479553903345725
16477.0,52,9,3378.07,941.95,6.849013258958374,375.3411111111111,322,0.027950310559006212,0.16149068322981366
16481.0,497,3,428.23,0.0,0.0,142.74333333333334,520,0.0057692307692307696,0.9557692307692308
16483.0,30,1,139.35,0.0,0.0,139.35,30,0.03333333333333333,1.0
16484.0,11,3,379.4,0.0,0.0,126.46666666666665,28,0.10714285714285714,0.39285714285714285
16485.0,270,6,1774.03,363.65,5.898937989430242,295.6716666666667,571,0.010507880910683012,0.47285464098073554
16486.0,375,1,134.36,0.0,0.0,134.36,375,0.0026666666666666666,1.0
16487.0,415,2,209.4,0.0,0.0,104.7,497,0.004024144869215292,0.8350100603621731
16489.0,218,2,303.7,0.0,0.0,151.85,274,0.0072992700729927005,0.7956204379562044
16490.0,268,2,179.16000000000003,0.0,0.0,89.58000000000001,274,0.0072992700729927005,0.9781021897810219
16491.0,238,2,792.81,731.5,6.596463340891223,396.405,251,0.00796812749003984,0.9482071713147411
16492.0,378,1,385.56,0.0,0.0,385.56,378,0.0026455026455026454,1.0
16493.0,11,6,1562.75,547.37,6.306950241596622,260.4583333333333,461,0.013015184381778741,0.02386117136659436
16494.0,134,1,826.53,0.0,0.0,826.53,134,0.007462686567164179,1.0
16495.0,114,2,246.51,437.9,6.0842715966941885,123.255,114,0.017543859649122806,1.0
16496.0,29,6,1878.99,414.48,6.029434478359611,313.165,347,0.01729106628242075,0.08357348703170028
16497.0,41,22,5280.29,1414.99,7.2555842120818355,240.0131818181818,574,0.03832752613240418,0.07142857142857142
16499.0,198,13,2491.7400000000002,0.0,0.0,191.6723076923077,384,0.033854166666666664,0.515625
16500.0,168,5,600.1,235.86,5.467469249293349,120.02000000000001,381,0.013123359580052493,0.4409448818897638
16501.0,221,1,1237.23,0.0,0.0,1237.23,221,0.004524886877828055,1.0
16502.0,458,2,266.5,0.0,0.0,133.25,458,0.004366812227074236,1.0
16503.0,52,12,3259.35,338.54,5.827591760382488,271.6125,374,0.03208556149732621,0.13903743315508021
16507.0,410,1,152.76,0.0,0.0,152.76,410,0.0024390243902439024,1.0
16508.0,468,1,248.8,0.0,0.0,248.8,468,0.002136752136752137,1.0
16509.0,134,1,363.7,0.0,0.0,363.7,134,0.007462686567164179,1.0
16510.0,210,6,2100.0,0.0,0.0,350.0,529,0.011342155009451797,0.39697542533081287
16511.0,104,4,1209.51,609.51,6.414294673432988,302.3775,486,0.00823045267489712,0.2139917695473251
16515.0,84,7,2211.5,1004.8,6.913538523737865,315.92857142857144,378,0.018518518518518517,0.2222222222222222
16517.0,115,1,162.7,0.0,0.0,162.7,115,0.008695652173913044,1.0
16518.0,108,5,644.65,293.62,5.685686390386793,128.93,394,0.012690355329949238,0.27411167512690354
16519.0,203,3,444.88,111.38,4.721885985684052,148.29333333333332,486,0.006172839506172839,0.4176954732510288
16520.0,24,8,2465.92,0.0,0.0,308.24,485,0.016494845360824743,0.049484536082474224
16521.0,253,3,1148.01,0.0,0.0,382.67,486,0.006172839506172839,0.5205761316872428
16522.0,273,2,433.36,0.0,0.0,216.68,288,0.006944444444444444,0.9479166666666666
16523.0,15,21,5662.57,6097.97,8.715875183445204,269.64619047619044,569,0.03690685413005272,0.026362038664323375
16524.0,284,2,308.14,0.0,0.0,154.07,529,0.003780718336483932,0.5368620037807184
16525.0,1,44,19440.9,3909.84,8.271507463665534,441.8386363636364,575,0.07652173913043478,0.0017391304347826088
16526.0,9,2,717.21,0.0,0.0,358.605,422,0.004739336492890996,0.02132701421800948
16527.0,262,1,1044.38,228.06,5.43398397796957,1044.38,262,0.003816793893129771,1.0
16529.0,28,4,2012.0,0.0,0.0,503.0,368,0.010869565217391304,0.07608695652173914
16530.0,506,1,48.349999999999994,0.0,0.0,48.349999999999994,506,0.001976284584980237,1.0
16531.0,132,8,1503.82,759.76,6.634317933613461,187.9775,279,0.02867383512544803,0.4731182795698925
16532.0,176,3,3918.24,4838.4,8.484546025083992,1306.08,458,0.006550218340611353,0.38427947598253276
16534.0,480,1,635.9,0.0,0.0,635.9,480,0.0020833333333333333,1.0
16535.0,223,2,407.84,593.75,6.388141149183067,203.92,518,0.003861003861003861,0.4305019305019305
16537.0,479,1,23.35,0.0,0.0,23.35,479,0.0020876826722338203,1.0
16538.0,379,3,399.62,0.0,0.0,133.20666666666668,433,0.006928406466512702,0.8752886836027713
16539.0,57,9,3396.81,335.2,5.817706220974515,377.42333333333335,370,0.024324324324324326,0.15405405405405406
16540.0,252,1,226.70000000000002,0.0,0.0,226.70000000000002,252,0.003968253968253968,1.0
16541.0,573,2,419.78,0.0,0.0,209.89,573,0.0034904013961605585,1.0
16542.0,239,1,137.7,119.62,4.792645108022841,137.7,239,0.0041841004184100415,1.0
16543.0,421,2,277.80999999999995,0.0,0.0,138.90499999999997,429,0.004662004662004662,0.9813519813519813
16544.0,357,6,110.3,0.0,0.0,18.383333333333333,500,0.012,0.714
16545.0,2,2,689.82,0.0,0.0,344.91,213,0.009389671361502348,0.009389671361502348
16546.0,128,7,3837.36,0.0,0.0,548.1942857142857,280,0.025,0.45714285714285713
16547.0,384,1,111.71,0.0,0.0,111.71,384,0.0026041666666666665,1.0
16548.0,437,1,30.15,0.0,0.0,30.15,437,0.002288329519450801,1.0
16549.0,172,28,9124.49,4035.15,8.303046546293286,325.8746428571429,574,0.04878048780487805,0.29965156794425085
16550.0,2,26,8660.05,509.27,6.23493999739411,333.07884615384614,575,0.04521739130434783,0.0034782608695652175
16551.0,174,5,1626.07,611.05,6.416813978521521,325.214,564,0.008865248226950355,0.30851063829787234
16552.0,80,2,475.02000000000004,0.0,0.0,237.51000000000002,211,0.009478672985781991,0.3791469194312796
16553.0,1,36,16555.87,0.0,0.0,459.88527777777773,504,0.07142857142857142,0.001984126984126984
16554.0,42,16,1986.63,420.53999999999996,6.043914672108901,124.164375,562,0.028469750889679714,0.07473309608540925
16555.0,339,8,5.329070518200751e-15,285.89,5.659098867029561,6.661338147750939e-16,343,0.023323615160349854,0.9883381924198251
16556.0,39,21,5935.26,1674.97,7.424147381120489,282.63142857142856,570,0.03684210526315789,0.06842105263157895
16558.0,14,37,9155.09,4563.87,8.426145315077026,247.43486486486486,574,0.06445993031358885,0.024390243902439025
16559.0,235,1,185.20000000000002,0.0,0.0,185.20000000000002,235,0.00425531914893617,1.0
16560.0,196,8,2526.4,484.33,6.184829071933068,315.8,569,0.014059753954305799,0.3444639718804921
16562.0,314,1,223.85999999999999,0.0,0.0,223.85999999999999,314,0.0031847133757961785,1.0
16563.0,238,6,3334.82,1077.74,6.9835489723662585,555.8033333333334,576,0.010416666666666666,0.4131944444444444
16564.0,407,1,87.8,0.0,0.0,87.8,407,0.002457002457002457,1.0
16565.0,202,5,700.45,0.0,0.0,140.09,393,0.01272264631043257,0.5139949109414759
16566.0,8,4,463.23,150.78,5.022432103975767,115.8075,130,0.03076923076923077,0.06153846153846154
16567.0,32,2,865.6,0.0,0.0,432.8,174,0.011494252873563218,0.1839080459770115
16568.0,265,2,1020.9000000000001,0.0,0.0,510.45000000000005,479,0.0041753653444676405,0.5532359081419624
16569.0,469,4,1331.03,124.2,4.829912458665998,332.7575,561,0.0071301247771836,0.8360071301247772
16570.0,3,22,4995.07,1846.75,7.521723961664996,227.04863636363635,574,0.03832752613240418,0.005226480836236934
16571.0,14,14,3636.62,388.43,5.964684131573013,259.75857142857143,469,0.029850746268656716,0.029850746268656716
16572.0,113,1,342.58,657.12,6.48938728551845,342.58,113,0.008849557522123894,1.0
16573.0,120,2,282.38,366.03,5.905443588582932,141.19,128,0.015625,0.9375
16574.0,261,2,850.34,451.44,6.11465515766318,425.17,496,0.004032258064516129,0.5262096774193549
16576.0,247,5,513.1700000000001,0.0,0.0,102.63400000000001,359,0.013927576601671309,0.6880222841225627
16577.0,504,1,380.0,0.0,0.0,380.0,504,0.001984126984126984,1.0
16578.0,464,1,156.6,0.0,0.0,156.6,464,0.0021551724137931034,1.0
16579.0,203,2,233.85,0.0,0.0,116.925,263,0.0076045627376425855,0.7718631178707225
16583.0,211,2,531.4,0.0,0.0,265.7,511,0.003913894324853229,0.41291585127201563
16584.0,84,6,2761.33,324.14,5.784255858806078,460.22166666666664,499,0.012024048096192385,0.1683366733466934
16585.0,431,2,341.59,0.0,0.0,170.795,533,0.00375234521575985,0.8086303939962477
16586.0,86,3,1462.78,0.0,0.0,487.5933333333333,473,0.006342494714587738,0.18181818181818182
16587.0,70,1,225.15,0.0,0.0,225.15,70,0.014285714285714285,1.0
16588.0,224,4,1361.28,0.0,0.0,340.32,412,0.009708737864077669,0.5436893203883495
16589.0,288,1,153.12,459.24,6.131748092555038,153.12,288,0.003472222222222222,1.0
16590.0,219,3,563.6,0.0,0.0,187.86666666666667,252,0.011904761904761904,0.8690476190476191
16592.0,21,25,5048.26,2576.2,7.854458817264487,201.93040000000002,559,0.044722719141323794,0.03756708407871199
16593.0,27,8,976.7099999999999,74.53,4.324529928325356,122.08874999999999,572,0.013986013986013986,0.0472027972027972
16595.0,214,4,1450.02,360.16,5.8893210734392785,362.505,529,0.007561436672967864,0.4045368620037807
16596.0,204,3,450.13,129.5,4.871373226762748,150.04333333333332,567,0.005291005291005291,0.35978835978835977
16598.0,115,2,140.7,0.0,0.0,70.35,123,0.016260162601626018,0.9349593495934959
16599.0,223,1,172.8,0.0,0.0,172.8,223,0.004484304932735426,1.0
16600.0,91,12,1517.5,576.06,6.3579462472370984,126.45833333333333,559,0.02146690518783542,0.16279069767441862
16601.0,228,2,439.45,244.79999999999998,5.504518197131935,219.725,461,0.004338394793926247,0.4945770065075922
16602.0,223,3,216.9,494.72999999999996,6.206031423671332,72.3,226,0.01327433628318584,0.9867256637168141
16604.0,386,3,326.25,0.0,0.0,108.75,406,0.007389162561576354,0.9507389162561576
16605.0,562,1,60.48,0.0,0.0,60.48,562,0.0017793594306049821,1.0
16606.0,242,2,357.66,0.0,0.0,178.83,272,0.007352941176470588,0.8897058823529411
16607.0,45,21,3758.57,1616.61,7.38870503024512,178.9795238095238,427,0.04918032786885246,0.1053864168618267
16608.0,291,2,1288.72,0.0,0.0,644.36,501,0.003992015968063872,0.5808383233532934
16609.0,35,3,1987.6200000000001,3463.34,8.150277417290633,662.5400000000001,90,0.03333333333333333,0.3888888888888889
16610.0,57,1,75.66,0.0,0.0,75.66,57,0.017543859649122806,1.0
16611.0,24,7,1776.63,0.0,0.0,253.80428571428573,477,0.014675052410901468,0.050314465408805034
16612.0,24,8,2764.7200000000003,478.76,6.173285978860254,345.59000000000003,574,0.013937282229965157,0.041811846689895474
16614.0,20,3,1179.79,0.0,0.0,393.2633333333333,416,0.007211538461538462,0.04807692307692308
16615.0,406,2,264.5,0.0,0.0,132.25,464,0.004310344827586207,0.875
16617.0,73,1,151.85,0.0,0.0,151.85,73,0.0136986301369863,1.0
16618.0,41,5,1424.34,1206.3,7.096141740338342,284.868,160,0.03125,0.25625
16619.0,91,5,1916.53,0.0,0.0,383.306,493,0.010141987829614604,0.1845841784989858
16620.0,98,5,1675.73,83.2,4.4331949212482815,335.146,576,0.008680555555555556,0.1701388888888889
16621.0,53,2,490.7,322.78,5.78006427281336,245.35,115,0.017391304347826087,0.4608695652173913
16622.0,380,2,205.6,0.0,0.0,102.8,381,0.005249343832020997,0.9973753280839895
16623.0,83,5,1002.49,0.0,0.0,200.498,430,0.011627906976744186,0.1930232558139535
16624.0,35,1,426.43,384.14,5.953606904551742,426.43,35,0.02857142857142857,1.0
16625.0,112,6,1651.08,0.0,0.0,275.18,381,0.015748031496062992,0.29396325459317585
16626.0,6,5,1704.79,2674.86,7.892026102988661,340.95799999999997,104,0.04807692307692308,0.057692307692307696
16628.0,56,4,842.96,1470.13,7.293786091951503,210.74,479,0.008350730688935281,0.11691022964509394
16630.0,245,2,104.30000000000001,0.0,0.0,52.150000000000006,273,0.007326007326007326,0.8974358974358975
16631.0,319,8,1867.02,0.0,0.0,233.3775,489,0.016359918200409,0.6523517382413088
16632.0,323,2,406.4,0.0,0.0,203.2,419,0.00477326968973747,0.7708830548926014
16633.0,18,2,703.32,2174.83,7.685165479923916,351.66,72,0.027777777777777776,0.25
16634.0,60,10,1363.1,0.0,0.0,136.31,525,0.01904761904761905,0.11428571428571428
16635.0,244,1,473.0,0.0,0.0,473.0,244,0.004098360655737705,1.0
16636.0,276,4,3802.04,0.0,0.0,950.51,484,0.008264462809917356,0.5702479338842975
16637.0,63,1,303.62,820.97,6.711703898039807,303.62,63,0.015873015873015872,1.0
16638.0,91,12,1957.0,469.28000000000003,6.15332826199954,163.08333333333334,316,0.0379746835443038,0.2879746835443038
16639.0,44,3,961.62,698.23,6.549979729599372,320.54,247,0.012145748987854251,0.17813765182186234
16640.0,235,1,179.4,0.0,0.0,179.4,235,0.00425531914893617,1.0
16641.0,539,1,323.40000000000003,231.10000000000002,5.447168313280391,323.40000000000003,539,0.0018552875695732839,1.0
16642.0,44,4,670.86,380.6,5.944372939574132,167.715,253,0.015810276679841896,0.17391304347826086
16643.0,83,3,915.5600000000001,0.0,0.0,305.18666666666667,260,0.011538461538461539,0.3192307692307692
16644.0,15,2,833.78,0.0,0.0,416.89,50,0.04,0.3
16645.0,573,1,160.39,0.0,0.0,160.39,573,0.0017452006980802793,1.0
16646.0,282,2,675.05,0.0,0.0,337.525,287,0.006968641114982578,0.9825783972125436
16647.0,7,4,541.9,0.0,0.0,135.475,382,0.010471204188481676,0.01832460732984293
16648.0,293,2,382.14,270.85999999999996,5.605287227907102,191.07,428,0.004672897196261682,0.6845794392523364
16649.0,358,1,306.58000000000004,0.0,0.0,306.58000000000004,358,0.002793296089385475,1.0
16650.0,258,6,1397.69,518.42,6.252712804455737,232.94833333333335,357,0.01680672268907563,0.7226890756302521
16651.0,424,1,136.2,0.0,0.0,136.2,424,0.0023584905660377358,1.0
16652.0,50,18,13665.79,3647.04,8.20194531604639,759.2105555555556,470,0.03829787234042553,0.10638297872340426
16654.0,25,8,1641.15,64.02,4.174694914875759,205.14375,450,0.017777777777777778,0.05555555555555555
16655.0,23,10,3949.45,2563.82,7.849643579703862,394.945,515,0.019417475728155338,0.04466019417475728
16656.0,30,31,11253.81,5053.91,8.528115327141773,363.02612903225804,573,0.05410122164048865,0.05235602094240838
16657.0,92,1,242.55,691.07,6.539687106571104,242.55,92,0.010869565217391304,1.0
16658.0,206,9,696.72,0.0,0.0,77.41333333333334,457,0.019693654266958426,0.45076586433260396
16659.0,27,1,39.12,0.0,0.0,39.12,27,0.037037037037037035,1.0
16660.0,48,5,996.26,426.09,6.056994763852875,199.252,532,0.009398496240601503,0.09022556390977443
16661.0,378,5,842.1800000000001,0.0,0.0,168.436,560,0.008928571428571428,0.675
16662.0,232,1,163.8,0.0,0.0,163.8,232,0.004310344827586207,1.0
16663.0,567,1,165.0,0.0,0.0,165.0,567,0.001763668430335097,1.0
16664.0,407,1,109.2,0.0,0.0,109.2,407,0.002457002457002457,1.0
16665.0,200,1,135.39999999999998,0.0,0.0,135.39999999999998,200,0.005,1.0
16666.0,459,1,106.96000000000001,118.98,4.787325062224947,106.96000000000001,459,0.002178649237472767,1.0
16667.0,122,1,203.35,366.78,5.907484933312707,203.35,122,0.00819672131147541,1.0
16668.0,20,10,752.4399999999999,109.97999999999999,4.709350004897755,75.244,469,0.021321961620469083,0.042643923240938165
16670.0,3,26,6258.31,1528.35,7.332598087516538,240.70423076923078,567,0.04585537918871252,0.005291005291005291
16671.0,2,1,1382.88,309.39,5.737829571295256,1382.88,2,0.5,1.0
16672.0,2,15,4968.69,3124.9,8.047477520706463,331.246,104,0.14423076923076922,0.019230769230769232
16673.0,517,1,188.83,0.0,0.0,188.83,517,0.0019342359767891683,1.0
16675.0,279,2,608.86,0.0,0.0,304.43,316,0.006329113924050633,0.8829113924050633
16676.0,42,6,1834.88,493.62,6.2037897909863124,305.81333333333333,256,0.0234375,0.1640625
16677.0,231,3,849.77,0.0,0.0,283.25666666666666,490,0.006122448979591836,0.4714285714285714
16678.0,35,6,1264.15,1749.68,7.467759562871804,210.6916666666667,120,0.05,0.2916666666666667
16679.0,204,3,793.06,0.0,0.0,264.3533333333333,385,0.007792207792207792,0.5298701298701298
16680.0,366,2,637.75,183.7,5.218732887205194,318.875,372,0.005376344086021506,0.9838709677419355
16681.0,43,4,1027.34,894.5,6.797382221500767,256.835,479,0.008350730688935281,0.08977035490605428
16682.0,25,1,525.5,502.5,6.221583712158617,525.5,25,0.04,1.0
16683.0,367,2,309.35,0.0,0.0,154.675,371,0.005390835579514825,0.9892183288409704
16684.0,10,50,99924.63,41577.62,10.635341371828046,1998.4926,570,0.08771929824561403,0.017543859649122806
16686.0,32,15,3218.31,1833.26,7.514396409398787,214.554,571,0.02626970227670753,0.05604203152364273
16687.0,228,1,157.63,0.0,0.0,157.63,228,0.0043859649122807015,1.0
16690.0,39,3,213.95,122.13,4.81324070780478,71.31666666666666,289,0.010380622837370242,0.13494809688581316
16691.0,256,2,178.83,0.0,0.0,89.415,399,0.005012531328320802,0.6416040100250626
16692.0,94,4,1914.6999999999998,0.0,0.0,478.67499999999995,279,0.014336917562724014,0.33691756272401435
16693.0,109,4,875.01,324.45,5.785208840018396,218.7525,494,0.008097165991902834,0.22064777327935223
16694.0,561,1,98.30000000000001,0.0,0.0,98.30000000000001,561,0.0017825311942959,1.0
16695.0,399,2,193.15,0.0,0.0,96.575,399,0.005012531328320802,1.0
16696.0,41,3,558.9000000000001,99.0,4.605170185988092,186.30000000000004,86,0.03488372093023256,0.47674418604651164
16697.0,79,1,112.75,0.0,0.0,112.75,79,0.012658227848101266,1.0
16698.0,64,2,1998.0,0.0,0.0,999.0,91,0.02197802197802198,0.7032967032967034
16699.0,218,8,964.9,0.0,0.0,120.6125,573,0.013961605584642234,0.38045375218150085
16700.0,10,25,7362.91,1721.15,7.45132878920793,294.5164,575,0.043478260869565216,0.017391304347826087
16701.0,2,26,6967.6,2646.99,7.881556140614722,267.9846153846154,576,0.04513888888888889,0.003472222222222222
16702.0,253,5,1100.8799999999999,0.0,0.0,220.176,570,0.008771929824561403,0.443859649122807
16704.0,456,2,695.66,0.0,0.0,347.83,510,0.00392156862745098,0.8941176470588236
16705.0,37,45,35299.841,7353.3,8.903040455154805,784.4409111111111,568,0.07922535211267606,0.06514084507042253
16707.0,238,4,551.11,0.0,0.0,137.7775,478,0.008368200836820083,0.497907949790795
16709.0,37,13,8042.18,1045.28,6.952996295227724,618.6292307692308,568,0.022887323943661973,0.06514084507042253
16710.0,45,19,5490.94,845.4,6.740992061104035,288.9968421052631,573,0.03315881326352531,0.07853403141361257
16711.0,140,7,1699.25,1052.23,6.9596169118347815,242.75,575,0.01217391304347826,0.24347826086956523
16712.0,16,7,2219.71,2047.28,7.624755695564242,317.1014285714286,239,0.029288702928870293,0.06694560669456066
16713.0,10,33,10620.210000000001,3760.33,8.232527897242822,321.8245454545455,562,0.05871886120996441,0.017793594306049824
16714.0,56,7,1254.71,0.0,0.0,179.24428571428572,576,0.012152777777777778,0.09722222222222222
16715.0,400,1,323.8,301.71999999999997,5.712808285863513,323.8,400,0.0025,1.0
16716.0,104,4,1568.2800000000002,0.0,0.0,392.07000000000005,468,0.008547008547008548,0.2222222222222222
16717.0,10,14,3608.19,2701.77,7.902032452016004,257.72785714285715,570,0.02456140350877193,0.017543859649122806
16718.0,207,5,3647.53,0.0,0.0,729.5060000000001,571,0.008756567425569177,0.36252189141856395
16719.0,73,14,3016.36,812.19,6.700964784580697,215.45428571428573,564,0.024822695035460994,0.12943262411347517
16720.0,214,3,438.19,155.24,5.051393286568423,146.06333333333333,560,0.005357142857142857,0.3821428571428571
16721.0,100,1,292.47,0.0,0.0,292.47,100,0.01,1.0
16722.0,21,18,6506.98,2460.85,7.808668378811969,361.49888888888887,574,0.0313588850174216,0.036585365853658534
16723.0,281,2,712.48,589.15,6.380376741875078,356.24,573,0.0034904013961605585,0.49040139616055844
16724.0,242,1,147.35,0.0,0.0,147.35,242,0.004132231404958678,1.0
16725.0,140,16,1870.71,0.0,0.0,116.919375,564,0.028368794326241134,0.24822695035460993
16726.0,34,6,1501.58,586.83,6.376437790450383,250.26333333333332,249,0.024096385542168676,0.13654618473895583
16727.0,202,4,1437.42,0.0,0.0,359.355,526,0.0076045627376425855,0.3840304182509506
16728.0,4,3,550.0,504.67,6.225884282616507,183.33333333333334,102,0.029411764705882353,0.0392156862745098
16729.0,14,14,3487.29,3588.9900000000002,8.185904695963124,249.09214285714285,79,0.17721518987341772,0.17721518987341772
16730.0,72,3,440.62,262.17,5.572800211191829,146.87333333333333,157,0.01910828025477707,0.4585987261146497
16731.0,486,1,174.05,0.0,0.0,174.05,486,0.00205761316872428,1.0
16732.0,234,8,3363.04,603.75,6.404815149490137,420.38,569,0.014059753954305799,0.4112478031634446
16733.0,367,1,259.68,0.0,0.0,259.68,367,0.0027247956403269754,1.0
16735.0,73,18,4457.42,1174.59,7.069525428213925,247.63444444444445,569,0.03163444639718805,0.1282952548330404
16736.0,343,8,2904.51,0.0,0.0,363.06375,574,0.013937282229965157,0.5975609756097561
16737.0,415,1,417.59999999999997,417.59999999999997,6.036915810011899,417.59999999999997,415,0.0024096385542168677,1.0
16738.0,135,1,3.75,0.0,0.0,3.75,135,0.007407407407407408,1.0
16739.0,10,4,772.23,0.0,0.0,193.0575,374,0.0106951871657754,0.026737967914438502
16740.0,233,1,236.81,0.0,0.0,236.81,233,0.004291845493562232,1.0
16741.0,463,1,173.06,0.0,0.0,173.06,463,0.0021598272138228943,1.0
16742.0,330,13,2387.71,0.0,0.0,183.67000000000002,561,0.023172905525846704,0.5882352941176471
16743.0,49,10,3076.92,1130.09,7.030937048546967,307.692,434,0.02304147465437788,0.11290322580645161
16744.0,11,1,109.96,1194.8,7.086570696446804,109.96,11,0.09090909090909091,1.0
16745.0,16,12,4345.93,2824.77,7.946536172812758,362.16083333333336,149,0.08053691275167785,0.10738255033557047
16746.0,32,35,14226.72,3805.13,8.244368203867621,406.4777142857143,573,0.06108202443280977,0.055846422338568937
16748.0,55,13,3026.59,605.7,6.408034434948252,232.8146153846154,567,0.02292768959435626,0.09700176366843033
16749.0,429,2,4387.08,0.0,0.0,2193.54,562,0.0035587188612099642,0.7633451957295374
16750.0,70,1,118.7,505.23,6.22699111146752,118.7,70,0.014285714285714285,1.0
16752.0,210,1,415.0,0.0,0.0,415.0,210,0.004761904761904762,1.0
16754.0,210,35,56560.58,0.0,0.0,1616.0165714285715,479,0.07306889352818371,0.4384133611691023
16755.0,64,7,2305.87,576.16,6.358119524429055,329.40999999999997,568,0.01232394366197183,0.11267605633802817
16756.0,52,9,1287.42,0.0,0.0,143.04666666666668,478,0.01882845188284519,0.1087866108786611
16757.0,156,2,270.48,0.0,0.0,135.24,247,0.008097165991902834,0.631578947368421
16760.0,268,1,228.0,0.0,0.0,228.0,268,0.0037313432835820895,1.0
16763.0,23,3,947.75,0.0,0.0,315.9166666666667,576,0.005208333333333333,0.03993055555555555
16765.0,132,2,454.75,0.0,0.0,227.375,220,0.00909090909090909,0.6
16766.0,111,2,1145.6,0.0,0.0,572.8,111,0.018018018018018018,1.0
16767.0,20,9,5439.44,2532.36,7.837301763866701,604.3822222222221,428,0.02102803738317757,0.04672897196261682
16768.0,109,10,1372.28,274.79,5.619639706543773,137.228,570,0.017543859649122806,0.1912280701754386
16769.0,98,4,1141.75,0.0,0.0,285.4375,563,0.007104795737122558,0.17406749555950266
16770.0,74,10,1786.41,113.62,4.741622309123591,178.64100000000002,312,0.03205128205128205,0.23717948717948717
16771.0,113,8,3376.7400000000002,590.86,6.383270120430181,422.09250000000003,568,0.014084507042253521,0.198943661971831
16772.0,255,5,2785.6,0.0,0.0,557.12,559,0.008944543828264758,0.4561717352415027
16773.0,274,2,249.65,171.59,5.150918839543312,124.825,571,0.0035026269702276708,0.4798598949211909
16774.0,16,5,1076.33,511.52,6.2393397346413755,215.266,499,0.01002004008016032,0.03206412825651302
16775.0,1,11,2085.78,889.51,6.79179433231293,189.61636363636364,280,0.039285714285714285,0.0035714285714285713
16776.0,253,1,231.57,388.28,5.964298879035212,231.57,253,0.003952569169960474,1.0
16777.0,95,5,1227.91,49.1,3.914021008090819,245.58200000000002,470,0.010638297872340425,0.20212765957446807
16778.0,112,1,93.18,152.76,5.035392945221982,93.18,112,0.008928571428571428,1.0
16779.0,1,50,27497.78,5483.83,8.609741378610059,549.9556,574,0.08710801393728224,0.0017421602787456446
16780.0,97,2,342.25,263.3,5.577084821610244,171.125,245,0.00816326530612245,0.39591836734693875
16781.0,203,3,901.05,0.0,0.0,300.34999999999997,507,0.005917159763313609,0.40039447731755423
16782.0,42,42,9429.16,919.8000000000001,6.825242857407673,224.5038095238095,568,0.07394366197183098,0.07394366197183098
16783.0,274,1,391.95,0.0,0.0,391.95,274,0.0036496350364963502,1.0
16784.0,214,4,788.93,107.6,4.687671407499835,197.2325,459,0.008714596949891068,0.4662309368191721
16785.0,247,1,533.78,0.0,0.0,533.78,247,0.004048582995951417,1.0
16786.0,231,1,51.839999999999996,0.0,0.0,51.839999999999996,231,0.004329004329004329,1.0
16787.0,235,4,1035.43,0.0,0.0,258.8575,536,0.007462686567164179,0.43843283582089554
16788.0,92,4,1649.99,300.31,5.70813963509761,412.4975,508,0.007874015748031496,0.18110236220472442
16791.0,51,14,2815.9900000000002,1130.13,7.03097241203947,201.1421428571429,574,0.024390243902439025,0.08885017421602788
16792.0,120,5,623.46,0.0,0.0,124.69200000000001,542,0.00922509225092251,0.22140221402214022
16794.0,17,8,1133.56,936.15,6.842843354804994,141.695,462,0.017316017316017316,0.0367965367965368
16795.0,203,5,2465.19,0.0,0.0,493.038,521,0.009596928982725527,0.3896353166986564
16797.0,231,9,1786.77,0.0,0.0,198.53,575,0.01565217391304348,0.4017391304347826
16798.0,392,4,837.56,0.0,0.0,209.39,567,0.007054673721340388,0.691358024691358
16799.0,270,3,491.03000000000003,0.0,0.0,163.67666666666668,291,0.010309278350515464,0.9278350515463918
16801.0,1,5,867.83,0.0,0.0,173.566,111,0.04504504504504504,0.009009009009009009
16802.0,517,2,582.61,0.0,0.0,291.305,568,0.0035211267605633804,0.9102112676056338
16804.0,108,1,118.05,418.94,6.040111843929504,118.05,108,0.009259259259259259,1.0
16805.0,11,5,1097.24,0.0,0.0,219.448,569,0.008787346221441126,0.019332161687170474
16806.0,7,3,541.56,259.93,5.564252172117131,180.51999999999998,77,0.03896103896103896,0.09090909090909091
16807.0,53,7,1595.12,469.76,6.154348410009462,227.8742857142857,489,0.014314928425357873,0.1083844580777096
16808.0,112,1,166.5,121.92,4.811533737262284,166.5,112,0.008928571428571428,1.0
16809.0,46,7,1153.87,571.61,6.350204856709911,164.8385714285714,443,0.01580135440180587,0.1038374717832957
16810.0,30,4,786.14,0.0,0.0,196.535,258,0.015503875968992248,0.11627906976744186
16812.0,198,5,2216.8,0.0,0.0,443.36,220,0.022727272727272728,0.9
16813.0,11,3,463.41,1229.57,7.1152327556572095,154.47,42,0.07142857142857142,0.2619047619047619
16814.0,14,29,10452.12,2039.09,7.620749203512166,360.41793103448276,445,0.0651685393258427,0.03146067415730337
16815.0,291,2,410.97,0.0,0.0,205.485,374,0.0053475935828877,0.7780748663101604
16816.0,151,2,325.45,91.61,4.528397127182178,162.725,196,0.01020408163265306,0.7704081632653061
16817.0,13,16,2169.23,425.32,6.055190237988527,135.576875,269,0.05947955390334572,0.048327137546468404
16818.0,21,6,1161.57,2156.4,7.676659071941328,193.595,43,0.13953488372093023,0.4883720930232558
16819.0,303,2,182.59,0.0,0.0,91.295,303,0.006600660066006601,1.0
16821.0,219,1,113.35,0.0,0.0,113.35,219,0.0045662100456621,1.0
16822.0,501,3,144.84,0.0,0.0,48.28,569,0.005272407732864675,0.8804920913884007
16823.0,65,8,2253.14,0.0,0.0,281.6425,575,0.01391304347826087,0.11304347826086956
16824.0,2,2,448.5,237.74,5.475375093666893,224.25,231,0.008658008658008658,0.008658008658008658
16825.0,23,4,1370.41,456.48,6.125733167913016,342.6025,372,0.010752688172043012,0.06182795698924731
16827.0,231,5,392.13,0.0,0.0,78.426,427,0.0117096018735363,0.5409836065573771
16829.0,226,1,316.1,197.22,5.289377524978562,316.1,226,0.004424778761061947,1.0
16830.0,280,4,857.7900000000001,325.91,5.789684903656904,214.44750000000002,564,0.0070921985815602835,0.49645390070921985
16831.0,402,1,91.8,0.0,0.0,91.8,402,0.0024875621890547263,1.0
16832.0,22,5,417.61,0.0,0.0,83.522,296,0.016891891891891893,0.07432432432432433
16833.0,97,5,1973.8,435.24,6.078192550617806,394.76,461,0.010845986984815618,0.210412147505423
16834.0,65,2,898.96,0.0,0.0,449.48,512,0.00390625,0.126953125
16835.0,211,9,1372.41,99.1,4.6061696863211745,152.49,407,0.022113022113022112,0.5184275184275184
16836.0,244,2,530.5,251.87,5.5328755226775,265.25,412,0.0048543689320388345,0.5922330097087378
16837.0,30,9,1811.49,1356.24,7.213208504919037,201.27666666666667,83,0.10843373493975904,0.3614457831325301
16838.0,35,6,1126.66,0.0,0.0,187.77666666666667,501,0.011976047904191617,0.06986027944111776
16839.0,10,31,13288.66,7679.61,8.946454250070888,428.66645161290324,504,0.061507936507936505,0.01984126984126984
16840.0,441,3,126.71000000000001,0.0,0.0,42.23666666666667,520,0.0057692307692307696,0.8480769230769231
16841.0,8,11,3309.78,531.38,6.277357520075301,300.88909090909095,534,0.020599250936329586,0.0149812734082397
16842.0,140,1,520.5699999999999,739.87,6.607825171308445,520.5699999999999,140,0.007142857142857143,1.0
16843.0,14,30,15074.13,4454.65,8.40192823274127,502.47099999999995,567,0.05291005291005291,0.024691358024691357
16844.0,400,2,614.34,0.0,0.0,307.17,420,0.004761904761904762,0.9523809523809523
16845.0,456,1,253.88,0.0,0.0,253.88,456,0.0021929824561403508,1.0
16846.0,415,2,628.09,214.32,5.372125293692757,314.045,477,0.0041928721174004195,0.870020964360587
16847.0,456,1,421.45000000000005,193.44,5.270123632177254,421.45000000000005,456,0.0021929824561403508,1.0
16848.0,214,3,1130.2,281.42,5.643395324641106,376.73333333333335,270,0.011111111111111112,0.7925925925925926
16849.0,24,1,124.57,0.0,0.0,124.57,24,0.041666666666666664,1.0
16850.0,171,1,332.41,0.0,0.0,332.41,171,0.005847953216374269,1.0
16852.0,14,1,113.06,31.85,3.4919517449306197,113.06,14,0.07142857142857142,1.0
16854.0,255,2,1408.96,0.0,0.0,704.48,478,0.0041841004184100415,0.5334728033472803
16856.0,255,2,323.09000000000003,35.400000000000006,3.594568774642695,161.54500000000002,280,0.007142857142857143,0.9107142857142857
16857.0,280,1,352.8,0.0,0.0,352.8,280,0.0035714285714285713,1.0
16858.0,204,16,4431.63,0.0,0.0,276.976875,562,0.028469750889679714,0.36298932384341637
16859.0,99,6,1444.44,213.29999999999998,5.367376902479531,240.74,483,0.012422360248447204,0.20496894409937888
16860.0,290,4,1593.67,0.0,0.0,398.4175,500,0.008,0.58
16861.0,206,4,728.61,173.76,5.163413604083235,182.1525,346,0.011560693641618497,0.5953757225433526
16862.0,385,4,662.33,0.0,0.0,165.5825,539,0.0074211502782931356,0.7142857142857143
16863.0,198,3,658.52,318.55,5.766913756096291,219.50666666666666,247,0.012145748987854251,0.8016194331983806
16864.0,272,2,409.25,0.0,0.0,204.625,436,0.0045871559633027525,0.6238532110091743
16865.0,239,1,130.95,0.0,0.0,130.95,239,0.0041841004184100415,1.0
16867.0,527,1,76.74000000000001,0.0,0.0,76.74000000000001,527,0.0018975332068311196,1.0
16868.0,232,3,393.39,0.0,0.0,131.13,431,0.0069605568445475635,0.5382830626450116
16869.0,3,2,387.68,417.94,6.03772771157762,193.84,13,0.15384615384615385,0.23076923076923078
16870.0,307,1,450.15999999999997,0.0,0.0,450.15999999999997,307,0.003257328990228013,1.0
16871.0,36,5,1986.97,774.52,6.653533772097066,397.394,108,0.046296296296296294,0.3333333333333333
16872.0,22,4,921.47,291.66,5.67901152566428,230.3675,301,0.013289036544850499,0.07308970099667775
16873.0,29,13,10668.37,3878.66,8.263502799911706,820.6438461538462,506,0.025691699604743084,0.05731225296442688
16874.0,217,1,217.74,0.0,0.0,217.74,217,0.004608294930875576,1.0
16875.0,79,16,2788.02,1265.18,7.143759772692277,174.25125,541,0.029574861367837338,0.14602587800369685
16876.0,241,1,136.01,0.0,0.0,136.01,241,0.004149377593360996,1.0
16877.0,46,1,77.75,775.97,6.655401739583651,77.75,46,0.021739130434782608,1.0
16880.0,11,4,742.84,1098.02,7.002174152600181,185.71,331,0.012084592145015106,0.03323262839879154
16882.0,77,2,215.70000000000002,489.41999999999996,6.195262166824654,107.85000000000001,155,0.012903225806451613,0.4967741935483871
16883.0,25,20,2386.64,0.0,0.0,119.332,573,0.034904013961605584,0.04363001745200698
16884.0,394,2,644.08,429.84000000000003,6.0657367914825695,322.04,408,0.004901960784313725,0.9656862745098039
16885.0,195,2,429.88,280.86,5.641410493763365,214.94,223,0.008968609865470852,0.874439461883408
16887.0,238,2,465.84000000000003,194.88,5.277502226834117,232.92000000000002,576,0.003472222222222222,0.4131944444444444
16888.0,238,3,437.15,0.0,0.0,145.71666666666667,539,0.0055658627087198514,0.44155844155844154
16889.0,32,6,2530.9,0.0,0.0,421.81666666666666,403,0.01488833746898263,0.0794044665012407
16890.0,314,3,285.41,0.0,0.0,95.13666666666667,420,0.007142857142857143,0.7476190476190476
16891.0,209,7,1479.38,577.44,6.360334824746592,211.34,573,0.012216404886561954,0.3647469458987784
16892.0,21,4,323.59,409.81,6.018130820503985,80.8975,569,0.007029876977152899,0.03690685413005272
16893.0,204,2,401.77,0.0,0.0,200.885,214,0.009345794392523364,0.9532710280373832
16894.0,340,5,1282.36,0.0,0.0,256.472,373,0.013404825737265416,0.9115281501340483
16895.0,276,4,902.28,219.14,5.394263707595246,225.57,503,0.007952286282306162,0.5487077534791253
16896.0,393,1,103.95,0.0,0.0,103.95,393,0.002544529262086514,1.0
16897.0,137,3,213.03,0.0,0.0,71.01,151,0.019867549668874173,0.9072847682119205
16898.0,15,5,698.33,189.34,5.248811946644198,139.666,414,0.012077294685990338,0.036231884057971016
16899.0,45,4,787.01,934.01,6.84055722441866,196.7525,235,0.01702127659574468,0.19148936170212766
16901.0,567,1,204.26,0.0,0.0,204.26,567,0.001763668430335097,1.0
16903.0,218,3,656.74,373.24,5.924897302835869,218.91333333333333,253,0.011857707509881422,0.8616600790513834
16904.0,3,13,3169.9700000000003,1962.4,7.582432943258421,243.8438461538462,249,0.05220883534136546,0.012048192771084338
16905.0,74,16,2756.0,2248.5,7.7184632482812265,172.25,567,0.02821869488536155,0.13051146384479717
16906.0,24,6,1263.97,184.83,5.224832277285559,210.66166666666666,413,0.014527845036319613,0.05811138014527845
16907.0,72,7,1310.25,397.65,5.988083838948504,187.17857142857142,364,0.019230769230769232,0.1978021978021978
16908.0,560,2,153.59,0.0,0.0,76.795,560,0.0035714285714285713,1.0
16911.0,465,3,251.35,0.0,0.0,83.78333333333333,499,0.006012024048096192,0.9318637274549099
16912.0,38,11,3036.38,1397.22,7.24295527808086,276.0345454545455,568,0.01936619718309859,0.06690140845070422
16913.0,128,3,423.90999999999997,0.0,0.0,141.3033333333333,489,0.006134969325153374,0.261758691206544
16915.0,6,8,1130.19,412.99,6.025841818944215,141.27375,407,0.019656019656019656,0.014742014742014743
16916.0,210,3,745.22,378.18,5.938011026373892,248.40666666666667,253,0.011857707509881422,0.8300395256916996
16917.0,114,3,1848.88,0.0,0.0,616.2933333333334,566,0.00530035335689046,0.20141342756183744
16918.0,155,13,2370.5,767.5600000000001,6.644518634101483,182.34615384615384,574,0.02264808362369338,0.2700348432055749
16919.0,16,27,4838.07,215.74,5.378698478494849,179.18777777777777,315,0.08571428571428572,0.050793650793650794
16920.0,249,1,355.45,0.0,0.0,355.45,249,0.004016064257028112,1.0
16921.0,280,2,276.88,169.79,5.1404347316311005,138.44,438,0.0045662100456621,0.639269406392694
16922.0,410,1,611.08,0.0,0.0,611.08,410,0.0024390243902439024,1.0
16923.0,11,34,9552.79,3240.59,8.083819229153258,280.9644117647059,515,0.06601941747572816,0.021359223300970873
16925.0,378,1,125.65,0.0,0.0,125.65,378,0.0026455026455026454,1.0
16926.0,209,6,1410.4,0.0,0.0,235.0666666666667,364,0.016483516483516484,0.5741758241758241
16927.0,114,2,341.45,201.6,5.311233591814583,170.725,199,0.010050251256281407,0.5728643216080402
16928.0,2,24,2604.19,1389.3899999999999,7.23733956231035,108.50791666666667,512,0.046875,0.00390625
16931.0,11,12,2716.7400000000002,2516.88,7.831172556598136,226.395,235,0.05106382978723404,0.04680851063829787
16932.0,261,2,278.77,161.94,5.093382034882496,139.385,409,0.004889975550122249,0.6381418092909535
16933.0,73,14,2777.55,322.05,5.777807110004175,198.39642857142857,568,0.02464788732394366,0.12852112676056338
16934.0,221,5,1139.81,950.9300000000001,6.858491502676181,227.962,459,0.010893246187363835,0.48148148148148145
16935.0,219,3,535.1,0.0,0.0,178.36666666666667,259,0.011583011583011582,0.8455598455598455
16936.0,223,1,288.49,262.68,5.574736246721107,288.49,223,0.004484304932735426,1.0
16937.0,337,1,202.1,0.0,0.0,202.1,337,0.002967359050445104,1.0
16938.0,17,9,5884.3,325.63,5.7888280317986185,653.8111111111111,498,0.018072289156626505,0.03413654618473896
16939.0,326,3,449.0,0.0,0.0,149.66666666666666,487,0.006160164271047228,0.6694045174537988
16940.0,7,10,5063.89,1181.52,7.075403033542298,506.389,569,0.01757469244288225,0.012302284710017574
16941.0,449,1,33.0,0.0,0.0,33.0,449,0.0022271714922048997,1.0
16942.0,14,6,1051.42,842.69,6.737785128547114,175.23666666666668,65,0.09230769230769231,0.2153846153846154
16943.0,49,7,816.73,0.0,0.0,116.67571428571429,469,0.014925373134328358,0.1044776119402985
16944.0,447,1,101.36,0.0,0.0,101.36,447,0.0022371364653243847,1.0
16945.0,2,26,6278.92,2251.7400000000002,7.7199025320863175,241.49692307692308,568,0.045774647887323945,0.0035211267605633804
16946.0,221,6,1199.54,0.0,0.0,199.92333333333332,485,0.012371134020618556,0.4556701030927835
16947.0,73,10,896.73,0.0,0.0,89.673,484,0.02066115702479339,0.15082644628099173
16948.0,99,6,674.2900000000001,194.48,5.275458072401954,112.38166666666667,494,0.012145748987854251,0.20040485829959515
16949.0,17,5,768.75,392.52,5.975131892487084,153.75,154,0.032467532467532464,0.11038961038961038
16950.0,205,10,2718.63,1006.56,6.915286845397484,271.863,522,0.019157088122605363,0.39272030651340994
16951.0,142,1,1053.79,208.96,5.346917036384099,1053.79,142,0.007042253521126761,1.0
16952.0,279,3,631.17,167.61,5.127588355789889,210.39,566,0.00530035335689046,0.4929328621908127
16954.0,92,15,4893.73,1143.6,7.042810509975002,326.2486666666666,528,0.028409090909090908,0.17424242424242425
16955.0,22,9,1261.16,0.0,0.0,140.1288888888889,576,0.015625,0.03819444444444445
16957.0,77,2,416.64,0.0,0.0,208.32,119,0.01680672268907563,0.6470588235294118
16958.0,273,1,809.44,0.0,0.0,809.44,273,0.003663003663003663,1.0
16960.0,90,7,1716.46,305.52,5.725283006102203,245.20857142857145,485,0.01443298969072165,0.18556701030927836
16961.0,217,5,538.84,234.17,5.46030865686874,107.768,573,0.008726003490401396,0.3787085514834206
16962.0,247,1,251.04,0.0,0.0,251.04,247,0.004048582995951417,1.0
16963.0,25,1,110.55000000000001,0.0,0.0,110.55000000000001,25,0.04,1.0
16964.0,571,2,207.85,0.0,0.0,103.925,571,0.0035026269702276708,1.0
16965.0,64,1,201.19,0.0,0.0,201.19,64,0.015625,1.0
16966.0,1,6,1480.56,667.91,6.505649521930389,246.76,78,0.07692307692307693,0.01282051282051282
16967.0,27,1,319.02,0.0,0.0,319.02,27,0.037037037037037035,1.0
16969.0,29,1,397.36,253.05,5.537531098039741,397.36,29,0.034482758620689655,1.0
16970.0,464,1,71.4,0.0,0.0,71.4,464,0.0021551724137931034,1.0
16972.0,220,2,786.25,0.0,0.0,393.125,294,0.006802721088435374,0.7482993197278912
16973.0,224,1,127.0,0.0,0.0,127.0,224,0.004464285714285714,1.0
16974.0,360,2,365.5,0.0,0.0,182.75,402,0.004975124378109453,0.8955223880597015
16975.0,251,5,902.4200000000001,0.0,0.0,180.484,343,0.014577259475218658,0.7317784256559767
16976.0,105,1,251.51999999999998,0.0,0.0,251.51999999999998,105,0.009523809523809525,1.0
16977.0,233,4,496.0,0.0,0.0,124.0,469,0.008528784648187633,0.4968017057569296
16978.0,504,2,424.55,344.33,5.84450048159508,212.275,504,0.003968253968253968,1.0
16979.0,132,6,1315.24,1471.85,7.294954578283408,219.20666666666668,288,0.020833333333333332,0.4583333333333333
16980.0,93,3,1473.3300000000002,0.0,0.0,491.11000000000007,266,0.011278195488721804,0.34962406015037595
16983.0,18,9,2653.14,1046.03,6.953712863755168,294.7933333333333,284,0.03169014084507042,0.06338028169014084
16984.0,237,14,6207.0,4392.42,8.387863246052694,443.35714285714283,480,0.029166666666666667,0.49375
16985.0,49,22,7997.0,2548.7599999999998,7.8437545160760695,363.5,567,0.03880070546737213,0.08641975308641975
16986.0,283,9,3015.55,1873.2,7.535937180689723,335.06111111111113,511,0.01761252446183953,0.5538160469667319
16987.0,8,8,1528.4,995.6,6.9043494858473045,191.05,575,0.01391304347826087,0.01391304347826087
16988.0,217,1,256.55,126.12,4.845131522228461,256.55,217,0.004608294930875576,1.0
16990.0,56,2,344.0,0.0,0.0,172.0,260,0.007692307692307693,0.2153846153846154
16991.0,259,1,1041.21,0.0,0.0,1041.21,259,0.003861003861003861,1.0
16992.0,37,12,4516.9400000000005,943.1600000000001,6.850295643308859,376.4116666666667,504,0.023809523809523808,0.07341269841269842
16993.0,301,3,1688.15,0.0,0.0,562.7166666666667,414,0.007246376811594203,0.7270531400966184
16996.0,83,10,1308.73,735.4300000000001,6.601814187258075,130.873,255,0.0392156862745098,0.3254901960784314
16997.0,126,3,702.0,0.0,0.0,234.0,163,0.018404907975460124,0.7730061349693251
16998.0,37,5,386.6,7.42,2.130609828254235,77.32000000000001,282,0.01773049645390071,0.13120567375886524
17000.0,234,2,406.3,0.0,0.0,203.15,246,0.008130081300813009,0.9512195121951219
17001.0,11,14,4861.62,1779.18,7.484469761768991,347.25857142857143,462,0.030303030303030304,0.023809523809523808
17002.0,53,6,2071.34,494.26,6.20508287719712,345.22333333333336,479,0.012526096033402923,0.11064718162839249
17003.0,240,4,830.16,0.0,0.0,207.54,416,0.009615384615384616,0.5769230769230769
17004.0,230,2,1012.22,1412.94,7.254135412741511,506.11,262,0.007633587786259542,0.8778625954198473
17005.0,308,3,732.41,0.0,0.0,244.13666666666666,426,0.007042253521126761,0.7230046948356808
17006.0,230,4,854.54,781.78,6.6628516858853635,213.635,482,0.008298755186721992,0.47717842323651455
17007.0,39,6,680.4,427.2,6.059590376155582,113.39999999999999,275,0.02181818181818182,0.14181818181818182
17008.0,267,1,81.36,0.0,0.0,81.36,267,0.003745318352059925,1.0
17009.0,389,1,242.06,0.0,0.0,242.06,389,0.002570694087403599,1.0
17011.0,485,3,265.8,270.9,5.605434351638425,88.60000000000001,489,0.006134969325153374,0.9918200408997955
17012.0,563,1,384.16,0.0,0.0,384.16,563,0.0017761989342806395,1.0
17015.0,23,1,524.5,1318.06,7.184674640689544,524.5,23,0.043478260869565216,1.0
17016.0,414,1,552.4,0.0,0.0,552.4,414,0.0024154589371980675,1.0
17017.0,38,30,3930.17,4157.24,8.33284718680994,131.00566666666666,574,0.05226480836236934,0.06620209059233449
17018.0,163,5,1772.6,515.1,6.246300545154681,354.52,572,0.008741258741258742,0.28496503496503495
17019.0,99,12,3674.82,276.68,5.626469371553531,306.235,575,0.020869565217391306,0.17217391304347826
17020.0,380,2,935.62,0.0,0.0,467.81,484,0.004132231404958678,0.7851239669421488
17021.0,280,6,1182.22,0.0,0.0,197.03666666666666,427,0.01405152224824356,0.6557377049180327
17022.0,270,1,189.0,71.0,4.276666119016055,189.0,270,0.003703703703703704,1.0
17023.0,255,3,800.18,0.0,0.0,266.72666666666663,535,0.005607476635514018,0.4766355140186916
17025.0,211,4,1313.84,196.8,5.287256419188612,328.46,479,0.008350730688935281,0.4405010438413361
17026.0,23,3,208.98,0.0,0.0,69.66,255,0.011764705882352941,0.09019607843137255
17027.0,17,8,1051.0,234.41,5.461328674807492,131.375,567,0.014109347442680775,0.029982363315696647
17028.0,419,3,1593.83,0.0,0.0,531.2766666666666,559,0.005366726296958855,0.7495527728085868
17029.0,74,6,1779.3,358.0,5.883322388488279,296.55,501,0.011976047904191617,0.14770459081836326
17031.0,216,4,2393.5,380.35,5.943717588610248,598.375,419,0.00954653937947494,0.5155131264916468
17032.0,279,13,2150.06,0.0,0.0,165.38923076923078,567,0.02292768959435626,0.49206349206349204
17033.0,52,3,910.75,422.04,6.047466737223266,303.5833333333333,235,0.01276595744680851,0.22127659574468084
17034.0,125,4,646.55,592.77,6.386492038992077,161.6375,351,0.011396011396011397,0.3561253561253561
17035.0,83,5,568.39,0.0,0.0,113.678,574,0.008710801393728223,0.1445993031358885
17036.0,221,1,176.9,0.0,0.0,176.9,221,0.004524886877828055,1.0
17038.0,253,1,630.77,112.4,4.730921391293652,630.77,253,0.003952569169960474,1.0
17039.0,442,1,1954.99,0.0,0.0,1954.99,442,0.0022624434389140274,1.0
17040.0,388,1,13.52,449.73,6.110868490605405,13.52,388,0.002577319587628866,1.0
17041.0,198,5,893.41,777.07,6.656816494424007,178.682,438,0.01141552511415525,0.4520547945205479
17042.0,34,2,495.39,548.99,6.309900096243044,247.695,85,0.023529411764705882,0.4
17043.0,16,6,1206.34,1410.21,7.25220277139522,201.05666666666664,568,0.01056338028169014,0.028169014084507043
17044.0,197,14,10935.07,932.53,6.838973099583763,781.0764285714286,570,0.02456140350877193,0.3456140350877193
17045.0,85,3,528.19,299.49,5.705414475551326,176.06333333333336,267,0.011235955056179775,0.31835205992509363
17046.0,282,4,1264.05,642.02,6.466175827952961,316.0125,458,0.008733624454148471,0.6157205240174672
17047.0,43,5,1937.76,351.47,5.864965512247591,387.552,569,0.008787346221441126,0.07557117750439367
17048.0,115,9,1866.45,125.0,4.836281906951478,207.38333333333333,528,0.017045454545454544,0.2178030303030303
17049.0,52,17,5580.8,4012.98,8.297538546782834,328.2823529411765,483,0.035196687370600416,0.10766045548654245
17050.0,25,11,3823.41,568.25,6.344319704943849,347.58272727272725,520,0.021153846153846155,0.04807692307692308
17051.0,32,4,714.39,0.0,0.0,178.5975,466,0.008583690987124463,0.06866952789699571
17054.0,45,3,918.82,435.01,6.07766517886583,306.27333333333337,83,0.03614457831325301,0.5421686746987951
17055.0,283,1,239.55,0.0,0.0,239.55,283,0.0035335689045936395,1.0
17056.0,576,1,128.60000000000002,0.0,0.0,128.60000000000002,576,0.001736111111111111,1.0
17057.0,434,1,294.74,0.0,0.0,294.74,434,0.002304147465437788,1.0
17058.0,37,2,819.66,360.23,5.889514874572237,409.83,77,0.025974025974025976,0.4805194805194805
17059.0,35,8,4000.46,1584.37,7.368573097554662,500.0575,520,0.015384615384615385,0.0673076923076923
17060.0,104,1,234.24,0.0,0.0,234.24,104,0.009615384615384616,1.0
17061.0,6,9,3806.03,1310.1,7.178621758505356,422.89222222222224,70,0.12857142857142856,0.08571428571428572
17062.0,151,7,1204.32,0.0,0.0,172.04571428571427,277,0.02527075812274368,0.5451263537906137
17063.0,1,17,2817.21,759.67,6.634199623865256,165.71823529411765,576,0.029513888888888888,0.001736111111111111
17064.0,20,2,461.3,398.05,5.989086722322018,230.65,165,0.012121212121212121,0.12121212121212122
17066.0,564,1,228.34,0.0,0.0,228.34,564,0.0017730496453900709,1.0
17067.0,562,3,454.54,0.0,0.0,151.51333333333335,569,0.005272407732864675,0.9876977152899824
17068.0,27,38,7243.9400000000005,1882.49,7.540881717853335,190.63000000000002,459,0.08278867102396514,0.058823529411764705
17069.0,64,14,4109.25,1609.15,7.384082621340531,293.51785714285717,574,0.024390243902439025,0.11149825783972125
17070.0,248,1,133.18,312.14,5.746650374883377,133.18,248,0.004032258064516129,1.0
17071.0,25,12,2378.29,1360.16,7.2160925563589515,198.19083333333333,522,0.022988505747126436,0.04789272030651341
17072.0,463,1,282.05,0.0,0.0,282.05,463,0.0021598272138228943,1.0
17074.0,400,1,203.05,0.0,0.0,203.05,400,0.0025,1.0
17075.0,91,10,2083.33,138.05,4.934833580679974,208.333,563,0.017761989342806393,0.16163410301953818
17076.0,111,5,735.87,506.88,6.23024519920159,147.174,573,0.008726003490401396,0.193717277486911
17077.0,416,1,306.0,0.0,0.0,306.0,416,0.002403846153846154,1.0
17080.0,106,7,744.11,211.29999999999998,5.35800036870921,106.30142857142857,364,0.019230769230769232,0.29120879120879123
17081.0,233,4,674.23,290.16,5.673872944250057,168.5575,493,0.008113590263691683,0.4726166328600406
17082.0,156,5,3365.12,1366.91,7.221039306544589,673.024,562,0.008896797153024912,0.2775800711743772
17083.0,133,10,3625.32,409.76,6.018009102330094,362.53200000000004,566,0.0176678445229682,0.23498233215547704
17084.0,234,2,2249.97,2949.75,7.989814654309178,1124.985,234,0.008547008547008548,1.0
17085.0,88,31,7409.66,347.75,5.854355333135575,239.02129032258065,571,0.0542907180385289,0.15411558669001751
17087.0,575,1,221.53,0.0,0.0,221.53,575,0.0017391304347826088,1.0
17088.0,20,2,1399.1100000000001,591.9,6.385025750713322,699.5550000000001,91,0.02197802197802198,0.21978021978021978
17089.0,224,1,128.45,0.0,0.0,128.45,224,0.004464285714285714,1.0
17090.0,65,10,1663.14,1392.8,7.239789109004419,166.31400000000002,346,0.028901734104046242,0.18786127167630057
17091.0,23,19,5944.15,1833.3500000000001,7.514445474303488,312.84999999999997,576,0.03298611111111111,0.03993055555555555
17092.0,115,11,3920.43,1642.88,7.404814580251299,356.40272727272725,513,0.021442495126705652,0.22417153996101363
17093.0,430,1,235.88,0.0,0.0,235.88,430,0.002325581395348837,1.0
17094.0,156,3,370.40000000000003,0.0,0.0,123.46666666666668,261,0.011494252873563218,0.5977011494252874
17095.0,136,10,1550.24,762.35,6.637716641702951,155.024,562,0.017793594306049824,0.24199288256227758
17096.0,99,11,2831.64,859.19,6.757153295078622,257.4218181818182,393,0.027989821882951654,0.25190839694656486
17097.0,162,3,673.67,650.28,6.478939657265722,224.55666666666664,268,0.011194029850746268,0.6044776119402985
17098.0,219,3,591.0699999999999,0.0,0.0,197.0233333333333,378,0.007936507936507936,0.5793650793650794
17099.0,371,1,582.17,0.0,0.0,582.17,371,0.0026954177897574125,1.0
17101.0,16,4,1115.9,1391.15,7.238604593709511,278.975,388,0.010309278350515464,0.041237113402061855
17102.0,99,1,25.5,0.0,0.0,25.5,99,0.010101010101010102,1.0
17103.0,560,1,424.3,0.0,0.0,424.3,560,0.0017857142857142857,1.0
17104.0,261,1,474.03,0.0,0.0,474.03,261,0.0038314176245210726,1.0
17105.0,144,1,319.4,346.38,5.850419281625866,319.4,144,0.006944444444444444,1.0
17106.0,227,1,491.23,0.0,0.0,491.23,227,0.004405286343612335,1.0
17107.0,46,8,9355.2,6261.62,8.742353906886184,1169.4,515,0.015533980582524271,0.08932038834951456
17108.0,501,1,174.95,0.0,0.0,174.95,501,0.001996007984031936,1.0
17109.0,70,4,875.01,405.09000000000003,6.006574809912335,218.7525,335,0.011940298507462687,0.208955223880597
17110.0,3,3,510.7,0.0,0.0,170.23333333333332,448,0.006696428571428571,0.006696428571428571
17111.0,263,1,227.97,248.61,5.519899699795292,227.97,263,0.0038022813688212928,1.0
17112.0,340,1,205.17,0.0,0.0,205.17,340,0.0029411764705882353,1.0
17113.0,343,8,2109.16,0.0,0.0,263.645,535,0.014953271028037384,0.6411214953271028
17114.0,4,7,430.19,317.03,5.762145717953116,61.455714285714286,172,0.040697674418604654,0.023255813953488372
17115.0,17,12,2391.61,224.68,5.419118066693741,199.30083333333334,572,0.02097902097902098,0.02972027972027972
17116.0,486,1,389.78,0.0,0.0,389.78,486,0.00205761316872428,1.0
17117.0,126,1,116.19999999999999,0.0,0.0,116.19999999999999,126,0.007936507936507936,1.0
17118.0,155,1,157.02,0.0,0.0,157.02,155,0.0064516129032258064,1.0
17120.0,71,1,307.46,0.0,0.0,307.46,71,0.014084507042253521,1.0
17121.0,240,1,314.74,0.0,0.0,314.74,240,0.004166666666666667,1.0
17122.0,226,3,432.18,138.32,4.9367734454978,144.06,337,0.008902077151335312,0.6706231454005934
17123.0,277,2,631.87,345.29999999999995,5.847305451408376,315.935,410,0.004878048780487805,0.675609756097561
17124.0,23,1,298.89,0.0,0.0,298.89,23,0.043478260869565216,1.0
17126.0,137,7,1571.01,486.53,6.189351827006027,224.43,303,0.0231023102310231,0.4521452145214521
17127.0,266,5,1155.0300000000002,0.0,0.0,231.00600000000003,573,0.008726003490401396,0.4642233856893543
17128.0,172,1,157.09,0.0,0.0,157.09,172,0.005813953488372093,1.0
17129.0,358,1,31.85,0.0,0.0,31.85,358,0.002793296089385475,1.0
17132.0,290,2,1272.8,0.0,0.0,636.4,326,0.006134969325153374,0.8895705521472392
17133.0,28,9,10558.640000000001,2413.4500000000003,7.7892267968780144,1173.1822222222224,466,0.019313304721030045,0.060085836909871244
17134.0,102,2,542.6,94.5,4.5591262474866845,271.3,280,0.007142857142857143,0.36428571428571427
17135.0,127,6,1304.06,639.18,6.46174938681035,217.34333333333333,417,0.014388489208633094,0.30455635491606714
17136.0,500,1,231.68,0.0,0.0,231.68,500,0.002,1.0
17137.0,254,6,1133.63,0.0,0.0,188.93833333333336,515,0.011650485436893204,0.49320388349514566
17138.0,113,7,4417.27,0.0,0.0,631.0385714285715,511,0.0136986301369863,0.22113502935420742
17139.0,9,22,14472.11,5019.5,8.521284809319491,657.8231818181819,535,0.041121495327102804,0.016822429906542057
17140.0,85,1,465.32,0.0,0.0,465.32,85,0.011764705882352941,1.0
17141.0,256,4,754.33,0.0,0.0,188.5825,522,0.007662835249042145,0.4904214559386973
17142.0,77,4,1283.75,0.0,0.0,320.9375,522,0.007662835249042145,0.1475095785440613
17143.0,255,2,924.11,0.0,0.0,462.055,353,0.0056657223796034,0.7223796033994334
17145.0,303,7,3014.64,0.0,0.0,430.66285714285715,496,0.014112903225806451,0.6108870967741935
17146.0,101,15,5610.09,185.9,5.230573714461517,374.00600000000003,513,0.029239766081871343,0.1968810916179337
17147.0,44,14,2327.67,741.48,6.609995934287137,166.26214285714286,535,0.026168224299065422,0.08224299065420561
17149.0,289,1,143.10000000000002,0.0,0.0,143.10000000000002,289,0.0034602076124567475,1.0
17150.0,214,6,1375.65,0.0,0.0,229.275,571,0.010507880910683012,0.37478108581436076
17151.0,573,1,231.90000000000003,0.0,0.0,231.90000000000003,573,0.0017452006980802793,1.0
17152.0,32,5,1830.5,0.0,0.0,366.1,263,0.019011406844106463,0.12167300380228137
17155.0,15,6,784.0600000000001,108.39999999999999,4.695010889987881,130.67666666666668,574,0.010452961672473868,0.02613240418118467
17156.0,322,2,572.07,0.0,0.0,286.035,329,0.0060790273556231,0.9787234042553191
17157.0,10,19,4981.91,157.54000000000002,5.06600692740901,262.2057894736842,573,0.03315881326352531,0.017452006980802792
17158.0,70,5,1393.88,568.42,6.344618298919738,278.776,480,0.010416666666666666,0.14583333333333334
17159.0,9,3,1089.16,1006.28,6.915008907693445,363.05333333333334,483,0.006211180124223602,0.018633540372670808
17160.0,63,14,7888.400000000001,2312.96,7.746715621519514,563.4571428571429,573,0.02443280977312391,0.1099476439790576
17161.0,282,1,856.01,0.0,0.0,856.01,282,0.0035460992907801418,1.0
17162.0,23,9,1157.03,550.1800000000001,6.3120614345709045,128.55888888888887,143,0.06293706293706294,0.16083916083916083
17163.0,283,2,406.68,293.1,5.68391984555995,203.34,513,0.003898635477582846,0.5516569200779727
17164.0,50,2,943.22,1523.18,7.329211839508347,471.61,111,0.018018018018018018,0.45045045045045046
17165.0,122,8,1783.63,0.0,0.0,222.95375,566,0.014134275618374558,0.21554770318021202
17166.0,34,2,110.74,78.75,4.378896741664954,55.37,41,0.04878048780487805,0.8292682926829268
17167.0,217,3,867.11,0.0,0.0,289.0366666666667,283,0.01060070671378092,0.7667844522968198
17168.0,336,1,400.2,0.0,0.0,400.2,336,0.002976190476190476,1.0
17169.0,17,4,609.43,520.45,6.256613392567222,152.3575,416,0.009615384615384616,0.040865384615384616
17170.0,212,3,118.98,0.0,0.0,39.660000000000004,240,0.0125,0.8833333333333333
17171.0,127,2,384.59,0.0,0.0,192.295,499,0.004008016032064128,0.2545090180360721
17172.0,265,4,597.73,313.26,5.750220668761986,149.4325,564,0.0070921985815602835,0.4698581560283688
17174.0,55,1,59.9,0.0,0.0,59.9,55,0.01818181818181818,1.0
17175.0,18,2,821.7,609.24,6.413852322412054,410.85,134,0.014925373134328358,0.13432835820895522
17176.0,39,3,902.3199999999999,0.0,0.0,300.7733333333333,515,0.005825242718446602,0.07572815533980583
17177.0,343,1,119.5,0.0,0.0,119.5,343,0.0029154518950437317,1.0
17178.0,569,1,436.71,0.0,0.0,436.71,569,0.0017574692442882249,1.0
17179.0,16,6,1507.26,0.0,0.0,251.21,400,0.015,0.04
17180.0,79,13,2005.16,231.17,5.447469861950477,154.24307692307693,525,0.024761904761904763,0.15047619047619049
17181.0,211,2,380.97,84.39999999999999,4.447346100794524,190.485,433,0.004618937644341801,0.48729792147806006
17182.0,260,2,321.3,0.0,0.0,160.65,556,0.0035971223021582736,0.4676258992805755
17184.0,407,2,198.41000000000003,0.0,0.0,99.20500000000001,568,0.0035211267605633804,0.7165492957746479
17185.0,429,3,229.46,0.0,0.0,76.48666666666666,436,0.006880733944954129,0.9839449541284404
17187.0,64,2,467.71,0.0,0.0,233.855,364,0.005494505494505495,0.17582417582417584
17188.0,2,15,3702.69,659.14,6.492451933738069,246.846,569,0.026362038664323375,0.0035149384885764497
17189.0,197,4,800.45,157.18,5.063733625091271,200.1125,575,0.006956521739130435,0.3426086956521739
17190.0,24,7,1298.3,249.74,5.524416545687879,185.47142857142856,482,0.014522821576763486,0.04979253112033195
17191.0,29,14,3891.12,919.4300000000001,6.82484095215414,277.9371428571429,576,0.024305555555555556,0.050347222222222224
17192.0,374,1,77.83,0.0,0.0,77.83,374,0.00267379679144385,1.0
17193.0,10,6,1020.4000000000001,1234.2,7.118988179270512,170.0666666666667,575,0.010434782608695653,0.017391304347826087
17194.0,111,3,812.5,0.0,0.0,270.8333333333333,368,0.008152173913043478,0.3016304347826087
17195.0,493,1,562.98,0.0,0.0,562.98,493,0.002028397565922921,1.0
17196.0,265,1,352.9,0.0,0.0,352.9,265,0.0037735849056603774,1.0
17198.0,203,2,1043.32,170.56,5.14493305964868,521.66,209,0.009569377990430622,0.9712918660287081
17199.0,420,1,145.12,0.0,0.0,145.12,420,0.002380952380952381,1.0
17200.0,225,4,356.71,0.0,0.0,89.1775,490,0.00816326530612245,0.45918367346938777
17201.0,361,4,883.81,342.63,5.839565497125275,220.9525,505,0.007920792079207921,0.7148514851485148
17202.0,258,1,160.65,0.0,0.0,160.65,258,0.003875968992248062,1.0
17203.0,226,4,2012.03,3563.85,8.178877256226862,503.0075,226,0.017699115044247787,1.0
17204.0,7,15,5263.69,0.0,0.0,350.91266666666667,385,0.03896103896103896,0.01818181818181818
17205.0,254,2,615.27,384.08,5.953451104909766,307.635,402,0.004975124378109453,0.6318407960199005
17207.0,490,1,303.21999999999997,0.0,0.0,303.21999999999997,490,0.0020408163265306124,1.0
17208.0,233,1,115.35,0.0,0.0,115.35,233,0.004291845493562232,1.0
17209.0,487,3,611.6,0.0,0.0,203.86666666666667,574,0.005226480836236934,0.8484320557491289
17210.0,230,1,253.37,0.0,0.0,253.37,230,0.004347826086956522,1.0
17211.0,18,13,3149.77,852.33,6.749146342547869,242.29,564,0.02304964539007092,0.031914893617021274
17212.0,91,3,794.41,0.0,0.0,264.80333333333334,324,0.009259259259259259,0.2808641975308642
17213.0,101,16,3234.65,1844.28,7.520386306477628,202.165625,569,0.028119507908611598,0.17750439367311072
17214.0,87,4,613.67,370.45,5.917414265597815,153.4175,197,0.02030456852791878,0.4416243654822335
17215.0,302,1,186.15,0.0,0.0,186.15,302,0.0033112582781456954,1.0
17216.0,392,1,65.05,0.0,0.0,65.05,392,0.002551020408163265,1.0
17217.0,72,2,218.0,0.0,0.0,109.0,457,0.00437636761487965,0.1575492341356674
17218.0,52,13,3180.54,1012.14,6.920809698055846,244.65692307692308,521,0.02495201535508637,0.09980806142034548
17219.0,254,1,144.9,114.23,4.746930131025923,144.9,254,0.003937007874015748,1.0
17220.0,44,12,2748.28,1733.47,7.458457170209491,229.02333333333334,526,0.022813688212927757,0.08365019011406843
17221.0,429,3,643.39,335.13,5.817497989896762,214.46333333333334,445,0.006741573033707865,0.9640449438202248
17222.0,315,5,1250.86,354.15,5.872540235443819,250.17199999999997,536,0.009328358208955223,0.5876865671641791
17223.0,148,3,873.53,0.0,0.0,291.1766666666667,213,0.014084507042253521,0.6948356807511737
17224.0,339,1,100.86,0.0,0.0,100.86,339,0.0029498525073746312,1.0
17225.0,419,1,131.15,0.0,0.0,131.15,419,0.002386634844868735,1.0
17226.0,146,3,900.12,0.0,0.0,300.04,503,0.005964214711729622,0.29025844930417494
17227.0,10,9,1556.46,465.57000000000005,6.145408062621053,172.94,531,0.01694915254237288,0.018832391713747645
17228.0,45,9,1958.73,1218.51,7.1062044177043555,217.63666666666666,475,0.018947368421052633,0.09473684210526316
17230.0,102,23,9695.91,0.0,0.0,421.5613043478261,569,0.040421792618629174,0.17926186291739896
17231.0,28,29,5661.1,1429.97,7.266107814976109,195.21034482758623,570,0.05087719298245614,0.04912280701754386
17233.0,286,2,369.98,190.88,5.256870176633863,184.99,562,0.0035587188612099642,0.5088967971530249
17234.0,20,1,149.89000000000001,0.0,0.0,149.89000000000001,20,0.05,1.0
17235.0,210,7,1696.72,208.16,5.34309950931993,242.38857142857142,391,0.017902813299232736,0.5370843989769821
17236.0,17,11,1710.86,218.4,5.3908965478411295,155.53272727272727,480,0.022916666666666665,0.035416666666666666
17237.0,213,2,687.39,314.69,5.754760719420831,343.695,219,0.0091324200913242,0.9726027397260274
17238.0,22,24,5586.64,2196.46,7.695057426890821,232.77666666666667,576,0.041666666666666664,0.03819444444444445
17239.0,150,6,1174.15,0.0,0.0,195.6916666666667,567,0.010582010582010581,0.26455026455026454
17240.0,434,1,130.6,0.0,0.0,130.6,434,0.002304147465437788,1.0
17241.0,223,12,2744.14,0.0,0.0,228.6783333333333,500,0.024,0.446
17242.0,18,4,2463.68,425.6,6.05584680603725,615.92,522,0.007662835249042145,0.034482758620689655
17243.0,16,64,15347.66,5361.55,8.587194887202129,239.8071875,576,0.1111111111111111,0.027777777777777776
17244.0,221,4,871.14,954.9,6.862653305069717,217.785,571,0.0070052539404553416,0.38704028021015763
17245.0,42,2,371.63,0.0,0.0,185.815,527,0.003795066413662239,0.07969639468690702
17246.0,384,2,38.92,0.0,0.0,19.46,576,0.003472222222222222,0.6666666666666666
17248.0,319,1,227.51,318.65,5.767226647212736,227.51,319,0.003134796238244514,1.0
17249.0,266,1,68.03,0.0,0.0,68.03,266,0.0037593984962406013,1.0
17250.0,99,1,162.65,221.87,5.406588641831824,162.65,99,0.010101010101010102,1.0
17251.0,200,4,803.73,0.0,0.0,200.9325,562,0.0071174377224199285,0.35587188612099646
17252.0,24,1,341.96,11.9,2.5572273113676265,341.96,24,0.041666666666666664,1.0
17254.0,239,1,198.29,272.44,5.6110822193672805,198.29,239,0.0041841004184100415,1.0
17255.0,137,3,613.18,185.95,5.2308412014231225,204.39333333333332,284,0.01056338028169014,0.4823943661971831
17256.0,150,4,386.83,112.10000000000001,4.728272383122075,96.7075,438,0.0091324200913242,0.3424657534246575
17257.0,274,2,192.73,0.0,0.0,96.365,274,0.0072992700729927005,1.0
17258.0,234,2,417.3,0.0,0.0,208.65,503,0.003976143141153081,0.46520874751491054
17259.0,206,5,1667.61,221.73000000000002,5.405960275563393,333.522,493,0.010141987829614604,0.4178498985801217
17260.0,249,1,120.95,0.0,0.0,120.95,249,0.004016064257028112,1.0
17261.0,347,1,230.44,0.0,0.0,230.44,347,0.002881844380403458,1.0
17262.0,65,10,2459.62,298.0,5.700443573390687,245.962,562,0.017793594306049824,0.11565836298932385
17263.0,46,1,63.440000000000005,0.0,0.0,63.440000000000005,46,0.021739130434782608,1.0
17264.0,262,1,279.59,0.0,0.0,279.59,262,0.003816793893129771,1.0
17265.0,18,1,384.09000000000003,178.81,5.191900737843547,384.09000000000003,18,0.05555555555555555,1.0
17266.0,337,2,207.09,310.64,5.741848675462657,103.545,478,0.0041841004184100415,0.7050209205020921
17268.0,81,9,1246.73,487.15999999999997,6.19064322096836,138.52555555555557,569,0.015817223198594025,0.14235500878734622
17269.0,223,1,537.46,0.0,0.0,537.46,223,0.004484304932735426,1.0
17270.0,307,2,604.4,0.0,0.0,302.2,570,0.0035087719298245615,0.5385964912280702
17271.0,574,1,210.39,0.0,0.0,210.39,574,0.0017421602787456446,1.0
17272.0,34,3,1405.34,739.1899999999999,6.606906909998597,468.44666666666666,100,0.03,0.34
17273.0,262,1,141.12,0.0,0.0,141.12,262,0.003816793893129771,1.0
17274.0,233,1,465.4,111.97999999999999,4.727210811897116,465.4,233,0.004291845493562232,1.0
17275.0,221,1,114.52,0.0,0.0,114.52,221,0.004524886877828055,1.0
17276.0,237,2,451.34000000000003,0.0,0.0,225.67000000000002,240,0.008333333333333333,0.9875
17277.0,65,2,1065.3500000000001,0.0,0.0,532.6750000000001,160,0.0125,0.40625
17278.0,79,2,271.24,0.0,0.0,135.62,403,0.004962779156327543,0.19602977667493796
17280.0,276,1,118.85999999999999,0.0,0.0,118.85999999999999,276,0.0036231884057971015,1.0
17281.0,212,6,797.8499999999999,0.0,0.0,132.975,511,0.011741682974559686,0.41487279843444225
17282.0,11,4,1652.66,687.0,6.5337888379333435,413.165,386,0.010362694300518135,0.02849740932642487
17283.0,216,1,188.46,0.0,0.0,188.46,216,0.004629629629629629,1.0
17284.0,4,9,1896.81,431.40999999999997,6.069374212232139,210.75666666666666,283,0.03180212014134275,0.014134275618374558
17285.0,466,2,428.34,0.0,0.0,214.17,501,0.003992015968063872,0.9301397205588823
17286.0,238,2,241.56,153.92,5.0429088546465515,120.78,238,0.008403361344537815,1.0
17287.0,43,20,3531.94,563.77,6.336418568621011,176.597,574,0.03484320557491289,0.07491289198606271
17288.0,45,9,1743.95,756.03,6.629402882771086,193.77222222222224,232,0.03879310344827586,0.1939655172413793
17289.0,18,8,1301.09,768.8,6.646130740849646,162.63625,479,0.016701461377870562,0.037578288100208766
17290.0,219,6,976.2,525.24,6.265757382440746,162.70000000000002,564,0.010638297872340425,0.3882978723404255
17291.0,146,1,550.8000000000001,0.0,0.0,550.8000000000001,146,0.00684931506849315,1.0
17292.0,310,2,271.75,0.0,0.0,135.875,417,0.004796163069544364,0.7434052757793765
17293.0,146,10,2368.4700000000003,1405.76,7.249044466871737,236.84700000000004,574,0.017421602787456445,0.25435540069686413
17294.0,507,2,467.78999999999996,0.0,0.0,233.89499999999998,507,0.0039447731755424065,1.0
17296.0,568,1,338.13,0.0,0.0,338.13,568,0.0017605633802816902,1.0
17298.0,212,4,454.1,498.42,6.21344742510144,113.525,479,0.008350730688935281,0.44258872651356995
17299.0,11,3,498.6,517.48,6.250901454119461,166.20000000000002,319,0.009404388714733543,0.034482758620689655
17300.0,228,2,393.64,0.0,0.0,196.82,319,0.006269592476489028,0.7147335423197492
17301.0,462,1,132.8,197.63,5.291443797604864,132.8,462,0.0021645021645021645,1.0
17302.0,46,2,303.12,816.81,6.706630035784371,151.56,143,0.013986013986013986,0.32167832167832167
17303.0,199,1,250.04,0.0,0.0,250.04,199,0.005025125628140704,1.0
17304.0,372,1,111.5,0.0,0.0,111.5,372,0.002688172043010753,1.0
17305.0,486,1,2135.46,0.0,0.0,2135.46,486,0.00205761316872428,1.0
17306.0,9,15,5595.1,4156.67,8.332710100189018,373.0066666666667,241,0.06224066390041494,0.03734439834024896
17307.0,203,15,3225.67,0.0,0.0,215.04466666666667,527,0.028462998102466792,0.38519924098671726
17308.0,231,2,4511.76,0.0,0.0,2255.88,290,0.006896551724137931,0.7965517241379311
17309.0,219,2,247.84,82.75,4.427836170705175,123.92,511,0.003913894324853229,0.42857142857142855
17310.0,225,2,1025.1,0.0,0.0,512.55,372,0.005376344086021506,0.6048387096774194
17311.0,154,6,2662.27,828.39,6.720690490830987,443.71166666666664,512,0.01171875,0.30078125
17314.0,7,17,3293.54,1221.16,7.108375064057467,193.73764705882354,574,0.029616724738675958,0.012195121951219513
17315.0,29,29,6192.19,3366.36,8.121884333552448,213.52379310344827,276,0.10507246376811594,0.10507246376811594
17316.0,258,1,124.45,0.0,0.0,124.45,258,0.003875968992248062,1.0
17318.0,563,1,164.28,0.0,0.0,164.28,563,0.0017761989342806395,1.0
17319.0,507,1,29.1,0.0,0.0,29.1,507,0.0019723865877712033,1.0
17320.0,74,5,2605.25,290.52,5.675108614071593,521.05,525,0.009523809523809525,0.14095238095238094
17321.0,232,4,1040.32,700.86,6.5537339539375346,260.08,415,0.00963855421686747,0.5590361445783133
17322.0,214,7,900.64,0.0,0.0,128.66285714285715,574,0.012195121951219513,0.37282229965156793
17323.0,4,9,1072.21,481.3,6.178566327074926,119.13444444444445,536,0.016791044776119403,0.007462686567164179
17324.0,169,11,1860.87,288.0,5.666426688112432,169.17,559,0.01967799642218247,0.3023255813953488
17325.0,118,3,609.5699999999999,0.0,0.0,203.18999999999997,479,0.006263048016701462,0.24634655532359082
17326.0,246,2,321.95,0.0,0.0,160.975,367,0.005449591280653951,0.670299727520436
17327.0,247,2,152.35,0.0,0.0,76.175,400,0.005,0.6175
17328.0,511,1,104.7,0.0,0.0,104.7,511,0.0019569471624266144,1.0
17329.0,153,4,724.6800000000001,279.75,5.637464593618552,181.17000000000002,574,0.006968641114982578,0.2665505226480836
17330.0,382,2,59.900000000000006,363.9,5.899623343442402,29.950000000000003,485,0.004123711340206186,0.7876288659793814
17332.0,366,5,838.27,0.0,0.0,167.654,494,0.010121457489878543,0.7408906882591093
17334.0,139,4,634.73,0.0,0.0,158.6825,244,0.01639344262295082,0.569672131147541
17335.0,221,2,508.0,0.0,0.0,254.0,522,0.0038314176245210726,0.42337164750957856
17336.0,310,1,81.12,0.0,0.0,81.12,310,0.0032258064516129032,1.0
17337.0,49,5,1920.32,24.0,3.2188758248682006,384.06399999999996,148,0.033783783783783786,0.3310810810810811
17338.0,43,15,9067.64,2968.93,7.996293662495423,604.5093333333333,477,0.031446540880503145,0.09014675052410902
17339.0,203,3,120.0,183.36,5.216890367852308,40.0,347,0.008645533141210375,0.5850144092219021
17340.0,7,20,15031.1,6380.54,8.761164726521882,751.5550000000001,569,0.0351493848857645,0.012302284710017574
17341.0,204,3,1622.07,267.76,5.593818788051949,540.6899999999999,378,0.007936507936507936,0.5396825396825397
17342.0,212,7,1155.8400000000001,0.0,0.0,165.12000000000003,507,0.013806706114398421,0.4181459566074951
17343.0,193,6,1259.94,0.0,0.0,209.99,574,0.010452961672473868,0.3362369337979094
17344.0,566,2,294.04,160.57,5.084938485288739,147.02,566,0.0035335689045936395,1.0
17345.0,34,10,1074.97,409.40999999999997,6.017156660031437,107.497,576,0.017361111111111112,0.059027777777777776
17346.0,16,18,3758.63,1499.39,7.313480353296159,208.8127777777778,438,0.0410958904109589,0.0365296803652968
17348.0,135,5,1477.04,999.37,6.9081252105490165,295.408,477,0.010482180293501049,0.2830188679245283
17349.0,17,5,852.25,0.0,0.0,170.45,469,0.010660980810234541,0.03624733475479744
17350.0,232,3,619.971,1256.19,7.136634350707877,206.657,514,0.005836575875486381,0.45136186770428016
17351.0,7,11,1828.38,159.85,5.080472253685035,166.21636363636364,567,0.019400352733686066,0.012345679012345678
17352.0,534,1,36.25,0.0,0.0,36.25,534,0.0018726591760299626,1.0
17353.0,251,5,1415.55,1740.0,7.462214939768189,283.11,520,0.009615384615384616,0.4826923076923077
17354.0,266,3,1750.3999999999999,1393.06,7.239975632001093,583.4666666666666,266,0.011278195488721804,1.0
17355.0,224,1,285.11,0.0,0.0,285.11,224,0.004464285714285714,1.0
17356.0,149,5,946.47,0.0,0.0,189.294,526,0.009505703422053232,0.2832699619771863
17358.0,141,5,866.05,0.0,0.0,173.20999999999998,491,0.010183299389002037,0.28716904276985744
17359.0,486,1,156.6,127.86,4.858726543710496,156.6,486,0.00205761316872428,1.0
17360.0,22,5,946.59,254.84,5.544552249085644,189.318,272,0.01838235294117647,0.08088235294117647
17361.0,24,4,656.36,224.28,5.417344072969677,164.09,514,0.007782101167315175,0.04669260700389105
17362.0,77,8,1010.54,0.0,0.0,126.3175,540,0.014814814814814815,0.1425925925925926
17363.0,233,3,940.86,0.0,0.0,313.62,240,0.0125,0.9708333333333333
17364.0,42,25,9305.22,2379.33,7.774994412515925,372.2088,570,0.043859649122807015,0.07368421052631578
17365.0,7,13,5775.28,2430.55,7.796284193070623,444.2523076923077,514,0.02529182879377432,0.013618677042801557
17366.0,230,3,1094.59,0.0,0.0,364.8633333333333,294,0.01020408163265306,0.782312925170068
17367.0,76,1,168.4,0.0,0.0,168.4,76,0.013157894736842105,1.0
17368.0,11,13,1915.44,297.8,5.699774453258662,147.34153846153848,562,0.023131672597864767,0.019572953736654804
17369.0,293,1,979.1999999999999,0.0,0.0,979.1999999999999,293,0.0034129692832764505,1.0
17370.0,7,1,110.69999999999999,335.48,5.81853871195439,110.69999999999999,7,0.14285714285714285,1.0
17371.0,199,4,336.29,326.26,5.79075496200075,84.0725,569,0.007029876977152899,0.34973637961335674
17372.0,4,29,4043.88,281.55,5.6438555260758525,139.44413793103448,574,0.050522648083623695,0.006968641114982578
17373.0,150,4,665.83,501.67,6.21993389117754,166.4575,487,0.008213552361396304,0.3080082135523614
17374.0,56,4,711.21,0.0,0.0,177.8025,233,0.017167381974248927,0.24034334763948498
17375.0,28,5,632.95,0.0,0.0,126.59,269,0.01858736059479554,0.10408921933085502
17376.0,149,3,356.29,97.35,4.5885325448350684,118.76333333333334,360,0.008333333333333333,0.41388888888888886
17377.0,11,79,15481.18,2370.23,7.771164086843596,195.96430379746835,575,0.1373913043478261,0.019130434782608695
17380.0,272,4,643.75,0.0,0.0,160.9375,372,0.010752688172043012,0.7311827956989247
17381.0,17,27,34058.73,5940.46,8.689710173400762,1261.4344444444446,386,0.06994818652849741,0.04404145077720207
17382.0,273,7,836.88,65.4,4.1956970564823886,119.55428571428571,407,0.0171990171990172,0.6707616707616708
17383.0,291,1,110.69999999999999,199.29,5.299766316313141,110.69999999999999,291,0.003436426116838488,1.0
17384.0,57,2,398.8,108.75,4.698205051955281,199.4,305,0.006557377049180328,0.18688524590163935
17386.0,3,3,739.6700000000001,2073.1,7.637282603634833,246.5566666666667,223,0.013452914798206279,0.013452914798206279
17388.0,49,9,2195.21,496.36,6.209314109961082,243.91222222222223,567,0.015873015873015872,0.08641975308641975
17389.0,1,56,28643.0,25944.03,10.163735348093327,511.48214285714283,573,0.09773123909249563,0.0017452006980802793
17390.0,258,1,149.3,0.0,0.0,149.3,258,0.003875968992248062,1.0
17391.0,1,2,508.8,0.0,0.0,254.4,2,1.0,0.5
17392.0,144,3,626.56,0.0,0.0,208.85333333333332,288,0.010416666666666666,0.5
17393.0,248,2,381.15,0.0,0.0,190.575,326,0.006134969325153374,0.7607361963190185
17394.0,57,1,203.86999999999998,0.0,0.0,203.86999999999998,57,0.017543859649122806,1.0
17395.0,346,1,97.5,0.0,0.0,97.5,346,0.002890173410404624,1.0
17396.0,209,9,1596.3,6933.3,8.84423539037973,177.36666666666667,279,0.03225806451612903,0.7491039426523297
17397.0,254,1,536.77,696.41,6.547373473112078,536.77,254,0.003937007874015748,1.0
17398.0,48,2,528.45,124.92999999999999,4.835726197017755,264.225,93,0.021505376344086023,0.5161290322580645
17400.0,48,7,3859.61,817.44,6.707400089298359,551.3728571428571,560,0.0125,0.08571428571428572
17401.0,379,1,114.85,0.0,0.0,114.85,379,0.002638522427440633,1.0
17402.0,4,19,3575.54,1471.54,7.294744079842697,188.1863157894737,561,0.0338680926916221,0.0071301247771836
17403.0,288,1,118.95,281.62,5.6441032391546,118.95,288,0.003472222222222222,1.0
17404.0,49,18,28191.62,17815.2,9.787863434738586,1566.201111111111,539,0.03339517625231911,0.09090909090909091
17406.0,168,18,4592.1,0.0,0.0,255.11666666666667,571,0.03152364273204904,0.29422066549912435
17407.0,249,1,552.9,0.0,0.0,552.9,249,0.004016064257028112,1.0
17408.0,1,4,164.89000000000001,0.0,0.0,41.222500000000004,352,0.011363636363636364,0.002840909090909091
17409.0,22,10,7793.51,0.0,0.0,779.351,566,0.0176678445229682,0.038869257950530034
17410.0,53,1,302.4,912.3199999999999,6.817086312067301,302.4,53,0.018867924528301886,1.0
17411.0,99,7,793.1700000000001,493.36,6.203263996721534,113.31000000000002,574,0.012195121951219513,0.17247386759581881
17412.0,34,16,3836.7400000000002,548.24,6.308535504453551,239.79625000000001,575,0.02782608695652174,0.059130434782608696
17413.0,242,2,560.14,0.0,0.0,280.07,407,0.004914004914004914,0.5945945945945946
17414.0,22,5,2069.52,180.0,5.198497031265826,413.904,574,0.008710801393728223,0.03832752613240418
17416.0,14,21,14723.88,2497.59,7.823481851748465,701.1371428571429,563,0.037300177619893425,0.02486678507992895
17417.0,386,1,164.18,0.0,0.0,164.18,386,0.0025906735751295338,1.0
17418.0,161,2,373.99,296.07,5.693967801267809,186.995,225,0.008888888888888889,0.7155555555555555
17419.0,87,14,4309.0,2165.92,7.681062083457571,307.7857142857143,521,0.026871401151631478,0.16698656429942418
17420.0,9,7,867.21,207.32,5.339075359020204,123.88714285714286,239,0.029288702928870293,0.03765690376569038
17421.0,224,3,1059.41,0.0,0.0,353.1366666666667,573,0.005235602094240838,0.39092495636998253
17422.0,18,15,2416.48,925.17,6.8310578031096325,161.09866666666667,372,0.04032258064516129,0.04838709677419355
17423.0,44,3,852.6800000000001,231.49,5.448847213349734,284.2266666666667,231,0.012987012987012988,0.19047619047619047
17426.0,13,13,5863.34,1743.03,7.463953806155837,451.0261538461539,498,0.02610441767068273,0.02610441767068273
17428.0,9,39,22659.1,8578.960000000001,9.057184530466479,581.0025641025641,576,0.06770833333333333,0.015625
17429.0,23,5,1206.18,135.98000000000002,4.91983492976976,241.23600000000002,267,0.018726591760299626,0.08614232209737828
17430.0,203,3,582.01,153.16,5.037991024106111,194.00333333333333,317,0.00946372239747634,0.6403785488958991
17431.0,151,1,403.3,0.0,0.0,403.3,151,0.006622516556291391,1.0
17432.0,223,7,1385.6299999999999,365.76,5.9047076831817,197.94714285714284,574,0.012195121951219513,0.3885017421602787
17433.0,223,1,266.8,303.15999999999997,5.7175538787401186,266.8,223,0.004484304932735426,1.0
17435.0,249,1,331.35,0.0,0.0,331.35,249,0.004016064257028112,1.0
17436.0,64,6,427.40999999999997,93.89999999999999,4.552823705615882,71.235,570,0.010526315789473684,0.11228070175438597
17437.0,367,1,373.17,0.0,0.0,373.17,367,0.0027247956403269754,1.0
17438.0,85,6,1412.6200000000001,0.0,0.0,235.4366666666667,479,0.012526096033402923,0.17745302713987474
17439.0,493,1,325.74,0.0,0.0,325.74,493,0.002028397565922921,1.0
17440.0,77,4,260.61,53.65,4.000949214622548,65.1525,387,0.0103359173126615,0.19896640826873385
17441.0,570,1,293.35,0.0,0.0,293.35,570,0.0017543859649122807,1.0
17442.0,2,18,3329.85,1170.85,7.066338975597883,184.99166666666667,500,0.036,0.004
17443.0,57,1,534.24,0.0,0.0,534.24,57,0.017543859649122806,1.0
17444.0,10,1,1171.46,1768.58,7.478497509274997,1171.46,10,0.1,1.0
17446.0,14,2,120.9,0.0,0.0,60.45,148,0.013513513513513514,0.0945945945945946
17449.0,72,9,3752.98,1182.17,7.075952556105573,416.9977777777778,568,0.01584507042253521,0.1267605633802817
17450.0,9,24,105559.56,128019.83,11.759948264036952,4398.315,276,0.08695652173913043,0.03260869565217391
17454.0,30,11,1532.64,0.0,0.0,139.3309090909091,531,0.02071563088512241,0.05649717514124294
17455.0,41,1,131.7,0.0,0.0,131.7,41,0.024390243902439025,1.0
17456.0,203,2,1225.42,0.0,0.0,612.71,294,0.006802721088435374,0.6904761904761905
17457.0,42,17,5458.95,340.06,5.832058414884768,321.11470588235295,570,0.02982456140350877,0.07368421052631578
17458.0,219,1,213.08,316.5,5.760477818332746,213.08,219,0.0045662100456621,1.0
17462.0,122,1,463.40999999999997,199.53,5.300963861488942,463.40999999999997,122,0.00819672131147541,1.0
17463.0,10,7,1887.14,650.77,6.479691738955752,269.5914285714286,427,0.01639344262295082,0.0234192037470726
17464.0,360,3,589.78,289.96000000000004,5.673185800678734,196.59333333333333,457,0.006564551422319475,0.787746170678337
17465.0,263,9,2533.64,0.0,0.0,281.5155555555555,574,0.0156794425087108,0.45818815331010454
17467.0,233,1,102.6,0.0,0.0,102.6,233,0.004291845493562232,1.0
17468.0,213,1,57.8,137.0,4.927253685157205,57.8,213,0.004694835680751174,1.0
17469.0,42,17,3420.64,1537.7,7.338693183063333,201.21411764705883,561,0.030303030303030304,0.0748663101604278
17470.0,55,9,2302.91,501.96000000000004,6.220510644074806,255.87888888888887,346,0.02601156069364162,0.15895953757225434
17471.0,312,1,321.65000000000003,0.0,0.0,321.65000000000003,312,0.003205128205128205,1.0
17472.0,29,4,935.1,0.0,0.0,233.775,466,0.008583690987124463,0.06223175965665236
17473.0,239,3,592.15,0.0,0.0,197.38333333333333,294,0.01020408163265306,0.8129251700680272
17474.0,437,1,1047.0,0.0,0.0,1047.0,437,0.002288329519450801,1.0
17476.0,231,4,446.51,0.0,0.0,111.6275,575,0.006956521739130435,0.4017391304347826
17477.0,450,5,1079.0,0.0,0.0,215.8,485,0.010309278350515464,0.9278350515463918
17478.0,246,2,1272.8,0.0,0.0,636.4,471,0.004246284501061571,0.5222929936305732
17479.0,470,1,389.26000000000005,0.0,0.0,389.26000000000005,470,0.002127659574468085,1.0
17480.0,282,1,390.21,506.51,6.22951641515531,390.21,282,0.0035460992907801418,1.0
17482.0,325,2,778.19,0.0,0.0,389.095,416,0.004807692307692308,0.78125
17483.0,21,2,332.79,258.94,5.560450835153443,166.395,252,0.007936507936507936,0.08333333333333333
17484.0,414,2,209.57,0.0,0.0,104.785,462,0.004329004329004329,0.8961038961038961
17486.0,99,1,396.87,0.0,0.0,396.87,99,0.010101010101010102,1.0
17487.0,566,1,160.55,0.0,0.0,160.55,566,0.0017667844522968198,1.0
17488.0,479,1,336.5,0.0,0.0,336.5,479,0.0020876826722338203,1.0
17489.0,50,1,208.56,168.07999999999998,5.130371975698589,208.56,50,0.02,1.0
17490.0,10,4,944.63,1640.4299999999998,7.403323092109129,236.1575,407,0.009828009828009828,0.02457002457002457
17491.0,22,11,3747.06,2217.06,7.704388218942086,340.64181818181817,428,0.02570093457943925,0.0514018691588785
17492.0,86,3,1122.42,0.0,0.0,374.14000000000004,356,0.008426966292134831,0.24157303370786518
17493.0,223,1,100.91000000000001,0.0,0.0,100.91000000000001,223,0.004484304932735426,1.0
17494.0,339,1,54.699999999999996,0.0,0.0,54.699999999999996,339,0.0029498525073746312,1.0
17495.0,223,2,261.51,497.56,6.211723943242329,130.755,228,0.008771929824561403,0.9780701754385965
17496.0,196,5,1385.89,0.0,0.0,277.178,532,0.009398496240601503,0.3684210526315789
17497.0,228,2,287.25,0.0,0.0,143.625,448,0.004464285714285714,0.5089285714285714
17499.0,127,3,1296.84,0.0,0.0,432.28,399,0.007518796992481203,0.3182957393483709
17501.0,58,2,288.6,0.0,0.0,144.3,58,0.034482758620689655,1.0
17504.0,44,19,9313.37,0.0,0.0,490.1773684210527,507,0.03747534516765286,0.08678500986193294
17505.0,43,4,1776.63,658.85,6.4920125364628385,444.1575,443,0.009029345372460496,0.09706546275395034
17507.0,99,2,605.58,0.0,0.0,302.79,147,0.013605442176870748,0.673469387755102
17508.0,118,9,4546.78,0.0,0.0,505.19777777777773,570,0.015789473684210527,0.20701754385964913
17510.0,258,1,206.07999999999998,308.48,5.7348934696812535,206.07999999999998,258,0.003875968992248062,1.0
17511.0,15,64,123628.56,48257.42,10.784325599314442,1931.69625,575,0.11130434782608696,0.02608695652173913
17512.0,38,16,3809.7000000000003,1622.57,7.39238270733653,238.10625000000002,567,0.02821869488536155,0.06701940035273368
17513.0,246,2,645.6,513.2,6.2426122948317895,322.8,317,0.006309148264984227,0.7760252365930599
17514.0,507,1,334.18,208.65,5.345439473616771,334.18,507,0.0019723865877712033,1.0
17515.0,44,8,1549.81,67.65,4.229021132213981,193.72625,388,0.020618556701030927,0.1134020618556701
17516.0,55,4,644.68,312.87,5.748978887442464,161.17,216,0.018518518518518517,0.25462962962962965
17517.0,146,1,153.94,0.0,0.0,153.94,146,0.00684931506849315,1.0
17518.0,263,2,329.42,0.0,0.0,164.71,459,0.004357298474945534,0.5729847494553377
17519.0,11,15,4414.88,687.9200000000001,6.535125153967546,294.32533333333333,576,0.026041666666666668,0.019097222222222224
17521.0,37,3,714.41,562.4,6.333989855442272,238.13666666666666,272,0.011029411764705883,0.13602941176470587
17522.0,21,3,787.54,283.16999999999996,5.649572650626042,262.5133333333333,56,0.05357142857142857,0.375
17524.0,199,4,508.9,0.0,0.0,127.225,276,0.014492753623188406,0.7210144927536232
17525.0,197,3,1161.9,0.0,0.0,387.3,266,0.011278195488721804,0.7406015037593985
17526.0,42,14,3369.64,307.2,5.730748922886015,240.6885714285714,560,0.025,0.075
17527.0,44,2,251.55,637.3100000000001,6.458824058753736,125.775,56,0.03571428571428571,0.7857142857142857
17529.0,448,2,1240.25,0.0,0.0,620.125,535,0.003738317757009346,0.8373831775700935
17530.0,44,9,2123.42,1017.14,6.92573271221279,235.93555555555557,571,0.01576182136602452,0.07705779334500876
17532.0,223,1,65.34,0.0,0.0,65.34,223,0.004484304932735426,1.0
17533.0,272,1,34.8,0.0,0.0,34.8,272,0.003676470588235294,1.0
17534.0,289,4,1445.47,223.36,5.413251904640136,361.3675,490,0.00816326530612245,0.5897959183673469
17535.0,118,1,164.4,0.0,0.0,164.4,118,0.00847457627118644,1.0
17536.0,15,3,364.83,0.0,0.0,121.61,520,0.0057692307692307696,0.028846153846153848
17537.0,141,1,630.7,266.92,5.590688428485949,630.7,141,0.0070921985815602835,1.0
17539.0,455,7,1047.07,0.0,0.0,149.58142857142857,564,0.012411347517730497,0.8067375886524822
17540.0,154,5,1280.5,301.6,5.712411801354255,256.1,437,0.011441647597254004,0.3524027459954233
17541.0,347,1,124.46,0.0,0.0,124.46,347,0.002881844380403458,1.0
17542.0,107,3,341.7,0.0,0.0,113.89999999999999,479,0.006263048016701462,0.22338204592901878
17543.0,387,1,120.05,0.0,0.0,120.05,387,0.002583979328165375,1.0
17544.0,228,3,960.69,0.0,0.0,320.23,228,0.013157894736842105,1.0
17545.0,228,3,802.58,645.96,6.472284468787567,267.5266666666667,415,0.007228915662650603,0.5493975903614458
17547.0,210,4,680.5500000000001,0.0,0.0,170.13750000000002,503,0.007952286282306162,0.41749502982107356
17548.0,55,6,345.0,0.0,0.0,57.5,234,0.02564102564102564,0.23504273504273504
17550.0,35,10,2206.54,0.0,0.0,220.654,508,0.01968503937007874,0.0688976377952756
17551.0,197,1,306.84,0.0,0.0,306.84,197,0.005076142131979695,1.0
17552.0,210,12,2427.76,611.4399999999999,6.417450978436895,202.31333333333336,465,0.025806451612903226,0.45161290322580644
17553.0,310,3,2270.0,1487.6,7.305591359925811,756.6666666666666,448,0.006696428571428571,0.6919642857142857
17555.0,172,4,769.93,287.81,5.665769032457985,192.4825,424,0.009433962264150943,0.4056603773584906
17556.0,43,2,300.67,0.0,0.0,150.335,217,0.009216589861751152,0.19815668202764977
17557.0,570,1,34.0,541.46,6.29611434997733,34.0,570,0.0017543859649122807,1.0
17558.0,231,1,259.17,0.0,0.0,259.17,231,0.004329004329004329,1.0
17559.0,350,1,167.62,0.0,0.0,167.62,350,0.002857142857142857,1.0
17560.0,42,6,1526.9,368.90000000000003,5.913232698838408,254.48333333333335,498,0.012048192771084338,0.08433734939759036
17561.0,228,3,554.72,167.62,5.12764766249453,184.90666666666667,571,0.005253940455341506,0.39929947460595444
17562.0,3,2,285.1,822.28,6.713296361527836,142.55,11,0.18181818181818182,0.2727272727272727
17563.0,416,5,309.28000000000003,0.0,0.0,61.85600000000001,449,0.011135857461024499,0.9265033407572383
17565.0,424,1,131.83,0.0,0.0,131.83,424,0.0023584905660377358,1.0
17567.0,71,6,2888.62,2148.49,7.6729858836808065,481.43666666666667,279,0.021505376344086023,0.25448028673835127
17568.0,471,1,382.79,0.0,0.0,382.79,471,0.0021231422505307855,1.0
17569.0,170,1,344.14,0.0,0.0,344.14,170,0.0058823529411764705,1.0
17571.0,115,3,565.1899999999999,1138.56,7.038397501972632,188.39666666666665,380,0.007894736842105263,0.3026315789473684
17572.0,76,8,648.46,74.55,4.3247946887187485,81.0575,562,0.014234875444839857,0.13523131672597866
17574.0,80,1,185.65,0.0,0.0,185.65,80,0.0125,1.0
17575.0,505,1,171.7,0.0,0.0,171.7,505,0.0019801980198019802,1.0
17576.0,21,35,7094.62,1791.04,7.491109914714328,202.70342857142856,574,0.06097560975609756,0.036585365853658534
17577.0,483,2,348.75,0.0,0.0,174.375,506,0.003952569169960474,0.9545454545454546
17578.0,28,10,1003.73,0.0,0.0,100.373,367,0.027247956403269755,0.07629427792915532
17579.0,17,2,468.79,275.79,5.623259095923283,234.395,416,0.004807692307692308,0.040865384615384616
17580.0,90,5,545.27,0.0,0.0,109.054,260,0.019230769230769232,0.34615384615384615
17581.0,15,38,12018.75,6228.72,8.73708666695127,316.2828947368421,574,0.06620209059233449,0.02613240418118467
17582.0,74,6,1433.7,0.0,0.0,238.95000000000002,461,0.013015184381778741,0.16052060737527116
17583.0,398,1,135.95,0.0,0.0,135.95,398,0.002512562814070352,1.0
17584.0,305,4,4067.12,1227.3,7.113386378545049,1016.78,521,0.007677543186180422,0.5854126679462572
17585.0,8,6,1773.75,319.55,5.7700382704332664,295.625,316,0.0189873417721519,0.02531645569620253
17586.0,457,1,167.4,0.0,0.0,167.4,457,0.002188183807439825,1.0
17587.0,466,1,181.66,0.0,0.0,181.66,466,0.002145922746781116,1.0
17588.0,10,8,2363.69,537.96,6.289641356652404,295.46125,475,0.016842105263157894,0.021052631578947368
17589.0,25,19,12712.07,1192.75,7.08485489179494,669.0563157894736,480,0.03958333333333333,0.052083333333333336
17591.0,41,7,2189.32,576.4,6.358535267228834,312.76000000000005,529,0.013232514177693762,0.07750472589792061
17593.0,4,11,5648.18,2395.82,7.781898137747365,513.4709090909091,573,0.019197207678883072,0.006980802792321117
17594.0,92,3,1819.7,678.18,6.520886188156045,606.5666666666667,442,0.006787330316742082,0.2081447963800905
17596.0,29,10,3368.25,1539.07,7.339583148920103,336.825,562,0.017793594306049824,0.051601423487544484
17597.0,51,7,3425.29,0.0,0.0,489.32714285714286,421,0.0166270783847981,0.12114014251781473
17598.0,219,1,409.98,0.0,0.0,409.98,219,0.0045662100456621,1.0
17599.0,302,3,44.55,0.0,0.0,14.85,315,0.009523809523809525,0.9587301587301588
17601.0,77,2,421.48,0.0,0.0,210.74,218,0.009174311926605505,0.3532110091743119
17602.0,162,11,3053.71,4283.72,8.362810484672815,277.61,457,0.024070021881838075,0.3544857768052516
17604.0,55,6,945.9300000000001,0.0,0.0,157.655,519,0.011560693641618497,0.10597302504816955
17605.0,428,1,160.75,0.0,0.0,160.75,428,0.002336448598130841,1.0
17606.0,575,1,87.30000000000001,0.0,0.0,87.30000000000001,575,0.0017391304347826088,1.0
17607.0,214,1,333.81,0.0,0.0,333.81,214,0.004672897196261682,1.0
17608.0,287,2,305.11,193.42,5.270020767392923,152.555,445,0.0044943820224719105,0.6449438202247191
17609.0,140,11,1184.46,574.53,6.35529135538713,107.67818181818183,447,0.024608501118568233,0.3131991051454139
17610.0,378,8,1427.84,0.0,0.0,178.48,571,0.014010507880910683,0.6619964973730298
17611.0,7,24,6389.2300000000005,1816.15,7.505024618648684,266.21791666666667,576,0.041666666666666664,0.012152777777777778
17612.0,44,26,3796.0,1360.14,7.216077862901213,146.0,569,0.04569420035149385,0.0773286467486819
17613.0,7,9,2827.41,1681.96,7.428309426825773,314.15666666666664,143,0.06293706293706294,0.04895104895104895
17615.0,41,6,668.4,57.3,4.065602093356446,111.39999999999999,323,0.018575851393188854,0.12693498452012383
17616.0,11,4,1060.8,0.0,0.0,265.2,289,0.01384083044982699,0.03806228373702422
17617.0,396,2,237.28,0.0,0.0,118.64,408,0.004901960784313725,0.9705882352941176
17618.0,86,12,3743.14,304.8,5.722931293494962,311.92833333333334,522,0.022988505747126436,0.16475095785440613
17619.0,150,1,218.52,0.0,0.0,218.52,150,0.006666666666666667,1.0
17621.0,29,7,2551.2,478.12,6.171951087956207,364.45714285714286,269,0.026022304832713755,0.10780669144981413
17622.0,434,3,1125.17,0.0,0.0,375.0566666666667,436,0.006880733944954129,0.9954128440366973
17623.0,247,6,1856.6200000000001,527.0500000000001,6.269190976192483,309.43666666666667,563,0.010657193605683837,0.43872113676731794
17624.0,56,3,1125.45,443.18,6.096229885683062,375.15000000000003,557,0.005385996409335727,0.10053859964093358
17625.0,95,5,4570.4800000000005,1497.32,7.312099759421598,914.0960000000001,562,0.008896797153024912,0.16903914590747332
17626.0,440,1,254.0,0.0,0.0,254.0,440,0.0022727272727272726,1.0
17627.0,316,2,285.11,0.0,0.0,142.555,567,0.003527336860670194,0.5573192239858906
17629.0,9,7,1326.53,1098.99,7.003056367836049,189.50428571428571,259,0.02702702702702703,0.03474903474903475
17630.0,7,2,503.59999999999997,0.0,0.0,251.79999999999998,70,0.02857142857142857,0.1
17631.0,70,5,772.71,225.78,5.423980384543694,154.542,568,0.008802816901408451,0.12323943661971831
17633.0,197,4,665.05,1309.84,7.178423432074658,166.2625,227,0.01762114537444934,0.8678414096916299
17634.0,50,5,1814.67,547.3,6.306822582410002,362.934,175,0.02857142857142857,0.2857142857142857
17635.0,262,4,1256.83,0.0,0.0,314.2075,428,0.009345794392523364,0.6121495327102804
17638.0,485,2,842.4,0.0,0.0,421.2,559,0.0035778175313059034,0.8676207513416816
17639.0,114,6,615.17,0.0,0.0,102.52833333333332,321,0.018691588785046728,0.35514018691588783
17640.0,217,7,2485.93,621.66,6.434000623425246,355.1328571428571,464,0.015086206896551725,0.4676724137931034
17642.0,14,4,1507.5,316.99,5.762019935744844,376.875,572,0.006993006993006993,0.024475524475524476
17643.0,211,2,541.25,0.0,0.0,270.625,343,0.0058309037900874635,0.6151603498542274
17644.0,16,19,3958.77,1905.77,7.55316599004139,208.35631578947368,499,0.03807615230460922,0.03206412825651302
17646.0,57,16,4094.1600000000003,0.0,0.0,255.88500000000002,561,0.0285204991087344,0.10160427807486631
17647.0,507,2,198.6,133.06,4.8982874609298115,99.3,507,0.0039447731755424065,1.0
17648.0,30,4,1526.26,682.16,6.5267290927509904,381.565,223,0.017937219730941704,0.13452914798206278
17649.0,307,3,680.7,861.74,6.760113371067705,226.9,310,0.00967741935483871,0.9903225806451613
17651.0,7,11,2435.84,3196.75,8.070202716479503,221.44000000000003,364,0.03021978021978022,0.019230769230769232
17652.0,7,6,2345.09,2392.04,7.780319803188648,390.84833333333336,119,0.05042016806722689,0.058823529411764705
17654.0,115,1,117.55,0.0,0.0,117.55,115,0.008695652173913044,1.0
17655.0,48,7,2549.04,1036.24,6.944318618289184,364.1485714285714,254,0.027559055118110236,0.1889763779527559
17657.0,268,1,126.0,0.0,0.0,126.0,268,0.0037313432835820895,1.0
17658.0,49,1,317.59999999999997,168.28,5.1315541486699345,317.59999999999997,49,0.02040816326530612,1.0
17659.0,7,10,1941.65,1842.48,7.519410368686681,194.16500000000002,224,0.044642857142857144,0.03125
17660.0,575,1,163.47,196.0,5.2832037287379885,163.47,575,0.0017391304347826088,1.0
17662.0,499,2,412.92,0.0,0.0,206.46,560,0.0035714285714285713,0.8910714285714286
17663.0,36,18,4075.63,1005.4100000000001,6.914144822303806,226.42388888888888,574,0.0313588850174216,0.0627177700348432
17664.0,50,3,887.78,278.45,5.6328233857157075,295.9266666666667,458,0.006550218340611353,0.1091703056768559
17665.0,331,1,563.1,0.0,0.0,563.1,331,0.0030211480362537764,1.0
17666.0,315,3,1319.6399999999999,728.16,6.591893186664721,439.87999999999994,365,0.00821917808219178,0.863013698630137
17667.0,49,10,3184.96,698.84,6.550851737488403,318.496,492,0.02032520325203252,0.09959349593495935
17669.0,8,7,4800.35,1342.0,7.202661196523238,685.7642857142857,455,0.015384615384615385,0.017582417582417582
17670.0,65,1,205.7,0.0,0.0,205.7,65,0.015384615384615385,1.0
17671.0,42,4,1512.81,601.9,6.401751345495359,378.2025,213,0.018779342723004695,0.19718309859154928
17672.0,115,7,3752.8,1954.28,7.578288684670496,536.1142857142858,520,0.013461538461538462,0.22115384615384615
17673.0,24,11,3661.36,554.97,6.320714335960328,332.8509090909091,468,0.023504273504273504,0.05128205128205128
17674.0,206,1,601.32,250.38,5.526965738496691,601.32,206,0.0048543689320388345,1.0
17675.0,16,69,25679.350000000002,11926.49,9.386601098991251,372.1644927536232,567,0.12169312169312169,0.02821869488536155
17676.0,204,7,1639.95,1082.57,6.988016424334888,234.27857142857144,457,0.015317286652078774,0.44638949671772427
17677.0,9,69,26922.54,8944.09,9.098860057379067,390.1817391304348,566,0.12190812720848057,0.015901060070671377
17678.0,101,3,579.81,0.0,0.0,193.26999999999998,441,0.006802721088435374,0.2290249433106576
17679.0,359,9,1174.45,1992.1100000000001,7.597451511865824,130.49444444444444,574,0.0156794425087108,0.6254355400696864
17680.0,221,3,278.1,184.4,5.2225156531317545,92.7,349,0.008595988538681949,0.6332378223495702
17681.0,435,6,529.6,0.0,0.0,88.26666666666667,566,0.01060070671378092,0.7685512367491166
17682.0,29,9,3074.86,1366.92,7.221046616940337,341.6511111111111,479,0.018789144050104383,0.060542797494780795
17683.0,223,3,819.01,0.0,0.0,273.00333333333333,392,0.007653061224489796,0.5688775510204082
17685.0,104,12,4249.36,1678.81,7.42643597076346,354.1133333333333,504,0.023809523809523808,0.20634920634920634
17686.0,38,6,5594.1,2702.71,7.902380182890611,932.35,371,0.016172506738544475,0.10242587601078167
17687.0,258,1,432.68,0.0,0.0,432.68,258,0.003875968992248062,1.0
17688.0,212,2,286.5,0.0,0.0,143.25,231,0.008658008658008658,0.9177489177489178
17689.0,226,2,317.08,0.0,0.0,158.54,312,0.00641025641025641,0.7243589743589743
17690.0,24,15,5754.08,1684.52,7.429829400518875,383.6053333333333,512,0.029296875,0.046875
17691.0,196,5,769.85,0.0,0.0,153.97,384,0.013020833333333334,0.5104166666666666
17692.0,58,13,2844.92,117.47999999999999,4.774744169959543,218.84,378,0.03439153439153439,0.15343915343915343
17694.0,349,2,1412.85,283.12,5.649396684129609,706.425,400,0.005,0.8725
17695.0,9,5,1308.8,411.74,6.022817854765978,261.76,518,0.009652509652509652,0.017374517374517374
17696.0,17,40,6001.7300000000005,1379.16,7.229954713459478,150.04325,567,0.07054673721340388,0.029982363315696647
17697.0,74,1,338.95,0.0,0.0,338.95,74,0.013513513513513514,1.0
17698.0,98,1,154.95,0.0,0.0,154.95,98,0.01020408163265306,1.0
17699.0,314,2,442.0,0.0,0.0,221.0,399,0.005012531328320802,0.7869674185463659
17700.0,44,15,5221.8,1409.07,7.251394627529994,348.12,576,0.026041666666666668,0.0763888888888889
17701.0,90,1,417.95,0.0,0.0,417.95,90,0.011111111111111112,1.0
17702.0,1,6,1879.05,1032.74,6.94093857277237,313.175,238,0.025210084033613446,0.004201680672268907
17703.0,256,1,296.1,798.74,6.684286674843982,296.1,256,0.00390625,1.0
17704.0,6,2,885.19,0.0,0.0,442.595,77,0.025974025974025976,0.07792207792207792
17705.0,53,5,617.68,1423.82,7.261800768934766,123.53599999999999,414,0.012077294685990338,0.1280193236714976
17706.0,25,26,10637.800000000001,8906.1,9.09460399049358,409.1461538461539,527,0.04933586337760911,0.04743833017077799
17707.0,23,9,605.0500000000001,0.0,0.0,67.22777777777779,570,0.015789473684210527,0.04035087719298246
17708.0,25,4,887.9300000000001,0.0,0.0,221.98250000000002,261,0.01532567049808429,0.09578544061302682
17709.0,7,5,671.01,0.0,0.0,134.202,441,0.011337868480725623,0.015873015873015872
17710.0,261,1,293.5,0.0,0.0,293.5,261,0.0038314176245210726,1.0
17711.0,127,1,220.53000000000003,164.57,5.10939406611952,220.53000000000003,127,0.007874015748031496,1.0
17713.0,220,4,1198.09,0.0,0.0,299.5225,386,0.010362694300518135,0.5699481865284974
17714.0,158,9,1376.58,0.0,0.0,152.95333333333332,351,0.02564102564102564,0.45014245014245013
17715.0,38,2,489.59999999999997,0.0,0.0,244.79999999999998,430,0.004651162790697674,0.08837209302325581
17716.0,15,18,12792.47,2878.85,7.965493488440274,710.6927777777778,575,0.03130434782608696,0.02608695652173913
17717.0,259,1,376.92,0.0,0.0,376.92,259,0.003861003861003861,1.0
17718.0,70,3,386.98,0.0,0.0,128.99333333333334,482,0.006224066390041493,0.14522821576763487
17719.0,17,6,2282.86,3084.94,8.034611590089895,380.4766666666667,93,0.06451612903225806,0.1827956989247312
17720.0,63,10,2051.5,663.56,6.499125167530816,205.15,416,0.02403846153846154,0.15144230769230768
17721.0,497,1,307.21000000000004,0.0,0.0,307.21000000000004,497,0.002012072434607646,1.0
17722.0,27,6,4063.8,323.16,5.7812372210603185,677.3000000000001,213,0.028169014084507043,0.1267605633802817
17723.0,10,5,1925.9,1452.5,7.281729719998931,385.18,213,0.023474178403755867,0.046948356807511735
17725.0,14,8,1512.16,1858.97,7.528315637544915,189.02,105,0.0761904761904762,0.13333333333333333
17726.0,233,8,1089.56,0.0,0.0,136.195,520,0.015384615384615385,0.4480769230769231
17728.0,242,3,1345.45,2515.68,7.830695851574172,448.48333333333335,291,0.010309278350515464,0.8316151202749141
17729.0,434,1,438.65000000000003,0.0,0.0,438.65000000000003,434,0.002304147465437788,1.0
17730.0,1,15,4835.88,2921.4700000000003,7.980184428109618,322.392,427,0.0351288056206089,0.00234192037470726
17731.0,4,5,769.54,577.54,6.360507688582179,153.908,506,0.009881422924901186,0.007905138339920948
17732.0,210,10,2448.14,0.0,0.0,244.814,325,0.03076923076923077,0.6461538461538462
17733.0,99,1,216.95000000000002,475.24,6.165921928845135,216.95000000000002,99,0.010101010101010102,1.0
17734.0,71,4,854.67,587.65,6.377831779524206,213.6675,480,0.008333333333333333,0.14791666666666667
17735.0,3,21,10875.6,6286.9800000000005,8.746395153442407,517.8857142857144,335,0.0626865671641791,0.008955223880597015
17738.0,120,11,3061.93,1083.43,6.98880978231008,278.3572727272727,468,0.023504273504273504,0.2564102564102564
17739.0,29,16,5997.56,1720.58,7.450997752799615,374.8475,570,0.028070175438596492,0.05087719298245614
17740.0,227,6,426.9,0.0,0.0,71.14999999999999,535,0.011214953271028037,0.42429906542056073
17741.0,244,2,101.1,0.0,0.0,50.55,398,0.005025125628140704,0.6130653266331658
17742.0,170,10,2045.94,52.54,3.9804290380922063,204.594,576,0.017361111111111112,0.2951388888888889
17743.0,280,2,208.85,0.0,0.0,104.425,286,0.006993006993006993,0.9790209790209791
17744.0,88,6,1584.3799999999999,1033.44,6.94161549647024,264.06333333333333,218,0.027522935779816515,0.4036697247706422
17745.0,315,2,600.34,0.0,0.0,300.17,393,0.005089058524173028,0.8015267175572519
17746.0,72,7,873.4300000000001,0.0,0.0,124.7757142857143,448,0.015625,0.16071428571428573
17748.0,365,1,358.15,0.0,0.0,358.15,365,0.0027397260273972603,1.0
17749.0,16,3,1026.18,0.0,0.0,342.06,384,0.0078125,0.041666666666666664
17750.0,2,1,323.0,1474.57,7.296799634802919,323.0,2,0.5,1.0
17751.0,259,1,157.85999999999999,0.0,0.0,157.85999999999999,259,0.003861003861003861,1.0
17752.0,197,1,80.64,0.0,0.0,80.64,197,0.005076142131979695,1.0
17753.0,302,5,388.06,0.0,0.0,77.612,540,0.009259259259259259,0.5592592592592592
17754.0,98,12,3001.37,1508.02,7.319215712490489,250.11416666666665,566,0.02120141342756184,0.17314487632508835
17756.0,213,3,733.7,0.0,0.0,244.5666666666667,232,0.01293103448275862,0.9181034482758621
17757.0,1,47,6545.51,2797.33,7.936778089657593,139.26617021276596,533,0.08818011257035648,0.001876172607879925
17758.0,46,7,2610.66,2401.87,7.7844191352302,372.95142857142855,406,0.017241379310344827,0.11330049261083744
17759.0,7,4,609.07,667.84,6.505544868594469,152.2675,421,0.009501187648456057,0.0166270783847981
17760.0,211,6,796.63,115.05,4.754021132720446,132.77166666666668,487,0.012320328542094456,0.433264887063655
17762.0,294,1,129.75,0.0,0.0,129.75,294,0.003401360544217687,1.0
17763.0,101,5,51.15,0.0,0.0,10.23,497,0.01006036217303823,0.20321931589537223
17764.0,49,4,1066.79,556.85,6.324090109039189,266.6975,574,0.006968641114982578,0.08536585365853659
17765.0,48,3,421.47,109.33,4.703475874772215,140.49,286,0.01048951048951049,0.16783216783216784
17766.0,219,2,299.61,0.0,0.0,149.805,219,0.0091324200913242,1.0
17767.0,248,1,141.85,271.2,5.6065370902173655,141.85,248,0.004032258064516129,1.0
17768.0,4,6,1642.71,1861.8500000000001,7.529862852062151,273.785,575,0.010434782608695653,0.006956521739130435
17769.0,11,12,4542.91,2451.75,7.8049651230435,378.5758333333333,527,0.022770398481973434,0.020872865275142316
17770.0,36,5,1143.27,0.0,0.0,228.654,120,0.041666666666666664,0.3
17771.0,161,3,257.4,130.01,4.87527365616558,85.8,427,0.00702576112412178,0.3770491803278688
17772.0,230,1,202.0,182.77,5.213684975707333,202.0,230,0.004347826086956522,1.0
17773.0,352,2,585.27,0.0,0.0,292.635,528,0.003787878787878788,0.6666666666666666
17774.0,87,10,2325.23,620.47,6.43208763947196,232.523,507,0.01972386587771203,0.17159763313609466
17775.0,92,1,56.4,0.0,0.0,56.4,92,0.010869565217391304,1.0
17776.0,224,3,331.81,0.0,0.0,110.60333333333334,561,0.0053475935828877,0.39928698752228164
17778.0,499,1,197.70000000000002,0.0,0.0,197.70000000000002,499,0.002004008016032064,1.0
17780.0,505,3,352.91,0.0,0.0,117.63666666666667,522,0.005747126436781609,0.9674329501915708
17781.0,91,1,102.0,86.02,4.466137977292534,102.0,91,0.01098901098901099,1.0
17782.0,220,2,679.02,0.0,0.0,339.51,220,0.00909090909090909,1.0
17783.0,85,2,208.85,171.06,5.147843253193202,104.425,350,0.005714285714285714,0.24285714285714285
17784.0,388,1,112.86,0.0,0.0,112.86,388,0.002577319587628866,1.0
17785.0,283,2,271.44,131.94,4.889897898613436,135.72,403,0.004962779156327543,0.7022332506203474
17786.0,155,1,114.85,163.89,5.105278584912877,114.85,155,0.0064516129032258064,1.0
17787.0,142,3,2452.45,149.02,5.010768618541491,817.4833333333332,209,0.014354066985645933,0.6794258373205742
17789.0,119,2,397.15,0.0,0.0,198.575,499,0.004008016032064128,0.23847695390781562
17790.0,36,15,1715.07,1068.54,6.9749839284775845,114.338,382,0.03926701570680628,0.09424083769633508
17792.0,305,2,370.05,0.0,0.0,185.025,316,0.006329113924050633,0.9651898734177216
17794.0,524,2,147.3,0.0,0.0,73.65,526,0.0038022813688212928,0.9961977186311787
17795.0,17,2,350.39,0.0,0.0,175.195,102,0.0196078431372549,0.16666666666666666
17796.0,151,6,1286.09,75.9,4.3425058765115985,214.34833333333333,259,0.023166023166023165,0.583011583011583
17797.0,20,6,1477.85,508.02,6.232487308509429,246.3083333333333,562,0.010676156583629894,0.03558718861209965
17798.0,419,1,183.09,0.0,0.0,183.09,419,0.002386634844868735,1.0
17799.0,1,21,5305.07,911.67,6.816374369474564,252.62238095238095,564,0.03723404255319149,0.0017730496453900709
17800.0,55,3,354.85,844.16,6.739525958545319,118.28333333333335,172,0.01744186046511628,0.31976744186046513
17801.0,289,4,795.78,0.0,0.0,198.945,529,0.007561436672967864,0.5463137996219282
17802.0,18,15,4263.22,652.62,6.482526142832832,284.2146666666667,564,0.026595744680851064,0.031914893617021274
17803.0,230,1,184.66,0.0,0.0,184.66,230,0.004347826086956522,1.0
17804.0,214,4,380.13,0.0,0.0,95.0325,576,0.006944444444444444,0.3715277777777778
17805.0,448,1,414.72,512.31,6.240879951161022,414.72,448,0.002232142857142857,1.0
17807.0,233,3,437.87,0.0,0.0,145.95666666666668,542,0.005535055350553505,0.42988929889298894
17808.0,386,4,262.64,0.0,0.0,65.66,419,0.00954653937947494,0.9212410501193318
17809.0,6,17,8610.87,1887.98,7.543792279832967,506.5217647058824,575,0.029565217391304348,0.010434782608695653
17810.0,506,3,344.86,0.0,0.0,114.95333333333333,521,0.005758157389635317,0.9712092130518234
17811.0,4,32,5943.41,3505.12,8.162265291934808,185.7315625,283,0.11307420494699646,0.014134275618374558
17812.0,206,4,651.28,514.61,6.245350665756706,162.82,368,0.010869565217391304,0.5597826086956522
17814.0,213,2,1617.32,0.0,0.0,808.66,260,0.007692307692307693,0.8192307692307692
17815.0,231,1,591.96,0.0,0.0,591.96,231,0.004329004329004329,1.0
17816.0,107,4,97.07,15.25,2.7880929087757464,24.2675,562,0.0071174377224199285,0.1903914590747331
17817.0,115,6,683.17,117.97999999999999,4.7789554117597595,113.86166666666666,260,0.023076923076923078,0.4423076923076923
17818.0,575,1,130.18,0.0,0.0,130.18,575,0.0017391304347826088,1.0
17819.0,20,12,6332.32,236.39999999999998,5.469746482175568,527.6933333333333,564,0.02127659574468085,0.03546099290780142
17820.0,29,3,159.51,0.0,0.0,53.169999999999995,212,0.014150943396226415,0.13679245283018868
17821.0,244,1,334.62,0.0,0.0,334.62,244,0.004098360655737705,1.0
17822.0,258,5,2188.5,0.0,0.0,437.7,398,0.01256281407035176,0.6482412060301508
17823.0,259,2,494.25,0.0,0.0,247.125,259,0.007722007722007722,1.0
17825.0,436,4,731.96,0.0,0.0,182.99,563,0.007104795737122558,0.7744227353463587
17826.0,212,1,134.59,0.0,0.0,134.59,212,0.0047169811320754715,1.0
17827.0,80,6,1969.65,411.65,6.022599776038693,328.27500000000003,459,0.013071895424836602,0.17429193899782136
17828.0,8,3,850.41,749.56,6.620819594580148,283.46999999999997,22,0.13636363636363635,0.36363636363636365
17829.0,136,6,4680.42,0.0,0.0,780.07,493,0.012170385395537525,0.27586206896551724
17830.0,99,2,287.65000000000003,111.05,4.718945200246936,143.82500000000002,126,0.015873015873015872,0.7857142857142857
17833.0,561,1,342.36,0.0,0.0,342.36,561,0.0017825311942959,1.0
17834.0,252,2,730.47,0.0,0.0,365.235,283,0.007067137809187279,0.8904593639575972
17837.0,1,1,119.8,1440.73,7.273599060368786,119.8,1,1.0,1.0
17838.0,130,12,5614.55,625.0,6.439350371100098,467.87916666666666,468,0.02564102564102564,0.2777777777777778
17840.0,281,1,185.72,0.0,0.0,185.72,281,0.0035587188612099642,1.0
17841.0,3,195,43368.07,26148.12,10.171570816919179,222.40035897435897,575,0.3391304347826087,0.0052173913043478265
17842.0,440,1,430.69,0.0,0.0,430.69,440,0.0022727272727272726,1.0
17843.0,141,2,326.23,0.0,0.0,163.115,249,0.008032128514056224,0.5662650602409639
17845.0,393,4,598.19,0.0,0.0,149.5475,414,0.00966183574879227,0.9492753623188406
17847.0,353,2,129.69,0.0,0.0,64.845,483,0.004140786749482402,0.7308488612836439
17848.0,7,27,3269.88,368.27,5.911528083790314,121.10666666666667,571,0.047285464098073555,0.012259194395796848
17849.0,56,8,1063.76,0.0,0.0,132.97,473,0.016913319238900635,0.11839323467230443
17850.0,140,159,55703.130000000005,0.0,0.0,350.33415094339625,572,0.27797202797202797,0.24475524475524477
17851.0,260,6,1563.34,0.0,0.0,260.5566666666667,574,0.010452961672473868,0.4529616724738676
17852.0,226,3,548.87,114.34,4.747884288187267,182.95666666666668,569,0.005272407732864675,0.39718804920913886
17853.0,245,3,1608.19,0.0,0.0,536.0633333333334,574,0.005226480836236934,0.4268292682926829
17854.0,23,6,1071.45,0.0,0.0,178.57500000000002,569,0.01054481546572935,0.040421792618629174
17855.0,210,1,417.94,0.0,0.0,417.94,210,0.004761904761904762,1.0
17856.0,71,5,1118.39,275.4,5.621849091893515,223.67800000000003,119,0.04201680672268908,0.5966386554621849
17857.0,10,13,11445.98,17120.56,9.74809376703975,880.4599999999999,479,0.027139874739039668,0.020876826722338204
17858.0,6,27,10671.84,2051.46,7.626794352707936,395.25333333333333,571,0.047285464098073555,0.010507880910683012
17859.0,142,1,148.21,0.0,0.0,148.21,142,0.007042253521126761,1.0
17860.0,206,4,1015.54,0.0,0.0,253.885,566,0.007067137809187279,0.36395759717314485
17861.0,91,15,3463.37,1601.22,7.379145446539207,230.89133333333334,567,0.026455026455026454,0.16049382716049382
17862.0,161,4,1279.09,0.0,0.0,319.7725,401,0.00997506234413965,0.4014962593516209
17863.0,92,9,3957.1,1788.1,7.489467979095777,439.67777777777775,490,0.018367346938775512,0.18775510204081633
17864.0,113,3,535.23,389.09000000000003,5.966377481731338,178.41,265,0.011320754716981131,0.42641509433962266
17865.0,14,47,19524.64,6124.41,8.720200971948138,415.4178723404255,576,0.08159722222222222,0.024305555555555556
17866.0,322,2,805.3000000000001,325.7,5.789042318607025,402.65000000000003,563,0.003552397868561279,0.5719360568383659
17867.0,41,15,864.33,31.44999999999999,3.4797004431500986,57.622,575,0.02608695652173913,0.07130434782608695
17868.0,224,1,234.65,0.0,0.0,234.65,224,0.004464285714285714,1.0
17869.0,53,5,918.9399999999999,117.22,4.772547295396223,183.78799999999998,385,0.012987012987012988,0.13766233766233765
17870.0,204,2,1540.1999999999998,1563.0,7.355001921105257,770.0999999999999,219,0.0091324200913242,0.9315068493150684
17871.0,42,5,1118.99,0.0,0.0,223.798,531,0.009416195856873822,0.07909604519774012
17872.0,219,1,235.87,0.0,0.0,235.87,219,0.0045662100456621,1.0
17873.0,22,19,5957.52,272.04,5.609618304598452,313.55368421052634,561,0.0338680926916221,0.0392156862745098
17874.0,23,7,658.26,0.0,0.0,94.03714285714285,93,0.07526881720430108,0.24731182795698925
17875.0,526,1,167.1,0.0,0.0,167.1,526,0.0019011406844106464,1.0
17876.0,237,3,3424.02,0.0,0.0,1141.34,513,0.005847953216374269,0.4619883040935672
17877.0,8,1,237.61,0.0,0.0,237.61,8,0.125,1.0
17878.0,233,2,1032.88,379.45,5.941354762622532,516.44,233,0.008583690987124463,1.0
17879.0,11,1,178.51999999999998,0.0,0.0,178.51999999999998,11,0.09090909090909091,1.0
17880.0,202,3,824.9200000000001,0.0,0.0,274.97333333333336,568,0.00528169014084507,0.35563380281690143
17881.0,142,1,133.35000000000002,0.0,0.0,133.35000000000002,142,0.007042253521126761,1.0
17882.0,217,2,313.46,0.0,0.0,156.73,217,0.009216589861751152,1.0
17883.0,84,5,427.53,552.42,6.3161172069238525,85.506,490,0.01020408163265306,0.17142857142857143
17884.0,149,22,2914.28,114.61,4.75022245768723,132.46727272727273,573,0.038394415357766144,0.2600349040139616
17886.0,48,6,1095.08,503.35,6.223270471500844,182.51333333333332,563,0.010657193605683837,0.0852575488454707
17888.0,50,24,971.9,347.0,5.8522024797744745,40.49583333333333,556,0.04316546762589928,0.08992805755395683
17889.0,50,7,774.87,0.0,0.0,110.69571428571429,456,0.015350877192982455,0.10964912280701754
17890.0,160,2,602.09,0.0,0.0,301.045,199,0.010050251256281407,0.8040201005025126
17893.0,63,1,112.25,0.0,0.0,112.25,63,0.015873015873015872,1.0
17894.0,123,18,2145.7,251.96,5.533231373461162,119.20555555555555,307,0.05863192182410423,0.4006514657980456
17897.0,10,10,2534.0,0.0,0.0,253.4,414,0.024154589371980676,0.024154589371980676
17898.0,45,3,246.96,52.22,3.9744342655495433,82.32000000000001,405,0.007407407407407408,0.1111111111111111
17900.0,2,4,15.0,0.0,0.0,3.75,28,0.14285714285714285,0.07142857142857142
17901.0,359,2,149.7,110.38,4.7129477781615225,74.85,359,0.005571030640668524,1.0
17902.0,384,1,216.39999999999998,0.0,0.0,216.39999999999998,384,0.0026041666666666665,1.0
17903.0,232,1,381.09000000000003,0.0,0.0,381.09000000000003,232,0.004310344827586207,1.0
17905.0,190,12,1968.1299999999999,406.09000000000003,6.0090342912180414,164.01083333333332,518,0.023166023166023165,0.3667953667953668
17906.0,85,1,72.9,0.0,0.0,72.9,85,0.011764705882352941,1.0
17907.0,478,1,291.76,0.0,0.0,291.76,478,0.0020920502092050207,1.0
17908.0,211,7,1357.89,0.0,0.0,193.98428571428573,563,0.012433392539964476,0.3747779751332149
17909.0,575,1,132.55,0.0,0.0,132.55,575,0.0017391304347826088,1.0
17910.0,564,1,261.7,0.0,0.0,261.7,564,0.0017730496453900709,1.0
17912.0,148,7,360.1,0.0,0.0,51.44285714285714,213,0.03286384976525822,0.6948356807511737
17913.0,193,13,3286.09,193.54999999999998,5.270689199430563,252.77615384615385,574,0.02264808362369338,0.3362369337979094
17915.0,389,1,242.13,0.0,0.0,242.13,389,0.002570694087403599,1.0
17916.0,466,2,43.87,0.0,0.0,21.935,571,0.0035026269702276708,0.8161120840630472
17917.0,94,2,230.46,110.82,4.716890435598499,115.23,200,0.01,0.47
17918.0,338,3,396.39,0.0,0.0,132.13,343,0.008746355685131196,0.9854227405247813
17919.0,276,1,536.28,1304.04,7.173988970628047,536.28,276,0.0036231884057971015,1.0
17920.0,38,44,21879.4,2630.51,7.875313104900616,497.25909090909096,571,0.07705779334500876,0.06654991243432574
17921.0,104,9,1837.4,545.95,6.3043573905658,204.15555555555557,350,0.025714285714285714,0.29714285714285715
17922.0,381,1,170.4,0.0,0.0,170.4,381,0.0026246719160104987,1.0
17923.0,120,3,497.0,0.0,0.0,165.66666666666666,382,0.007853403141361256,0.31413612565445026
17924.0,136,6,1007.4500000000002,2437.83,7.799273695089707,167.90833333333336,252,0.023809523809523808,0.5396825396825397
17925.0,210,1,488.16,0.0,0.0,488.16,210,0.004761904761904762,1.0
17926.0,41,4,849.9300000000001,185.56,5.228752903162127,212.48250000000002,417,0.009592326139088728,0.09832134292565947
17927.0,559,1,294.0,0.0,0.0,294.0,559,0.0017889087656529517,1.0
17928.0,84,2,206.96,134.28,4.907346704590325,103.48,409,0.004889975550122249,0.20537897310513448
17929.0,92,10,2674.1,399.5,5.992713766508414,267.40999999999997,568,0.017605633802816902,0.1619718309859155
17930.0,77,11,2893.04,1349.8799999999999,7.2085115109211895,263.00363636363636,483,0.022774327122153208,0.15942028985507245
17931.0,93,17,3194.8,111.16000000000001,4.71992642328628,187.9294117647059,499,0.03406813627254509,0.18637274549098196
17932.0,11,2,934.51,397.06,5.986602747691075,467.255,49,0.04081632653061224,0.22448979591836735
17933.0,470,1,114.69,0.0,0.0,114.69,470,0.002127659574468085,1.0
17934.0,244,1,344.90000000000003,704.25,6.558552349882105,344.90000000000003,244,0.004098360655737705,1.0
17935.0,238,6,509.75,145.79,4.989002993969142,84.95833333333333,573,0.010471204188481676,0.41535776614310643
17937.0,95,4,3327.48,973.74,6.882170768769303,831.87,200,0.02,0.475
17938.0,258,1,144.29,0.0,0.0,144.29,258,0.003875968992248062,1.0
17940.0,2,19,26531.02,429.0,6.063785208687608,1396.3694736842106,574,0.033101045296167246,0.003484320557491289
17941.0,428,3,1128.72,304.56,5.722146158673159,376.24,540,0.005555555555555556,0.7925925925925926
17944.0,261,1,75.41,0.0,0.0,75.41,261,0.0038314176245210726,1.0
17945.0,534,3,360.35,0.0,0.0,120.11666666666667,534,0.0056179775280898875,1.0
17946.0,71,2,149.57999999999998,0.0,0.0,74.78999999999999,97,0.020618556701030927,0.7319587628865979
17949.0,27,102,56296.75,42598.84,10.659605776381865,551.9289215686274,575,0.17739130434782607,0.04695652173913043
17950.0,203,7,1193.6200000000001,219.03,5.39376390069205,170.5171428571429,542,0.012915129151291513,0.37453874538745385
17951.0,192,4,1019.34,599.0400000000001,6.39699631966069,254.835,242,0.01652892561983471,0.7933884297520661
17952.0,216,4,819.61,0.0,0.0,204.9025,379,0.010554089709762533,0.5699208443271768
17953.0,378,1,160.82,0.0,0.0,160.82,378,0.0026455026455026454,1.0
17954.0,22,22,3016.98,814.58,6.703899516575212,137.13545454545454,568,0.03873239436619718,0.03873239436619718
17955.0,36,6,949.9,0.0,0.0,158.31666666666666,503,0.011928429423459244,0.07157057654075547
17956.0,87,1,12.75,0.0,0.0,12.75,87,0.011494252873563218,1.0
17958.0,566,1,465.42,508.4599999999999,6.233351341239327,465.42,566,0.0017667844522968198,1.0
17959.0,430,1,140.75,0.0,0.0,140.75,430,0.002325581395348837,1.0
17960.0,9,3,135.08,0.0,0.0,45.02666666666667,479,0.006263048016701462,0.018789144050104383
17961.0,7,88,2651.1,327.99,5.796027355166652,30.126136363636363,576,0.1527777777777778,0.012152777777777778
17962.0,387,4,570.19,102.83,4.642754946315362,142.5475,533,0.0075046904315197,0.726078799249531
17963.0,309,4,651.51,0.0,0.0,162.8775,527,0.007590132827324478,0.5863377609108159
17964.0,210,1,523.52,209.94,5.351573732848468,523.52,210,0.004761904761904762,1.0
17965.0,2,26,5965.3,1152.48,7.0505387389286005,229.4346153846154,563,0.046181172291296625,0.003552397868561279
17966.0,22,7,1159.49,814.93,6.7043285669706965,165.64142857142858,528,0.013257575757575758,0.041666666666666664
17967.0,209,2,357.28999999999996,0.0,0.0,178.64499999999998,254,0.007874015748031496,0.8228346456692913
17968.0,211,4,888.04,0.0,0.0,222.01,350,0.011428571428571429,0.6028571428571429
17969.0,4,27,2251.19,0.0,0.0,83.3774074074074,571,0.047285464098073555,0.0070052539404553416
17970.0,49,1,582.59,0.0,0.0,582.59,49,0.02040816326530612,1.0
17971.0,386,1,161.94,0.0,0.0,161.94,386,0.0025906735751295338,1.0
17972.0,79,1,136.04,0.0,0.0,136.04,79,0.012658227848101266,1.0
17974.0,57,4,1290.04,568.02,6.343915582893492,322.51,245,0.0163265306122449,0.23265306122448978
17975.0,30,20,5219.99,1707.69,7.443482274034691,260.9995,328,0.06097560975609756,0.09146341463414634
17976.0,210,1,706.38,0.0,0.0,706.38,210,0.004761904761904762,1.0
17977.0,224,2,1219.59,288.14,5.6669109998802965,609.795,238,0.008403361344537815,0.9411764705882353
17978.0,203,4,1461.76,0.0,0.0,365.44,569,0.007029876977152899,0.35676625659050965
17979.0,6,4,484.64,253.17,5.538003334481558,121.16,97,0.041237113402061855,0.061855670103092786
17980.0,3,4,1033.42,0.0,0.0,258.355,231,0.017316017316017316,0.012987012987012988
17981.0,248,1,239.12,0.0,0.0,239.12,248,0.004032258064516129,1.0
17982.0,518,1,138.18,0.0,0.0,138.18,518,0.0019305019305019305,1.0
17983.0,233,1,171.71,0.0,0.0,171.71,233,0.004291845493562232,1.0
17984.0,230,4,1038.59,152.68,5.034872518460301,259.6475,576,0.006944444444444444,0.3993055555555556
17987.0,23,6,928.12,0.0,0.0,154.68666666666667,388,0.015463917525773196,0.059278350515463915
17988.0,164,8,353.41,126.17999999999999,4.845603405839261,44.17625,570,0.014035087719298246,0.28771929824561404
17989.0,217,1,228.82999999999998,0.0,0.0,228.82999999999998,217,0.004608294930875576,1.0
17990.0,74,7,1522.5700000000002,0.0,0.0,217.51000000000002,570,0.012280701754385965,0.12982456140350876
17991.0,63,3,320.55,0.0,0.0,106.85000000000001,429,0.006993006993006993,0.14685314685314685
17992.0,227,1,254.13,0.0,0.0,254.13,227,0.004405286343612335,1.0
17993.0,455,1,235.19,0.0,0.0,235.19,455,0.002197802197802198,1.0
17994.0,27,12,2167.16,95.71000000000001,4.571716809728872,180.59666666666666,458,0.026200873362445413,0.05895196506550218
17995.0,119,3,495.48,0.0,0.0,165.16,225,0.013333333333333334,0.5288888888888889
17996.0,217,3,482.33,0.0,0.0,160.77666666666667,384,0.0078125,0.5651041666666666
17997.0,2,1,322.53,1188.77,7.081515290114184,322.53,2,0.5,1.0
17998.0,218,4,601.74,0.0,0.0,150.435,576,0.006944444444444444,0.3784722222222222
17999.0,204,2,539.18,191.72,5.261238358306616,269.59,216,0.009259259259259259,0.9444444444444444
18000.0,402,1,124.25,0.0,0.0,124.25,402,0.0024875621890547263,1.0
18001.0,287,4,536.61,417.23,6.036031520433107,134.1525,575,0.006956521739130435,0.4991304347826087
18002.0,213,4,249.92,0.0,0.0,62.48,569,0.007029876977152899,0.37434094903339193
18003.0,214,1,358.61,0.0,0.0,358.61,214,0.004672897196261682,1.0
18004.0,200,1,169.47,0.0,0.0,169.47,200,0.005,1.0
18006.0,219,3,553.1800000000001,444.68,6.09960120571256,184.39333333333335,560,0.005357142857142857,0.39107142857142857
18007.0,230,1,220.32,0.0,0.0,220.32,230,0.004347826086956522,1.0
18008.0,41,21,19736.35,50.78,3.947003974323392,939.8261904761904,540,0.03888888888888889,0.07592592592592592
18009.0,73,14,2077.08,0.0,0.0,148.36285714285714,490,0.02857142857142857,0.1489795918367347
18010.0,94,1,174.8,0.0,0.0,174.8,94,0.010638297872340425,1.0
18011.0,211,2,527.03,0.0,0.0,263.515,405,0.0049382716049382715,0.5209876543209877
18012.0,561,1,115.3,0.0,0.0,115.3,561,0.0017825311942959,1.0
18016.0,24,5,965.66,994.8,6.903546434208082,193.132,519,0.009633911368015413,0.046242774566473986
18017.0,7,3,509.0,179.0,5.19295685089021,169.66666666666666,269,0.011152416356877323,0.026022304832713755
18018.0,37,4,72.0,84.69,4.450736132681027,18.0,258,0.015503875968992248,0.1434108527131783
18020.0,381,2,129.28,0.0,0.0,64.64,381,0.005249343832020997,1.0
18021.0,347,2,227.06,0.0,0.0,113.53,350,0.005714285714285714,0.9914285714285714
18022.0,223,4,983.68,668.11,6.5059484711262,245.92,384,0.010416666666666666,0.5807291666666666
18025.0,217,6,1177.72,0.0,0.0,196.28666666666666,457,0.01312910284463895,0.474835886214442
18026.0,338,2,2074.07,0.0,0.0,1037.035,343,0.0058309037900874635,0.9854227405247813
18028.0,421,1,192.05,0.0,0.0,192.05,421,0.0023752969121140144,1.0
18029.0,480,1,433.77,0.0,0.0,433.77,480,0.0020833333333333333,1.0
18031.0,216,1,462.09999999999997,0.0,0.0,462.09999999999997,216,0.004629629629629629,1.0
18032.0,172,1,73.5,0.0,0.0,73.5,172,0.005813953488372093,1.0
18034.0,213,1,370.82,422.88,6.049450396306635,370.82,213,0.004694835680751174,1.0
18035.0,223,2,546.34,730.4,6.594960505715281,273.17,223,0.008968609865470852,1.0
18036.0,83,9,1268.82,294.82,5.689751161243224,140.98,559,0.016100178890876567,0.148479427549195
18037.0,63,14,158.22,9.2,2.322387720290225,11.301428571428572,576,0.024305555555555556,0.109375
18038.0,394,1,149.41,0.0,0.0,149.41,394,0.0025380710659898475,1.0
18039.0,212,4,579.17,0.0,0.0,144.7925,478,0.008368200836820083,0.4435146443514644
18040.0,83,1,239.0,118.2,4.7808027546312495,239.0,83,0.012048192771084338,1.0
18041.0,21,33,7222.2699999999995,1447.38,7.278200969455913,218.85666666666665,532,0.06203007518796992,0.039473684210526314
18042.0,379,1,116.1,165.04999999999998,5.112288947822756,116.1,379,0.002638522427440633,1.0
18043.0,44,2,768.27,107.7,4.688591794127164,384.135,204,0.00980392156862745,0.21568627450980393
18044.0,4,15,2522.54,980.12,6.888694776243395,168.16933333333333,398,0.03768844221105527,0.010050251256281407
18046.0,487,1,189.63,0.0,0.0,189.63,487,0.002053388090349076,1.0
18047.0,219,2,342.69,0.0,0.0,171.345,219,0.0091324200913242,1.0
18048.0,41,3,401.73,0.0,0.0,133.91,331,0.00906344410876133,0.12386706948640483
18049.0,275,2,556.52,0.0,0.0,278.26,428,0.004672897196261682,0.6425233644859814
18050.0,197,2,412.06,0.0,0.0,206.03,231,0.008658008658008658,0.8528138528138528
18051.0,472,8,2275.98,0.0,0.0,284.4975,568,0.014084507042253521,0.8309859154929577
18052.0,402,1,10877.18,0.0,0.0,10877.18,402,0.0024875621890547263,1.0
18053.0,322,4,230.7,297.07,5.697328358249735,57.675,365,0.010958904109589041,0.8821917808219178
18054.0,230,1,176.5,0.0,0.0,176.5,230,0.004347826086956522,1.0
18055.0,41,11,7741.860000000001,3421.66,8.138173305522038,703.8054545454546,251,0.043824701195219126,0.16334661354581673
18056.0,126,3,539.75,0.0,0.0,179.91666666666666,456,0.006578947368421052,0.27631578947368424
18057.0,231,3,1203.56,0.0,0.0,401.18666666666667,528,0.005681818181818182,0.4375
18058.0,379,2,603.9,170.16,5.142598791548616,301.95,505,0.0039603960396039604,0.7504950495049505
18060.0,246,2,1185.46,0.0,0.0,592.73,402,0.004975124378109453,0.6119402985074627
18061.0,20,25,5699.43,781.04,6.66190589013229,227.9772,573,0.04363001745200698,0.034904013961605584
18062.0,11,9,1523.3700000000001,0.0,0.0,169.26333333333335,435,0.020689655172413793,0.02528735632183908
18063.0,228,2,186.60000000000002,0.0,0.0,93.30000000000001,471,0.004246284501061571,0.4840764331210191
18064.0,73,14,4035.18,406.0,6.008813185442595,288.22714285714284,514,0.027237354085603113,0.14202334630350194
18065.0,21,26,4856.2,980.6800000000001,6.889265389668292,186.77692307692308,568,0.045774647887323945,0.03697183098591549
18066.0,224,2,1122.4,318.0,5.765191102784844,561.2,253,0.007905138339920948,0.8853754940711462
18068.0,127,1,101.69999999999999,0.0,0.0,101.69999999999999,127,0.007874015748031496,1.0
18069.0,18,10,3492.81,1032.9,6.941093338592648,349.281,487,0.02053388090349076,0.03696098562628337
18070.0,507,2,307.75,0.0,0.0,153.875,569,0.0035149384885764497,0.8910369068541301
18071.0,95,6,1428.63,0.0,0.0,238.10500000000002,572,0.01048951048951049,0.1660839160839161
18073.0,3,8,1368.2,2496.2400000000002,7.8229414009993965,171.025,35,0.22857142857142856,0.08571428571428572
18074.0,211,2,1509.04,0.0,0.0,754.52,343,0.0058309037900874635,0.6151603498542274
18075.0,1,27,4539.39,1040.52,6.948436463589141,168.12555555555556,336,0.08035714285714286,0.002976190476190476
18076.0,218,1,151.49,0.0,0.0,151.49,218,0.0045871559633027525,1.0
18077.0,11,12,2818.82,1519.74,7.326952337476416,234.90166666666667,570,0.021052631578947368,0.01929824561403509
18078.0,55,4,844.6,0.0,0.0,211.15,466,0.008583690987124463,0.11802575107296137
18079.0,76,2,2203.61,2039.14,7.620773711934487,1101.805,329,0.0060790273556231,0.23100303951367782
18080.0,80,1,841.4999999999999,390.0,5.968707559985366,841.4999999999999,80,0.0125,1.0
18083.0,235,1,470.72999999999996,0.0,0.0,470.72999999999996,235,0.00425531914893617,1.0
18084.0,139,4,103.24999999999999,90.47999999999999,4.516120369154581,25.812499999999996,226,0.017699115044247787,0.6150442477876106
18085.0,168,4,1645.75,0.0,0.0,411.4375,466,0.008583690987124463,0.3605150214592275
18086.0,112,1,101.34,0.0,0.0,101.34,112,0.008928571428571428,1.0
18087.0,128,19,13803.619999999999,608.0,6.411818267709897,726.5063157894737,576,0.03298611111111111,0.2222222222222222
18089.0,284,1,428.45,0.0,0.0,428.45,284,0.0035211267605633804,1.0
18090.0,259,1,349.4,0.0,0.0,349.4,259,0.003861003861003861,1.0
18091.0,431,1,360.85,0.0,0.0,360.85,431,0.002320185614849188,1.0
18092.0,22,15,11777.470000000001,4395.72,8.388614087371497,785.1646666666668,573,0.02617801047120419,0.038394415357766144
18093.0,132,7,3440.61,989.0,6.897704943128636,491.5157142857143,456,0.015350877192982455,0.2894736842105263
18094.0,56,11,5082.52,1240.1000000000001,7.123753362135476,462.04727272727274,566,0.019434628975265017,0.0989399293286219
18095.0,150,5,2303.09,0.0,0.0,460.61800000000005,437,0.011441647597254004,0.34324942791762014
18096.0,280,3,894.13,911.15,6.8158044502342285,298.04333333333335,351,0.008547008547008548,0.7977207977207977
18097.0,43,10,3415.88,1236.29,7.1206787830729885,341.588,560,0.017857142857142856,0.07678571428571429
18098.0,234,1,550.84,0.0,0.0,550.84,234,0.004273504273504274,1.0
18100.0,388,1,451.56,0.0,0.0,451.56,388,0.002577319587628866,1.0
18101.0,212,3,405.51,223.65,5.414543635516169,135.17,512,0.005859375,0.4140625
18102.0,16,112,448220.07,149995.15,11.918364906082331,4001.964910714286,576,0.19444444444444445,0.027777777777777776
18103.0,387,1,105.8,0.0,0.0,105.8,387,0.002583979328165375,1.0
18106.0,167,6,1461.46,0.0,0.0,243.57666666666668,531,0.011299435028248588,0.3145009416195857
18107.0,280,1,167.13,0.0,0.0,167.13,280,0.0035714285714285713,1.0
18108.0,86,4,842.46,0.0,0.0,210.615,575,0.006956521739130435,0.14956521739130435
18109.0,11,31,4956.78,4797.88,8.476137836336191,159.89612903225805,364,0.08516483516483517,0.03021978021978022
18110.0,249,1,199.13,206.05,5.332960309991576,199.13,249,0.004016064257028112,1.0
18111.0,421,2,398.9,0.0,0.0,199.45,427,0.00468384074941452,0.9859484777517564
18112.0,4,3,619.91,156.05,5.056564225984656,206.63666666666666,389,0.007712082262210797,0.010282776349614395
18113.0,206,1,152.64000000000001,0.0,0.0,152.64000000000001,206,0.0048543689320388345,1.0
18114.0,128,1,220.1,0.0,0.0,220.1,128,0.0078125,1.0
18115.0,535,1,9.700000000000001,0.0,0.0,9.700000000000001,535,0.001869158878504673,1.0
18116.0,72,12,1990.74,163.56,5.103275245344702,165.895,249,0.04819277108433735,0.2891566265060241
18118.0,6,26,4959.83,1710.24,7.444973532904065,190.7626923076923,219,0.1187214611872146,0.0273972602739726
18119.0,205,1,362.24,0.0,0.0,362.24,205,0.004878048780487805,1.0
18120.0,52,1,111.15,0.0,0.0,111.15,52,0.019230769230769232,1.0
18123.0,351,1,95.15,589.4399999999999,6.380868021668796,95.15,351,0.002849002849002849,1.0
18124.0,310,1,111.53,0.0,0.0,111.53,310,0.0032258064516129032,1.0
18125.0,39,4,943.49,197.85,5.2925507716536995,235.8725,154,0.025974025974025976,0.2532467532467532
18127.0,241,1,212.8,348.73,5.857161428207895,212.8,241,0.004149377593360996,1.0
18128.0,375,1,420.04,0.0,0.0,420.04,375,0.0026666666666666666,1.0
18129.0,81,1,112.55000000000001,0.0,0.0,112.55000000000001,81,0.012345679012345678,1.0
18131.0,469,1,222.95999999999998,0.0,0.0,222.95999999999998,469,0.0021321961620469083,1.0
18132.0,342,1,226.9,0.0,0.0,226.9,342,0.0029239766081871343,1.0
18133.0,49,2,715.4999999999999,0.0,0.0,357.74999999999994,50,0.04,0.98
18134.0,436,2,445.0,0.0,0.0,222.5,532,0.0037593984962406013,0.8195488721804511
18135.0,28,9,657.13,572.09,6.35104277244367,73.01444444444445,472,0.019067796610169493,0.059322033898305086
18136.0,44,8,1348.23,183.48000000000002,5.217541056520749,168.52875,289,0.02768166089965398,0.1522491349480969
18137.0,389,2,145.99,0.0,0.0,72.995,389,0.005141388174807198,1.0
18138.0,133,1,152.65,0.0,0.0,152.65,133,0.007518796992481203,1.0
18140.0,311,1,536.41,0.0,0.0,536.41,311,0.003215434083601286,1.0
18141.0,198,4,838.57,0.0,0.0,209.6425,427,0.00936768149882904,0.4637002341920375
18142.0,49,2,280.38,734.52,6.600577732057918,140.19,53,0.03773584905660377,0.9245283018867925
18144.0,50,14,3774.9,1283.1,7.157813362837228,269.6357142857143,561,0.024955436720142603,0.08912655971479501
18145.0,42,10,3762.32,1837.77,7.516852148810947,376.232,569,0.01757469244288225,0.07381370826010544
18146.0,58,1,76.65,83.7,4.439115601658009,76.65,58,0.017241379310344827,1.0
18148.0,484,1,114.10000000000001,0.0,0.0,114.10000000000001,484,0.002066115702479339,1.0
18149.0,53,6,1562.31,62.400000000000006,4.149463861443181,260.385,473,0.012684989429175475,0.11205073995771671
18150.0,39,1,227.57999999999998,339.0,5.8289456176102075,227.57999999999998,39,0.02564102564102564,1.0
18151.0,127,6,1513.14,340.8,5.83422577068149,252.19000000000003,483,0.012422360248447204,0.2629399585921325
18152.0,484,1,426.69,0.0,0.0,426.69,484,0.002066115702479339,1.0
18153.0,497,1,246.22,0.0,0.0,246.22,497,0.002012072434607646,1.0
18154.0,226,3,533.41,399.19,5.991939434331194,177.8033333333333,328,0.009146341463414634,0.6890243902439024
18155.0,3,3,242.76,105.06,4.664004971708984,80.92,129,0.023255813953488372,0.023255813953488372
18156.0,207,1,412.46000000000004,528.71,6.2723296869828165,412.46000000000004,207,0.004830917874396135,1.0
18157.0,409,1,215.35,0.0,0.0,215.35,409,0.0024449877750611247,1.0
18159.0,139,1,530.15,0.0,0.0,530.15,139,0.007194244604316547,1.0
18160.0,38,2,684.37,319.51,5.769913477122026,342.185,224,0.008928571428571428,0.16964285714285715
18161.0,90,3,730.73,1066.47,6.973046641663386,243.57666666666668,217,0.013824884792626729,0.4147465437788018
18162.0,570,1,379.16,0.0,0.0,379.16,570,0.0017543859649122807,1.0
18163.0,398,2,639.34,0.0,0.0,319.67,422,0.004739336492890996,0.943127962085308
18165.0,15,1,302.46000000000004,0.0,0.0,302.46000000000004,15,0.06666666666666667,1.0
18166.0,461,1,175.5,0.0,0.0,175.5,461,0.0021691973969631237,1.0
18168.0,14,22,3670.12,0.0,0.0,166.82363636363635,574,0.03832752613240418,0.024390243902439025
18170.0,55,7,2201.9,676.1,6.517818972491599,314.5571428571429,538,0.013011152416356878,0.10223048327137546
18171.0,72,7,1652.74,761.77,6.636956544164193,236.1057142857143,541,0.012939001848428836,0.133086876155268
18172.0,4,47,13475.72,3826.11,8.249865228153467,286.7174468085106,566,0.08303886925795052,0.007067137809187279
18173.0,37,4,2318.36,378.0,5.937536205082426,579.59,450,0.008888888888888889,0.08222222222222222
18174.0,441,1,58.5,104.0,4.653960350157523,58.5,441,0.0022675736961451248,1.0
18175.0,513,1,176.1,0.0,0.0,176.1,513,0.001949317738791423,1.0
18176.0,191,2,448.65,0.0,0.0,224.325,196,0.01020408163265306,0.9744897959183674
18177.0,42,8,1561.85,627.77,6.443765530053178,195.23125,562,0.014234875444839857,0.07473309608540925
18178.0,57,13,5573.52,480.97,6.177881871449669,428.7323076923077,497,0.026156941649899398,0.11468812877263582
18179.0,90,6,1857.54,690.01,6.538154295442983,309.59,501,0.011976047904191617,0.17964071856287425
18181.0,238,6,801.41,382.8,5.950121583573599,133.56833333333333,573,0.010471204188481676,0.41535776614310643
18182.0,301,1,291.13,0.0,0.0,291.13,301,0.0033222591362126247,1.0
18183.0,56,6,600.52,0.0,0.0,100.08666666666666,112,0.05357142857142857,0.5
18185.0,87,1,304.25,0.0,0.0,304.25,87,0.011494252873563218,1.0
18186.0,560,1,329.58,0.0,0.0,329.58,560,0.0017857142857142857,1.0
18187.0,461,3,682.19,0.0,0.0,227.39666666666668,469,0.006396588486140725,0.9829424307036247
18188.0,128,5,1691.3,1571.89,7.360669970543126,338.26,461,0.010845986984815618,0.27765726681127983
18189.0,101,4,939.44,457.14,6.127174814260428,234.86,463,0.008639308855291577,0.21814254859611232
18190.0,30,6,735.6700000000001,0.0,0.0,122.61166666666668,555,0.010810810810810811,0.05405405405405406
18191.0,99,2,529.4,0.0,0.0,264.7,315,0.006349206349206349,0.3142857142857143
18194.0,276,5,3188.2000000000003,896.0,6.799055862058796,637.6400000000001,518,0.009652509652509652,0.5328185328185329
18195.0,225,1,101.16,0.0,0.0,101.16,225,0.0044444444444444444,1.0
18196.0,128,3,1225.96,238.35,5.477926915838518,408.65333333333336,470,0.006382978723404255,0.2723404255319149
18197.0,351,2,221.4,0.0,0.0,110.7,413,0.004842615012106538,0.8498789346246973
18198.0,3,14,3786.9100000000003,1296.15,7.167924829132794,270.49357142857144,174,0.08045977011494253,0.017241379310344827
18199.0,513,2,342.2,0.0,0.0,171.1,521,0.003838771593090211,0.9846449136276392
18201.0,560,1,447.53000000000003,0.0,0.0,447.53000000000003,560,0.0017857142857142857,1.0
18202.0,37,3,1396.99,0.0,0.0,465.66333333333336,149,0.020134228187919462,0.2483221476510067
18203.0,219,3,344.0,160.42000000000002,5.084009663896226,114.66666666666667,569,0.005272407732864675,0.38488576449912126
18204.0,30,1,549.43,1429.87,7.266037929867199,549.43,30,0.03333333333333333,1.0
18206.0,391,1,314.65999999999997,0.0,0.0,314.65999999999997,391,0.0025575447570332483,1.0
18207.0,331,3,505.12,0.0,0.0,168.37333333333333,337,0.008902077151335312,0.9821958456973294
18208.0,403,1,360.08,0.0,0.0,360.08,403,0.0024813895781637717,1.0
18210.0,105,2,289.85,2478.98,7.816005774610381,144.925,220,0.00909090909090909,0.4772727272727273
18211.0,116,1,137.9,462.17,6.138094157321945,137.9,116,0.008620689655172414,1.0
18212.0,164,2,546.72,0.0,0.0,273.36,515,0.003883495145631068,0.31844660194174756
18213.0,74,1,232.48000000000002,0.0,0.0,232.48000000000002,74,0.013513513513513514,1.0
18214.0,368,5,1480.99,0.0,0.0,296.198,392,0.012755102040816327,0.9387755102040817
18215.0,238,5,1939.65,299.34000000000003,5.7049151662521345,387.93,461,0.010845986984815618,0.5162689804772235
18217.0,351,4,281.05,621.75,6.43414515414229,70.2625,364,0.01098901098901099,0.9642857142857143
18218.0,44,6,1106.3,0.0,0.0,184.38333333333333,498,0.012048192771084338,0.08835341365461848
18219.0,6,15,2668.9,838.49,6.732794564594355,177.92666666666668,570,0.02631578947368421,0.010526315789473684
18220.0,57,11,1771.7,0.0,0.0,161.06363636363636,562,0.019572953736654804,0.10142348754448399
18221.0,17,5,865.74,504.6,6.225745842832648,173.148,228,0.021929824561403508,0.07456140350877193
18223.0,7,42,10229.130000000001,3268.4500000000003,8.092377054026159,243.55071428571432,573,0.07329842931937172,0.012216404886561954
18224.0,101,1,158.95000000000002,0.0,0.0,158.95000000000002,101,0.009900990099009901,1.0
18225.0,34,25,8859.26,3791.65,8.240820262187407,354.3704,573,0.04363001745200698,0.059336823734729496
18226.0,23,31,9152.57,2596.01,7.862116062252177,295.2441935483871,482,0.06431535269709543,0.04771784232365145
18227.0,55,3,93.75,0.0,0.0,31.25,322,0.009316770186335404,0.17080745341614906
18229.0,9,18,7147.05,3656.66,8.20457887766542,397.05833333333334,574,0.0313588850174216,0.0156794425087108
18230.0,11,8,3036.3900000000003,1154.3200000000002,7.052132640859948,379.54875000000004,363,0.02203856749311295,0.030303030303030304
18231.0,30,30,6848.17,0.0,0.0,228.27233333333334,536,0.055970149253731345,0.055970149253731345
18232.0,27,3,360.48,221.99,5.4071269274053115,120.16000000000001,35,0.08571428571428572,0.7714285714285715
18233.0,163,1,440.0,0.0,0.0,440.0,163,0.006134969325153374,1.0
18234.0,389,1,179.6,0.0,0.0,179.6,389,0.002570694087403599,1.0
18235.0,55,1,430.46000000000004,1366.02,7.220388467194831,430.46000000000004,55,0.01818181818181818,1.0
18236.0,24,8,1217.6100000000001,577.74,6.360853326633456,152.20125000000002,441,0.018140589569160998,0.05442176870748299
18238.0,353,1,270.92,0.0,0.0,270.92,353,0.0028328611898017,1.0
18239.0,56,6,2150.36,0.0,0.0,358.3933333333334,260,0.023076923076923078,0.2153846153846154
18241.0,2,8,1383.83,1570.26,7.359633124243791,172.97875,455,0.017582417582417582,0.004395604395604396
18242.0,34,6,2066.8,1538.41,7.339154505116535,344.4666666666667,535,0.011214953271028037,0.06355140186915888
18243.0,252,1,515.78,0.0,0.0,515.78,252,0.003968253968253968,1.0
18244.0,268,2,568.64,0.0,0.0,284.32,340,0.0058823529411764705,0.788235294117647
18245.0,49,20,4975.46,1260.77,7.14027077609534,248.773,479,0.04175365344467641,0.1022964509394572
18246.0,71,2,395.62,363.2,5.897703167293508,197.81,447,0.0044742729306487695,0.15883668903803133
18247.0,247,6,721.43,0.0,0.0,120.23833333333333,469,0.01279317697228145,0.5266524520255863
18248.0,24,1,496.46000000000004,286.56,5.661431534115671,496.46000000000004,24,0.041666666666666664,1.0
18250.0,139,2,342.92,0.0,0.0,171.46,148,0.013513513513513514,0.9391891891891891
18251.0,283,8,21964.14,4314.72,8.370019449389407,2745.5175,555,0.014414414414414415,0.5099099099099099
18252.0,9,7,1008.82,456.77,6.126366874571754,144.11714285714285,569,0.012302284710017574,0.015817223198594025
18253.0,480,1,317.88,0.0,0.0,317.88,480,0.0020833333333333333,1.0
18254.0,419,1,267.9,0.0,0.0,267.9,419,0.002386634844868735,1.0
18255.0,294,1,199.85,103.3,4.647271362006727,199.85,294,0.003401360544217687,1.0
18256.0,192,2,60.599999999999994,0.0,0.0,30.299999999999997,225,0.008888888888888889,0.8533333333333334
18257.0,6,14,3094.77,1402.03,7.246389462625101,221.055,497,0.028169014084507043,0.012072434607645875
18258.0,302,8,2040.97,0.0,0.0,255.12125,410,0.01951219512195122,0.7365853658536585
18259.0,204,5,2355.9,1962.3000000000002,7.582382009904704,471.18,569,0.008787346221441126,0.3585237258347979
18260.0,10,32,9751.95,0.0,0.0,304.7484375,562,0.05693950177935943,0.017793594306049824
18262.0,231,2,428.06,149.48,5.013830184992774,214.03,440,0.004545454545454545,0.525
18263.0,90,1,307.59999999999997,903.48,6.807360192926981,307.59999999999997,90,0.011111111111111112,1.0
18264.0,336,1,603.25,0.0,0.0,603.25,336,0.002976190476190476,1.0
18266.0,272,1,251.1,0.0,0.0,251.1,272,0.003676470588235294,1.0
18267.0,497,2,252.87,0.0,0.0,126.435,510,0.00392156862745098,0.9745098039215686
18268.0,429,6,1451.22,0.0,0.0,241.87,566,0.01060070671378092,0.7579505300353356
18269.0,196,2,307.5,0.0,0.0,153.75,204,0.00980392156862745,0.9607843137254902
18270.0,78,3,229.15,171.20000000000002,5.148656591993631,76.38333333333334,270,0.011111111111111112,0.28888888888888886
18271.0,447,2,680.85,0.0,0.0,340.425,569,0.0035149384885764497,0.7855887521968365
18272.0,50,7,2249.29,2098.04,7.6492353763327205,321.32714285714286,483,0.014492753623188406,0.10351966873706005
18273.0,95,2,204.0,153.0,5.0369526024136295,102.0,428,0.004672897196261682,0.2219626168224299
18275.0,416,2,741.85,0.0,0.0,370.925,569,0.0035149384885764497,0.7311072056239016
18276.0,223,7,1297.31,323.36,5.781854010076357,185.32999999999998,567,0.012345679012345678,0.3932980599647266
18277.0,156,7,1001.0,110.38,4.7129477781615225,143.0,332,0.02108433734939759,0.46987951807228917
18278.0,242,1,240.3,173.9,5.164214382024556,240.3,242,0.004132231404958678,1.0
18279.0,357,1,231.33999999999997,0.0,0.0,231.33999999999997,357,0.0028011204481792717,1.0
18280.0,115,3,472.45000000000005,0.0,0.0,157.48333333333335,232,0.01293103448275862,0.4956896551724138
18281.0,18,2,201.14,0.0,0.0,100.57,415,0.004819277108433735,0.043373493975903614
18283.0,7,13,1484.35,1252.3,7.133535351617477,114.18076923076923,496,0.02620967741935484,0.014112903225806451
18284.0,267,2,436.68,0.0,0.0,218.34,269,0.007434944237918215,0.9925650557620818
18285.0,498,1,427.0,0.0,0.0,427.0,498,0.002008032128514056,1.0
18286.0,314,3,1188.43,0.0,0.0,396.1433333333334,561,0.0053475935828877,0.5597147950089126
18287.0,39,6,3105.89,1072.0,6.9782137426306985,517.6483333333333,576,0.010416666666666666,0.06770833333333333
