Customer ID,Recency,Frequency,Monetary
12347.0,2,8,5633.32
12348.0,75,5,2019.3999999999999
12349.0,19,5,4404.54
12350.0,310,1,334.40000000000003
12351.0,375,1,300.93
12352.0,36,13,1889.21
12353.0,204,2,406.76
12354.0,232,1,1079.4
12355.0,214,2,947.61
12356.0,23,6,6373.68
12357.0,33,3,18287.66
12358.0,2,5,3887.07
12359.0,8,14,8714.89
12360.0,52,9,4212.89
12361.0,287,4,511.25
12362.0,3,14,5284.58
12363.0,110,2,552.0
12364.0,8,4,1313.1
12365.0,291,3,320.69
12366.0,634,1,500.24
12367.0,4,1,168.9
12368.0,628,1,917.7
12369.0,413,3,1791.15
12370.0,51,7,4320.31
12371.0,45,5,4067.38
12372.0,72,3,1298.04
12373.0,311,3,1127.65
12374.0,25,4,2989.2200000000003
12375.0,3,3,455.42
12376.0,390,2,503.15
12377.0,315,4,3426.32
12378.0,130,2,5416.32
12379.0,82,5,1618.27
12380.0,22,15,7888.0
12381.0,5,6,1803.96
12383.0,185,6,1839.31
12384.0,29,3,566.16
12385.0,379,2,1923.4
12386.0,338,2,660.8000000000001
12387.0,415,1,143.94
12388.0,16,8,3901.11
12389.0,403,3,1433.33
12390.0,80,1,549.84
12391.0,22,7,2747.82
12392.0,591,1,234.75000000000003
12393.0,72,7,2376.75
12394.0,64,2,1272.48
12395.0,16,18,5046.92
12396.0,674,1,931.4300000000001
12397.0,36,2,2409.9
12398.0,46,1,1635.6599999999999
12399.0,119,7,1962.3
12400.0,414,1,205.25
12401.0,303,1,84.3
12402.0,323,7,1244.15
12403.0,50,3,1001.36
12404.0,682,1,63.24
12405.0,149,1,1710.39
12406.0,22,7,6072.21
12407.0,50,5,1708.12
12408.0,33,14,4279.64
12409.0,79,13,23090.47
12410.0,301,4,1001.46
12411.0,410,1,346.9
12412.0,75,8,2581.03
12413.0,67,6,935.5
12414.0,217,8,692.4100000000001
12415.0,24,33,143269.29
12416.0,657,1,202.56
12417.0,3,27,6708.21
12418.0,113,5,2016.95
12419.0,386,2,503.01
12420.0,64,1,600.39
12421.0,16,8,1092.83
12422.0,96,21,4119.35
12423.0,1,11,2612.19
12424.0,163,7,3289.7799999999997
12425.0,78,3,1680.81
12426.0,195,3,1311.41
12427.0,12,5,1011.87
12428.0,26,12,7877.2
12429.0,9,9,7435.51
12430.0,43,1,256.4
12431.0,36,33,10719.41
12432.0,43,5,5059.32
12433.0,1,11,20428.86
12434.0,85,5,1062.48
12435.0,80,6,13925.93
12436.0,100,1,509.01
12437.0,2,47,12394.85
12438.0,14,2,2906.85
12439.0,683,3,1104.48
12440.0,457,3,768.15
12441.0,367,1,347.1
12442.0,3,1,172.06
12443.0,732,1,485.31
12444.0,21,5,5005.46
12445.0,22,3,426.48
12446.0,58,1,1002.3100000000001
12447.0,243,1,476.49
12448.0,44,1,449.45
12449.0,22,6,4835.89
12450.0,156,7,666.95
12451.0,11,10,12546.53
12452.0,17,3,428.57000000000005
12453.0,134,1,707.09
12454.0,53,9,4292.71
12455.0,73,10,5879.95
12456.0,44,4,3153.89
12457.0,58,14,2472.31
12458.0,71,4,1777.49
12459.0,605,1,454.36
12460.0,456,1,326.65
12461.0,94,2,826.88
12462.0,2,4,1124.01
12463.0,46,7,1303.63
12464.0,10,8,1212.05
12465.0,8,3,733.89
12466.0,682,1,56.73
12468.0,143,10,3624.55
12469.0,523,2,3070.54
12470.0,690,1,211.95
12471.0,2,129,37948.61
12472.0,31,37,16956.69
12473.0,29,9,2848.23
12474.0,17,54,11966.45
12475.0,54,2,1149.64
12476.0,1,38,13715.62
12477.0,23,12,20173.64
12478.0,4,1,680.99
12479.0,4,3,477.3
12480.0,28,8,5435.1
12481.0,23,18,12217.03
12482.0,450,32,21893.53
12483.0,17,27,4846.87
12484.0,33,16,6303.85
12485.0,529,1,708.1
12486.0,432,1,1037.28
12487.0,731,2,259.8
12488.0,10,3,1298.66
12489.0,336,1,334.93
12490.0,5,22,9818.64
12491.0,39,1,460.40000000000003
12492.0,63,3,715.21
12493.0,166,3,416.79
12494.0,10,17,1743.52
12495.0,635,2,323.4
12496.0,620,2,54.09
12497.0,82,4,6211.75
12498.0,21,3,403.70000000000005
12499.0,560,1,393.72
12500.0,23,25,5872.3099999999995
12501.0,315,2,2089.68
12502.0,96,5,3723.87
12504.0,18,6,411.0
12505.0,301,3,908.0
12506.0,233,1,73.5
12507.0,134,5,1797.31
12508.0,26,2,398.27
12509.0,284,1,176.5
12510.0,143,16,3689.33
12511.0,415,2,3065.77
12512.0,66,2,138.03
12513.0,85,2,586.79
12514.0,267,2,1597.76
12515.0,353,1,383.7
12516.0,78,4,2648.62
12517.0,28,6,2464.89
12518.0,1,5,2056.89
12519.0,64,3,695.19
12520.0,79,6,2582.51
12521.0,143,1,599.68
12522.0,39,2,192.72
12523.0,2,30,4220.85
12524.0,9,18,11091.36
12525.0,491,8,835.1800000000001
12526.0,1,3,1316.66
12527.0,82,5,735.51
12528.0,9,8,1922.28
12529.0,523,2,311.78000000000003
12530.0,60,12,3689.86
12531.0,15,3,1899.05
12532.0,30,1,349.83000000000004
12533.0,619,6,1149.99
12534.0,131,1,1089.18
12535.0,92,2,716.35
12536.0,8,5,4106.82
12537.0,409,1,732.94
12538.0,29,2,640.45
12539.0,22,8,9498.9
12540.0,20,36,22107.29
12541.0,30,3,981.18
12542.0,484,4,423.38
12543.0,448,1,980.25
12544.0,30,2,355.7
12545.0,75,2,1000.39
12546.0,47,3,1141.5
12547.0,198,3,383.58
12548.0,166,1,95.19999999999999
12549.0,576,6,1575.68
12550.0,79,1,964.83
12551.0,358,1,168.0
12552.0,39,2,437.82
12553.0,8,17,4548.82
12554.0,449,1,468.5
12555.0,682,1,129.23
12556.0,50,2,603.71
12557.0,16,8,18716.14
12558.0,2,2,1.0658141036401503e-14
12559.0,311,3,536.21
12560.0,5,4,2101.39
12561.0,303,1,238.85
12562.0,8,9,4966.92
12563.0,409,1,249.24
12564.0,261,1,456.90000000000003
12565.0,282,2,131.17000000000002
12566.0,73,2,346.7
12567.0,23,17,13393.82
12568.0,645,1,70.0
12569.0,2,35,4064.9900000000002
12570.0,682,1,77.52
12571.0,40,2,519.61
12572.0,9,3,1004.72
12573.0,227,5,717.41
12574.0,316,1,218.45000000000002
12575.0,457,2,622.82
12576.0,36,11,2083.87
12577.0,35,9,1591.35
12578.0,21,7,4572.45
12579.0,73,3,410.72
12580.0,247,2,1052.9
12581.0,40,1,197.71
12582.0,239,4,1980.4
12583.0,3,31,14344.9
12584.0,4,18,1893.95
12585.0,234,4,1982.81
12586.0,17,5,2028.67
12587.0,8,1,144.0
12588.0,39,5,938.98
12589.0,29,11,3094.17
12590.0,190,5,9853.48
12591.0,317,3,1352.15
12592.0,92,8,1152.62
12593.0,109,3,418.1
12594.0,38,17,5044.51
12595.0,505,1,299.02
12596.0,51,2,618.27
12597.0,19,5,3683.13
12598.0,10,15,4414.67
12599.0,29,13,2296.72
12600.0,29,26,4955.79
12601.0,190,7,673.76
12602.0,59,1,153.12
12603.0,22,1,739.1999999999999
12604.0,79,2,254.18
12605.0,365,5,1217.95
12606.0,682,1,21.0
12607.0,58,2,7.105427357601002e-15
12608.0,405,1,415.79
12609.0,78,10,3417.86
12610.0,23,7,2057.99
12611.0,52,1,1193.32
12612.0,58,2,643.59
12613.0,31,13,6591.52
12614.0,278,1,315.6
12615.0,2,11,5564.88
12616.0,85,7,1045.35
12617.0,29,1,355.53000000000003
12618.0,22,1,177.31
12619.0,16,14,3354.95
12620.0,15,3,1339.41
12621.0,2,44,24579.31
12622.0,232,1,180.1
12623.0,276,9,3639.84
12624.0,106,2,641.13
12625.0,212,5,5095.38
12626.0,23,13,6388.35
12627.0,11,7,4478.53
12628.0,4,4,769.61
12629.0,386,2,1558.22
12630.0,10,2,1270.88
12631.0,57,7,3452.27
12632.0,521,4,738.88
12633.0,59,10,5595.21
12634.0,536,2,490.0
12635.0,90,4,2930.41
12636.0,739,1,141.0
12637.0,67,14,8271.66
12638.0,33,2,921.49
12639.0,239,3,1312.3700000000001
12640.0,24,3,1174.58
12641.0,115,1,185.9
12642.0,25,3,1013.26
12643.0,128,14,7880.9
12644.0,130,6,1815.54
12645.0,34,10,3499.1
12646.0,5,2,1346.97
12647.0,22,45,17682.79
12648.0,155,5,1097.0
12649.0,107,10,2238.7
12650.0,3,1,314.44
12651.0,335,5,365.3
12652.0,322,3,1011.58
12653.0,149,3,4160.83
12654.0,11,5,601.98
12655.0,424,1,261.35
12656.0,17,12,6320.78
12657.0,11,5,1152.06
12658.0,19,1,686.05
12659.0,30,1,91.68
12660.0,11,1,245.10000000000002
12661.0,436,1,162.0
12662.0,1,22,6949.17
12663.0,625,3,204.0
12664.0,8,12,6052.04
12665.0,325,5,301.45
12666.0,359,2,1020.98
12667.0,58,1,620.13
12668.0,7,12,11380.710000000001
12669.0,151,4,1607.73
12670.0,10,8,3750.3900000000003
12671.0,606,1,2622.481
12672.0,330,3,410.5
12673.0,5,3,1230.02
12674.0,12,7,1919.31
12675.0,554,4,934.8
12676.0,25,12,2773.09
12677.0,555,3,389.3
12678.0,42,23,33851.13
12679.0,52,9,1058.67
12680.0,1,4,880.81
12681.0,15,56,30551.760000000002
12682.0,4,53,23945.81
12683.0,4,27,12418.6
12684.0,8,7,2283.63
12685.0,28,6,2863.08
12686.0,372,1,178.28
12687.0,481,2,2138.91
12688.0,114,1,4873.81
12689.0,26,2,1247.6100000000001
12690.0,206,1,389.01
12691.0,28,7,1170.4
12692.0,637,1,110.95
12693.0,121,11,1640.42
12694.0,70,4,1839.45
12695.0,7,7,1407.1200000000001
12696.0,435,3,801.15
12697.0,21,5,939.02
12698.0,590,1,339.75
12699.0,418,1,638.11
12700.0,8,6,4867.99
12701.0,80,6,2446.41
12702.0,20,1,219.0
12703.0,64,7,892.1800000000001
12704.0,7,10,2220.84
12705.0,15,22,11554.0
12707.0,292,1,603.42
12708.0,30,30,5118.16
12709.0,3,55,30312.61
12710.0,97,4,1130.57
12711.0,612,2,1339.05
12712.0,23,28,6979.66
12713.0,1,1,848.55
12714.0,9,12,14093.710000000001
12715.0,106,1,353.86
12716.0,4,2,1053.49
12717.0,151,4,1258.91
12718.0,71,1,238.25
12719.0,5,3,608.1
12720.0,3,41,8047.88
12721.0,32,10,3906.68
12722.0,85,6,904.33
12723.0,4,5,725.07
12724.0,5,7,2317.52
12725.0,371,4,2694.56
12726.0,28,11,4014.6
12727.0,11,12,5646.53
12728.0,71,5,1070.17
12729.0,114,1,453.01
12730.0,522,1,829.25
12731.0,24,19,25673.21
12732.0,180,1,236.26000000000002
12733.0,234,6,2326.82
12734.0,353,3,639.65
12735.0,315,2,779.5699999999999
12736.0,333,1,234.0
12737.0,499,2,3710.5
12738.0,372,1,310.7
12739.0,78,4,2726.73
12740.0,64,1,427.6
12741.0,529,2,406.07
12742.0,600,2,1185.02
12743.0,134,2,546.43
12744.0,52,14,13158.16
12745.0,487,3,925.41
12746.0,528,3,230.85
12747.0,2,32,9164.59
12748.0,1,364,49970.13
12749.0,4,16,6328.49
12750.0,129,1,275.88
12751.0,445,1,268.27
12752.0,81,1,4366.78
12753.0,4,11,21024.01
12754.0,236,5,2949.12
12755.0,250,22,6406.35
12756.0,87,1,112.08
12757.0,16,19,4227.7
12758.0,117,8,9779.0
12759.0,52,8,5020.74
12760.0,456,1,347.8
12761.0,458,2,782.95
12762.0,8,2,1898.52
12763.0,138,2,814.16
12764.0,317,1,1693.88
12765.0,472,6,1404.58
12766.0,4,11,10026.43
12767.0,376,1,949.82
12769.0,239,1,1143.6
12770.0,211,7,2975.95
12771.0,465,2,262.5
12772.0,60,1,892.47
12773.0,564,2,1.7763568394002505e-15
12774.0,536,1,98.7
12775.0,17,8,1651.32
12776.0,668,1,55.5
12777.0,458,1,519.45
12778.0,20,10,1757.68
12779.0,21,21,6406.76
12780.0,599,1,337.4
12781.0,21,5,707.72
12782.0,5,14,4526.04
12783.0,2,8,1603.87
12784.0,9,3,1804.75
12785.0,3,5,1079.31
12786.0,610,1,728.5000000000001
12787.0,10,5,859.1800000000001
12788.0,463,4,444.90000000000003
12789.0,65,3,273.35
12790.0,192,3,563.45
12791.0,374,8,777.75
12792.0,257,3,813.88
12793.0,335,3,1017.33
12794.0,53,2,860.41
12795.0,19,1,430.48
12796.0,628,1,381.0
12797.0,360,6,725.46
12798.0,10,4,8510.93
12799.0,529,1,219.35
12800.0,470,3,584.25
12801.0,478,2,1031.8700000000001
12802.0,184,9,2350.42
12803.0,393,1,1092.81
12804.0,466,2,327.02
12805.0,382,4,1434.95
12806.0,435,4,2878.96
12807.0,383,3,269.95
12808.0,37,5,906.1
12809.0,168,8,1705.34
12810.0,535,2,534.99
12811.0,261,5,1033.9
12812.0,45,1,229.64000000000001
12813.0,502,3,1687.8
12814.0,102,1,125.92
12815.0,148,2,1063.46
12816.0,96,2,572.2
12817.0,281,3,690.98
12818.0,178,2,1517.88
12819.0,458,1,540.52
12820.0,3,13,2647.94
12821.0,214,2,220.8
12822.0,71,3,918.98
12823.0,75,18,6501.5
12824.0,60,1,397.12
12825.0,521,2,518.63
12826.0,3,15,2928.69
12827.0,6,3,430.15
12828.0,3,6,1018.71
12829.0,322,4,345.35
12830.0,38,7,6748.4
12831.0,262,3,451.11
12832.0,32,2,383.03000000000003
12833.0,145,1,417.38
12834.0,283,1,312.38
12835.0,418,49,6018.67
12836.0,59,17,6546.47
12837.0,173,2,688.41
12838.0,34,12,3376.03
12839.0,3,31,9927.83
12840.0,144,11,4013.87
12841.0,5,42,7390.4800000000005
12842.0,70,4,1917.99
12843.0,66,34,6345.61
12844.0,29,4,648.6
12845.0,267,4,354.09000000000003
12846.0,682,1,15.58
12847.0,22,2,1636.8999999999999
12848.0,676,1,208.0
12849.0,31,6,3090.56
12850.0,446,1,330.0
12851.0,97,2,284.13
12852.0,290,2,299.75
12853.0,108,16,3728.5
12854.0,79,11,2922.37
12855.0,373,4,650.94
12856.0,8,8,2162.68
12857.0,211,7,3684.25
12858.0,383,2,151.73
12859.0,459,1,575.1
12860.0,693,1,55.47
12861.0,620,1,68.25
12862.0,426,2,1008.32
12863.0,52,7,2775.55
12864.0,138,2,299.57
12865.0,26,5,3303.31
12866.0,283,3,1227.35
12867.0,26,16,7862.69
12868.0,186,8,2247.06
12869.0,682,1,337.66999999999996
12870.0,366,4,1647.15
12871.0,84,3,744.02
12872.0,327,13,3678.34
12873.0,282,3,2027.3
12874.0,385,3,933.42
12875.0,143,5,1356.9900000000002
12876.0,58,5,4068.59
12877.0,4,20,2955.17
12878.0,18,3,841.64
12879.0,45,4,552.57
12880.0,382,2,640.13
12881.0,276,1,298.0
12882.0,9,2,1463.04
12883.0,25,4,703.47
12884.0,88,1,309.05
12885.0,63,4,1158.27
12886.0,68,3,1351.09
12887.0,384,1,222.4
12888.0,214,4,313.77
12889.0,381,6,365.66
12890.0,24,2,717.27
12891.0,186,12,819.5
12892.0,397,1,263.38
12893.0,31,1,188.14
12894.0,575,1,157.35
12895.0,42,3,347.3
12897.0,205,4,514.25
12898.0,464,2,310.96
12899.0,414,1,366.4
12900.0,422,1,340.33000000000004
12901.0,9,36,16293.1
12902.0,265,1,138.68
12903.0,429,1,833.5300000000001
12904.0,18,2,509.58
12905.0,577,3,1011.82
12906.0,12,5,2919.81
12907.0,396,3,440.36
12908.0,59,7,1272.0
12909.0,40,13,3034.77
12910.0,23,14,5747.02
12911.0,552,1,1680.47
12912.0,3,5,1662.3
12913.0,5,13,6700.86
12914.0,401,1,223.98
12915.0,149,8,1084.85
12916.0,139,8,4630.22
12917.0,128,8,4329.5
12919.0,8,8,1301.44
12920.0,17,4,488.09000000000003
12921.0,4,103,34639.45
12922.0,161,1,405.38
12923.0,64,3,789.87
12924.0,88,14,2423.15
12925.0,5,3,729.33
12926.0,411,4,1548.46
12927.0,395,1,197.31
12928.0,35,12,4304.89
12929.0,122,2,105.1
12930.0,78,4,409.90000000000003
12931.0,22,71,71299.67
12932.0,539,8,1698.56
12933.0,24,11,1627.28
12934.0,737,1,181.65
12935.0,2,19,4182.01
12936.0,17,5,1012.9
12937.0,15,9,3097.61
12938.0,26,1,114.14
12939.0,64,20,25264.8
12940.0,46,4,876.29
12941.0,724,1,377.49
12942.0,131,3,942.65
12943.0,301,4,489.0
12944.0,36,2,604.51
12945.0,288,2,900.11
12946.0,437,1,324.45
12947.0,144,11,1711.33
12948.0,16,10,2306.18
12949.0,31,28,15391.0
12950.0,2,3,1843.0
12951.0,9,20,3164.42
12952.0,6,5,1382.84
12953.0,10,2,828.8100000000001
12954.0,639,1,162.45
12955.0,1,14,4734.26
12956.0,306,4,521.89
12957.0,4,21,8628.42
12958.0,400,2,539.49
12959.0,484,2,133.35
12960.0,414,4,1322.0700000000002
12961.0,379,1,211.99
12962.0,7,2,266.39
12963.0,8,14,3512.79
12964.0,437,1,132.24
12965.0,89,1,771.91
12966.0,10,1,160.18
12967.0,3,5,3840.77
12968.0,112,1,135.95
12969.0,603,1,122.45
12970.0,7,10,1524.97
12971.0,4,120,15482.74
12972.0,414,6,1115.95
12973.0,414,1,385.55
12974.0,198,2,408.95
12975.0,430,8,1993.99
12976.0,212,8,3156.38
12977.0,156,4,517.63
12978.0,385,6,2496.07
12979.0,729,2,479.54
12980.0,156,26,15909.390000000001
12981.0,30,2,372.21999999999997
12982.0,240,17,2562.12
12983.0,598,1,490.08
12984.0,19,1,97.5
12985.0,1,3,1215.6200000000001
12986.0,403,12,1991.5900000000001
12987.0,74,6,1298.51
12988.0,292,1,535.32
12989.0,3,39,12846.8
12990.0,31,7,955.5
12991.0,23,3,764.82
12992.0,725,1,93.35
12993.0,23,10,1191.26
12994.0,4,5,902.22
12995.0,78,2,200.72
12996.0,376,1,355.5
12997.0,22,16,2065.11
12998.0,493,4,897.38
12999.0,196,3,455.88
13000.0,107,5,965.0
13001.0,4,37,24136.05
13002.0,318,3,414.13
13003.0,106,3,149.05
13004.0,12,46,11143.99
13005.0,174,6,935.03
13006.0,56,1,81.57
13007.0,580,1,175.25
13008.0,323,7,543.28
13009.0,673,1,234.0
13010.0,374,2,330.12
13011.0,372,1,101.10000000000001
13012.0,9,15,2591.1800000000003
13013.0,1,31,12601.82
13014.0,3,18,5220.83
13015.0,53,14,6465.72
13016.0,73,3,789.89
13017.0,7,1,204.0
13018.0,16,37,9742.81
13019.0,379,8,1212.95
13020.0,548,5,606.96
13021.0,4,24,4786.38
13022.0,430,1,65.3
13023.0,64,3,1449.03
13024.0,464,3,535.42
13025.0,732,1,323.39
13026.0,1,13,1690.1200000000001
13027.0,114,23,17148.0
13028.0,23,3,659.68
13029.0,31,5,1927.3
13030.0,11,2,1227.22
13031.0,407,5,3419.27
13032.0,39,11,2817.59
13033.0,357,2,220.55
13034.0,55,3,922.68
13035.0,58,4,1328.95
13036.0,685,1,307.1
13037.0,138,16,3842.55
13038.0,80,3,908.46
13039.0,584,4,1010.73
13040.0,9,2,676.99
13041.0,451,4,799.13
13042.0,584,4,1522.79
13043.0,254,2,471.57
13044.0,291,13,4824.2
13045.0,99,3,808.9200000000001
13046.0,31,3,949.25
13047.0,32,42,8466.72
13048.0,14,13,4035.16
13049.0,64,5,1384.14
13050.0,9,57,11822.44
13051.0,579,2,155.8
13052.0,212,7,3168.53
13053.0,622,1,127.65
13055.0,64,6,2292.51
13056.0,551,1,209.48
13057.0,530,4,540.74
13058.0,25,3,271.40000000000003
13059.0,250,12,2272.62
13060.0,254,1,307.53000000000003
13061.0,72,1,248.61
13062.0,191,1,346.98
13063.0,481,1,188.4
13064.0,13,6,1680.74
13065.0,373,6,1255.96
13066.0,24,3,430.9
13067.0,82,3,508.51
13068.0,10,2,344.0
13069.0,1,42,8747.47
13070.0,192,5,743.9
13071.0,612,1,129.22
13072.0,267,1,177.15
13073.0,411,2,418.08
13074.0,511,5,1362.8400000000001
13075.0,130,1,919.61
13076.0,458,1,135.4
13077.0,1,14,3040.17
13078.0,1,95,28883.83
13079.0,4,6,419.18
13080.0,179,5,260.83
13081.0,1,44,58328.15
13082.0,126,25,7268.92
13083.0,4,3,395.43
13084.0,488,2,116.44999999999999
13085.0,158,10,1459.46
13086.0,383,1,439.33000000000004
13087.0,726,1,313.64
13088.0,417,1,236.11
13089.0,3,247,113214.19
13090.0,9,30,13771.28
13092.0,71,15,2007.33
13093.0,267,88,54073.73
13094.0,21,17,2214.6600000000003
13095.0,71,1,74.39999999999999
13096.0,394,1,419.7000000000001
13097.0,33,40,12861.73
13098.0,1,41,28658.88
13099.0,99,1,207.36
13101.0,234,4,695.4
13102.0,1,42,11440.12
13103.0,40,3,709.64
13104.0,3,9,1709.1
13105.0,436,1,72.0
13106.0,129,3,586.46
13107.0,44,15,5109.62
13108.0,373,2,1098.52
13109.0,3,7,1107.58
13110.0,31,14,2896.17
13111.0,719,1,321.88000000000005
13113.0,1,60,16600.25
13114.0,731,1,234.38
13115.0,9,23,5374.45
13116.0,117,2,485.19
13117.0,22,19,2642.11
13118.0,20,12,2334.1
13119.0,669,1,134.9
13120.0,239,1,30.6
13121.0,269,2,254.73
13122.0,94,2,922.39
13123.0,473,2,506.75
13124.0,90,4,4782.45
13125.0,524,1,158.57
13126.0,5,19,3902.47
13127.0,78,1,259.17
13128.0,631,1,263.5
13129.0,452,2,233.25
13130.0,94,1,64.0
13131.0,23,8,3279.77
13132.0,262,1,77.3
13133.0,274,3,200.45
13134.0,73,9,2422.28
13135.0,197,2,3371.45
13136.0,50,24,6077.8
13137.0,11,17,7667.37
13138.0,22,8,1454.49
13139.0,16,9,8193.83
13140.0,108,5,1215.68
13141.0,85,21,7536.63
13142.0,19,1,307.09000000000003
13143.0,582,2,399.2
13144.0,333,2,135.35
13145.0,40,8,1419.77
13146.0,26,1,228.91
13147.0,10,4,712.8
13148.0,29,36,8123.6
13149.0,14,4,1676.06
13150.0,471,4,435.02
13151.0,203,5,2511.69
13152.0,417,9,2114.98
13153.0,6,1,486.22
13154.0,144,5,997.43
13155.0,33,6,1750.18
13156.0,385,3,1586.54
13157.0,49,10,5667.71
13158.0,95,5,1508.18
13159.0,9,5,1379.75
13160.0,22,1,91.8
13161.0,313,2,478.88
13162.0,122,19,9116.94
13164.0,569,3,297.46000000000004
13165.0,46,3,1451.1599999999999
13166.0,282,3,881.68
13167.0,19,5,1125.15
13168.0,36,6,1866.26
13169.0,64,3,840.08
13170.0,27,1,116.00999999999999
13171.0,8,5,426.81
13172.0,400,1,69.6
13173.0,4,13,2620.5
13174.0,16,12,9494.84
13175.0,554,4,793.1
13176.0,46,1,492.84
13177.0,65,2,512.2
13178.0,26,25,13997.89
13179.0,619,1,572.3100000000001
13180.0,607,1,86.10000000000001
13181.0,381,1,359.69
13182.0,45,1,121.18
13183.0,8,18,7010.88
13184.0,15,12,1648.79
13185.0,268,1,71.4
13186.0,40,5,1539.69
13187.0,337,5,348.31
13188.0,11,1,114.6
13189.0,19,2,260.68
13190.0,544,4,518.76
13191.0,658,1,164.69
13192.0,95,8,2544.53
13193.0,61,1,117.88
13194.0,136,2,472.78
13195.0,414,1,172.38
13196.0,11,8,3059.64
13197.0,610,1,373.01000000000005
13198.0,10,12,4912.28
13199.0,4,69,16404.98
13200.0,19,4,870.09
13201.0,502,4,1240.61
13202.0,379,8,1571.3500000000001
13203.0,10,11,2630.55
13204.0,731,1,966.6600000000001
13205.0,443,1,2803.2
13206.0,400,15,8280.13
13207.0,15,4,535.86
13208.0,59,10,1970.5
13209.0,30,16,8438.06
13210.0,94,1,353.48
13211.0,10,12,2706.87
13212.0,9,4,780.58
13213.0,57,14,3834.62
13214.0,418,7,3264.23
13215.0,402,1,81.6
13216.0,268,1,333.74
13217.0,122,6,266.12
13218.0,127,1,62.64
13219.0,618,1,76.23
13220.0,78,5,1336.0900000000001
13221.0,240,2,847.41
13222.0,577,1,88.5
13223.0,200,6,969.12
13224.0,60,3,2150.85
13225.0,3,17,15879.27
13226.0,273,2,312.46
13227.0,202,1,257.7
13228.0,81,1,358.0
13229.0,226,1,160.95
13230.0,4,31,6317.22
13232.0,13,7,1357.6
13233.0,74,4,1176.46
13234.0,673,2,356.95
13235.0,212,2,101.17000000000007
13236.0,25,3,727.27
13237.0,388,1,643.0
13238.0,11,7,986.73
13239.0,262,6,1579.84
13240.0,96,9,1661.17
13241.0,412,1,115.58
13242.0,112,7,699.4
13243.0,203,5,1278.04
13244.0,93,1,121.74000000000001
13245.0,51,2,989.22
13246.0,18,14,3277.68
13247.0,18,4,501.12
13248.0,125,2,465.68
13249.0,92,9,1608.9299999999998
13250.0,453,3,248.54
13251.0,402,1,252.68
13252.0,394,3,341.3
13253.0,157,4,2951.11
13254.0,376,1,51.41
13255.0,4,4,895.61
13257.0,428,3,117.95
13258.0,12,5,1035.18
13259.0,62,9,1433.38
13260.0,61,1,557.62
13261.0,269,2,944.1
13262.0,263,3,573.45
13263.0,1,39,8704.69
13264.0,443,1,722.5600000000001
13265.0,53,5,2107.66
13266.0,11,30,5965.3
13267.0,3,50,9512.210000000001
13268.0,18,15,3167.64
13269.0,1,30,8861.39
13270.0,366,1,1180.0
13271.0,37,2,178.26
13272.0,31,2,276.56
13273.0,113,1,138.98
13274.0,409,1,360.85
13275.0,384,2,241.66
13276.0,64,7,1918.56
13277.0,16,7,523.3
13278.0,41,5,1428.2
13279.0,64,2,126.30000000000001
13280.0,122,8,2297.13
13281.0,437,3,306.45
13282.0,18,7,1228.89
13283.0,60,4,373.36
13284.0,323,2,196.15
13285.0,23,6,3364.59
13286.0,600,1,734.91
13287.0,583,7,519.67
13288.0,443,6,892.16
13289.0,724,1,307.95
13291.0,156,11,3320.84
13292.0,39,6,987.79
13293.0,392,7,1180.34
13294.0,190,3,1689.53
13295.0,360,9,1058.02
13296.0,137,6,792.51
13297.0,8,8,4352.67
13298.0,1,1,360.0
13299.0,268,5,1173.3
13300.0,165,5,1267.21
13301.0,104,4,618.09
13302.0,155,2,159.2
13303.0,400,1,61.72
13304.0,351,7,1120.79
13305.0,4,16,3754.71
13306.0,430,1,53.65
13307.0,120,3,273.34
13308.0,23,5,1652.47
13309.0,7,6,1706.3700000000001
13310.0,9,8,1492.8
13311.0,4,2,598.57
13312.0,451,1,124.75
13313.0,22,15,3423.27
13314.0,2,4,578.66
13315.0,689,1,310.26000000000005
13316.0,37,12,12906.93
13317.0,64,31,6068.531
13318.0,1,3,640.76
13319.0,5,78,21706.09
13320.0,70,9,2160.95
13321.0,72,2,567.36
13322.0,17,1,199.48000000000002
13323.0,3,5,787.85
13324.0,32,23,10421.37
13325.0,82,1,675.3
13326.0,432,1,281.76
13327.0,39,22,9741.03
13328.0,316,1,1308.48
13329.0,32,14,4977.0199999999995
13330.0,93,6,2806.18
13331.0,402,1,262.4
13332.0,14,1,350.90000000000003
13333.0,411,3,1015.74
13334.0,82,6,6257.0
13336.0,77,1,795.12
13337.0,519,2,1548.55
13338.0,154,10,2223.62
13339.0,201,1,860.12
13340.0,45,12,22100.56
13341.0,261,1,775.85
13343.0,173,2,303.93
13344.0,68,3,2543.7200000000003
13345.0,277,2,377.6
13346.0,463,6,299.4
13347.0,70,1,341.36
13348.0,64,1,233.76000000000002
13349.0,11,1,247.32
13350.0,16,3,910.72
13351.0,66,1,373.94
13352.0,8,2,389.28000000000003
13354.0,71,1,743.53
13355.0,122,1,674.7
13356.0,80,1,768.24
13357.0,257,5,3838.36
13358.0,269,1,439.03000000000003
13359.0,59,4,1001.96
13360.0,428,7,1464.1
13361.0,472,2,1450.5
13362.0,3,10,5357.57
13363.0,18,3,1723.8600000000001
13365.0,9,4,2164.32
13366.0,50,1,56.16
13367.0,432,1,510.2
13368.0,257,5,1086.1000000000001
13369.0,354,2,572.03
13370.0,366,2,1442.64
13371.0,499,4,2271.46
13372.0,90,1,378.64
13373.0,61,6,7587.1900000000005
13374.0,415,2,422.8
13375.0,81,3,1786.48
13376.0,99,3,1019.76
13377.0,397,4,1495.43
13379.0,26,3,572.56
13380.0,433,1,62.4
13381.0,21,15,8185.02
13382.0,281,5,1387.58
13383.0,544,1,305.28000000000003
13384.0,31,15,6635.09
13385.0,330,1,534.57
13386.0,414,2,835.46
13387.0,417,1,189.44
13388.0,121,4,1135.7
13389.0,11,3,797.96
13390.0,75,1,544.08
13391.0,204,1,59.8
13392.0,677,1,91.14
13393.0,584,6,1105.85
13394.0,2,24,6323.88
13395.0,185,3,1180.23
13396.0,22,4,1325.29
13397.0,73,13,3094.11
13398.0,192,2,670.34
13399.0,464,3,275.4
13400.0,574,2,300.93
13402.0,127,4,1535.13
13403.0,18,3,229.5
13404.0,1,2,252.49
13405.0,74,9,1196.561
13406.0,427,3,557.22
13407.0,579,6,2111.89
13408.0,2,135,50852.852
13410.0,9,12,2172.51
13411.0,107,1,213.55
13412.0,620,1,487.35
13413.0,640,8,345.8
13414.0,134,7,2482.24
13415.0,473,5,681.92
13416.0,44,3,940.8000000000001
13417.0,5,7,1593.89
13418.0,12,37,11916.16
13419.0,64,1,221.06
13420.0,135,4,140.35
13421.0,40,11,4088.82
13422.0,51,2,2601.55
13423.0,429,1,217.03
13424.0,444,2,557.92
13425.0,108,8,3375.9300000000003
13426.0,1,24,8076.76
13427.0,19,6,1006.53
13428.0,10,3,499.98
13429.0,11,4,1006.8
13430.0,19,4,648.6899999999999
13431.0,67,9,3289.2400000000002
13432.0,571,2,439.1
13433.0,437,5,656.87
13434.0,74,5,1666.8600000000001
13435.0,5,11,4459.83
13436.0,2,1,196.89
13437.0,14,7,3408.06
13438.0,547,1,46.5
13439.0,255,3,986.61
13440.0,423,10,1213.95
13441.0,92,2,720.9
13442.0,667,3,419.87
13443.0,449,7,1247.71
13444.0,374,2,631.68
13445.0,626,1,241.89999999999998
13446.0,420,18,3608.86
13447.0,23,4,1104.23
13448.0,17,19,8447.75
13449.0,24,1,291.88
13450.0,27,14,4117.54
13451.0,26,13,7119.97
13452.0,259,3,729.8
13453.0,166,5,758.99
13454.0,641,1,219.87
13455.0,25,11,2773.82
13456.0,18,7,1737.8200000000002
13457.0,689,4,143.27
13458.0,7,24,11850.62
13459.0,625,2,1160.41
13460.0,29,2,183.44
13461.0,39,8,4138.5
13462.0,183,6,1145.6000000000001
13464.0,58,7,3083.89
13465.0,446,2,931.12
13466.0,100,7,952.25
13467.0,11,2,1083.71
13468.0,2,87,13091.61
13469.0,653,1,82.4
13470.0,99,2,165.0
13471.0,1,4,2531.58
13472.0,464,2,592.24
13473.0,61,10,2410.98
13474.0,236,3,663.79
13475.0,191,4,1431.78
13476.0,179,7,1915.77
13477.0,38,13,2821.12
13478.0,469,7,2068.03
13479.0,198,7,808.5
13480.0,417,2,627.82
13481.0,46,14,3798.84
13482.0,232,2,336.09
13483.0,66,1,140.34
13484.0,241,4,767.32
13485.0,233,15,2957.92
13486.0,78,3,1122.41
13487.0,58,5,846.87
13488.0,17,29,15513.73
13489.0,105,4,449.52
13490.0,654,1,154.25
13491.0,52,27,4566.56
13492.0,136,3,1269.84
13493.0,275,2,618.63
13494.0,312,1,316.26000000000005
13495.0,8,13,5246.61
13496.0,11,3,617.93
13497.0,283,7,1266.3300000000002
13498.0,730,1,327.38
13499.0,18,7,1146.96
13500.0,23,5,1436.3
13501.0,243,5,2840.26
13502.0,17,6,774.6
13503.0,71,12,1793.54
13504.0,64,1,295.93
13505.0,68,8,4282.88
13506.0,312,8,1609.65
13507.0,3,4,2479.16
13508.0,244,2,287.05
13509.0,9,8,1114.72
13510.0,1,17,4488.39
13511.0,484,2,244.61
13512.0,261,4,713.39
13513.0,127,4,796.99
13514.0,74,4,815.9000000000001
13515.0,73,6,1265.82
13516.0,21,4,1685.26
13517.0,60,5,2109.07
13518.0,86,1,659.44
13519.0,50,3,331.26
13520.0,59,15,6680.65
13521.0,1,3,1093.65
13522.0,30,1,125.80000000000001
13523.0,33,7,4892.02
13524.0,41,5,680.1800000000001
13525.0,15,2,628.78
13526.0,738,4,942.6
13527.0,34,14,4650.04
13529.0,79,2,307.76
13530.0,634,1,402.98
13531.0,205,6,1738.52
13532.0,34,1,210.31
13533.0,183,3,270.79
13534.0,2,60,7324.5
13535.0,403,1,89.5
13536.0,1,7,3448.29
13537.0,426,2,717.85
13538.0,43,12,3112.73
13539.0,86,9,1531.26
13540.0,467,3,632.39
13541.0,423,3,717.9
13542.0,377,18,3970.77
13543.0,634,2,1439.61
13544.0,40,7,820.5
13545.0,391,3,347.35
13546.0,12,5,1092.14
13547.0,408,1,175.53
13548.0,96,3,908.99
13549.0,26,9,1003.72
13550.0,383,1,349.51
13551.0,319,2,244.2
13552.0,66,32,6618.63
13553.0,675,1,517.8
13554.0,380,10,1556.39
13555.0,74,16,8906.34
13556.0,429,2,200.82
13557.0,28,16,2980.08
13558.0,6,4,605.06
13559.0,513,2,990.0
13560.0,7,1,174.37
13561.0,216,11,1820.72
13562.0,82,8,4838.18
13563.0,84,2,777.53
13564.0,144,54,15786.720000000001
13565.0,19,3,414.8
13566.0,41,5,1708.1200000000001
13567.0,428,5,1078.59
13568.0,173,1,192.85
13569.0,17,4,893.78
13570.0,243,1,239.49
13571.0,13,26,4546.54
13572.0,206,1,1384.25
13573.0,50,6,916.47
13574.0,411,1,421.25
13575.0,23,5,732.07
13576.0,10,32,11516.15
13577.0,25,14,3346.62
13578.0,409,1,147.66
13579.0,15,6,1535.8400000000001
13580.0,406,1,107.75
13581.0,309,2,280.53000000000003
13582.0,390,2,241.68
13583.0,156,2,1445.031
13584.0,307,5,347.15
13585.0,531,4,674.46
13586.0,541,1,131.53
13587.0,32,6,1308.1
13588.0,16,13,2445.12
13589.0,15,6,1120.74
13590.0,11,21,6298.29
13591.0,65,8,2081.19
13592.0,36,4,247.95999999999998
13593.0,108,16,5475.21
13594.0,53,3,508.42
13595.0,517,3,818.22
13596.0,6,2,697.04
13597.0,388,3,372.21
13598.0,47,6,776.84
13599.0,1,52,9790.34
13600.0,312,2,518.42
13601.0,45,4,1185.14
13602.0,65,4,1025.17
13603.0,26,1,164.34
13604.0,652,2,713.39
13605.0,387,2,522.67
13606.0,29,3,280.54
13607.0,40,3,1060.6100000000001
13608.0,541,1,236.2
13609.0,593,1,167.35
13610.0,12,17,2144.13
13611.0,89,14,3281.03
13612.0,518,2,777.79
13613.0,453,5,1039.8500000000001
13614.0,24,6,2359.19
13615.0,313,12,6212.2300000000005
13616.0,568,2,288.1
13617.0,40,9,1263.8
13618.0,174,1,177.34
13619.0,545,2,231.69
13620.0,528,1,112.34
13621.0,117,1,213.85
13622.0,689,2,651.45
13623.0,31,15,2446.36
13624.0,381,2,427.18
13625.0,597,1,301.26
13626.0,253,3,689.49
13627.0,59,10,2217.55
13628.0,676,1,310.14
13629.0,23,19,13370.86
13630.0,5,11,1995.68
13631.0,100,12,3021.77
13632.0,25,10,3634.7000000000003
13634.0,33,17,4519.55
13635.0,68,6,2948.2200000000003
13636.0,37,6,941.62
13637.0,52,3,810.5
13638.0,16,1,122.64
13639.0,74,2,1346.27
13640.0,611,1,405.0
13641.0,641,7,921.8199999999999
13642.0,216,5,501.96999999999997
13643.0,31,15,2112.17
13644.0,9,5,2597.52
13645.0,120,1,252.1
13646.0,400,3,323.3
13647.0,10,9,3063.78
13648.0,400,11,1679.01
13649.0,257,6,1678.88
13650.0,17,16,3098.5
13651.0,35,4,208.95
13652.0,46,5,2570.85
13653.0,488,1,152.2
13654.0,43,11,6308.0
13655.0,114,8,2259.3
13656.0,165,7,1053.35
13657.0,11,2,382.14
13658.0,10,13,5772.07
13659.0,197,17,4716.63
13660.0,396,2,303.69
13661.0,603,1,325.24
13662.0,86,17,2183.13
13663.0,179,6,2013.6100000000001
13665.0,386,3,1711.66
13666.0,60,5,127.9
13667.0,149,1,305.02
13668.0,3,47,12749.14
13669.0,51,3,413.55
13670.0,75,1,349.7
13671.0,395,1,194.95
13672.0,301,7,162.07000000000002
13673.0,19,2,396.92
13674.0,430,2,215.88
13675.0,151,2,486.82000000000005
13676.0,539,3,153.15
13677.0,405,2,556.1899999999999
13678.0,152,1,232.6
13679.0,494,3,281.26
13680.0,1,13,9915.56
13681.0,18,4,827.83
13682.0,187,1,59.5
13683.0,458,1,258.6
13684.0,286,6,546.52
13685.0,3,7,3119.44
13686.0,183,3,409.04
13687.0,438,1,11880.84
13688.0,635,1,375.5
13689.0,63,2,1259.5
13690.0,59,1,172.25
13691.0,396,1,212.78
13692.0,25,8,3016.45
13693.0,325,13,1948.3200000000002
13694.0,4,164,190825.52
13695.0,31,16,2770.73
13696.0,422,4,2008.6999999999998
13697.0,39,1,151.3
13698.0,597,2,465.53000000000003
13699.0,155,3,711.4000000000001
13700.0,26,14,2586.21
13701.0,437,2,159.55
13702.0,446,1,135.18
13703.0,318,3,99.5
13704.0,5,10,2295.31
13705.0,8,7,2035.33
13706.0,303,2,631.1700000000001
13707.0,267,5,3365.86
13708.0,271,1,296.88
13709.0,4,22,7512.81
13710.0,32,3,509.52
13711.0,219,15,1632.6100000000001
13712.0,247,2,766.42
13713.0,408,3,743.26
13714.0,465,1,161.35
13715.0,281,21,8438.34
13716.0,269,1,138.28
13717.0,32,11,1748.05
13718.0,246,2,306.55
13719.0,15,11,2815.25
13720.0,117,4,799.9
13721.0,36,2,741.54
13722.0,120,11,5629.16
13723.0,217,6,1209.2
13724.0,637,1,213.01
13725.0,50,11,1809.81
13726.0,39,2,1079.66
13727.0,29,9,1067.3
13728.0,37,16,2855.17
13729.0,436,5,676.4300000000001
13730.0,136,2,752.6
13731.0,219,2,610.59
13732.0,28,1,491.86
13733.0,411,3,484.53000000000003
13734.0,509,6,3451.2900000000004
13735.0,25,22,9472.81
13736.0,5,12,2715.01
13737.0,200,1,339.6
13738.0,396,1,440.93
13739.0,18,2,292.2
13740.0,241,5,1597.77
13741.0,72,4,666.33
13742.0,17,14,3102.42
13743.0,3,8,1340.15
13744.0,95,2,1156.36
13745.0,151,4,761.27
13746.0,414,1,176.69
13747.0,374,2,249.39999999999998
13748.0,96,9,2268.35
13750.0,54,13,3563.6
13751.0,288,1,296.25
13752.0,124,7,1590.73
13753.0,288,4,2094.57
13754.0,152,3,447.05
13755.0,4,10,2154.68
13756.0,2,25,9147.2
13757.0,675,1,195.55
13758.0,12,19,9263.14
13759.0,33,2,659.4100000000001
13760.0,54,6,1358.6399999999999
13761.0,50,6,1952.17
13762.0,204,6,2165.76
13763.0,63,6,5181.99
13764.0,71,6,2953.26
13765.0,653,1,352.821
13766.0,495,1,190.35
13767.0,2,96,35115.68
13768.0,564,8,758.07
13769.0,2,29,5766.63
13770.0,422,4,785.37
13771.0,64,10,5726.07
13772.0,34,9,3094.7200000000003
13773.0,397,2,301.54
13774.0,82,1,345.0
13775.0,591,1,1049.66
13777.0,1,73,56016.57
13778.0,103,5,1116.54
13779.0,516,1,161.13
13780.0,7,3,735.82
13781.0,251,4,770.88
13782.0,13,14,1785.77
13783.0,488,4,1542.09
13784.0,10,15,2897.18
13785.0,429,4,542.49
13786.0,367,8,2736.41
13787.0,76,9,1173.7
13788.0,505,1,3.75
13789.0,388,1,239.46
13790.0,4,1,348.79999999999995
13791.0,43,3,1047.68
13792.0,66,3,383.95
13793.0,647,1,96.0
13794.0,547,1,126.03
13795.0,388,4,836.3
13796.0,499,1,289.7
13797.0,437,4,1168.45
13798.0,1,125,73573.47
13799.0,117,13,2039.82
13800.0,310,3,1679.56
13801.0,67,1,324.8
13802.0,138,24,25491.56
13803.0,255,4,1319.1100000000001
13804.0,31,9,3208.52
13805.0,52,2,924.5999999999999
13806.0,64,1,256.38
13807.0,367,4,509.9
13808.0,6,5,1747.66
13809.0,305,3,679.6999999999999
13810.0,29,4,899.51
13811.0,184,4,591.75
13812.0,42,3,539.0
13813.0,40,12,2686.42
13814.0,56,5,2239.07
13815.0,22,10,7285.79
13816.0,24,4,555.04
13817.0,29,2,382.98
13818.0,430,1,61.28
13819.0,302,7,2631.1
13820.0,418,5,640.4
13821.0,145,7,1387.03
13822.0,6,2,632.0
13823.0,19,8,3358.55
13824.0,33,14,3273.36
13825.0,622,2,255.59
13826.0,158,2,174.65
13827.0,58,3,412.05
13828.0,22,1,209.49
13830.0,574,2,135.95000000000002
13831.0,16,20,7009.18
13832.0,18,3,602.4399999999999
13833.0,159,2,701.36
13834.0,577,3,247.89000000000001
13835.0,25,8,1044.82
13836.0,399,3,602.52
13837.0,212,2,271.24
13838.0,6,10,1966.09
13839.0,486,1,139.95000000000002
13840.0,416,1,651.4
13841.0,253,1,85.0
13842.0,59,19,5604.96
13843.0,381,1,319.75
13844.0,11,1,361.62
13845.0,65,1,312.98
13846.0,25,5,1290.34
13847.0,720,1,310.72
13848.0,92,8,3335.0
13849.0,52,6,3443.8
13850.0,88,2,1586.81
13851.0,96,9,4516.76
13852.0,607,2,170.45000000000002
13853.0,9,2,1056.94
13854.0,9,45,12158.21
13855.0,501,5,1253.94
13856.0,169,15,1058.88
13857.0,393,7,997.11
13858.0,57,1,216.17000000000002
13859.0,326,2,515.86
13860.0,1,6,1240.0
13861.0,429,3,251.31
13862.0,18,11,2534.04
13863.0,245,6,1217.63
13864.0,387,1,662.4000000000001
13865.0,58,4,501.56
13866.0,74,1,145.67
13867.0,31,3,1015.29
13868.0,7,2,3192.54
13869.0,123,10,8111.57
13870.0,2,18,5689.84
13871.0,23,21,7804.95
13872.0,513,6,891.32
13873.0,120,9,1031.02
13874.0,358,10,1989.2
13875.0,54,14,4814.37
13876.0,64,1,122.7
13877.0,86,5,446.33
13878.0,55,4,2473.06
13879.0,646,1,395.5
13880.0,21,17,4391.66
13881.0,4,51,44392.5
13882.0,3,6,1131.28
13883.0,1,26,6342.74
13884.0,7,14,1852.38
13885.0,189,2,506.8
13886.0,71,1,243.56
13887.0,204,1,349.55
13888.0,120,7,2169.05
13889.0,93,8,1855.73
13890.0,1,22,2858.73
13891.0,378,3,863.56
13892.0,27,6,1267.65
13893.0,298,1,821.1
13894.0,22,5,535.97
13895.0,21,8,3923.62
13896.0,626,1,388.55
13897.0,50,3,1160.72
13898.0,326,2,686.4
13899.0,16,2,388.52
13900.0,183,7,1608.0900000000001
13901.0,72,20,5599.34
13902.0,632,8,30411.26
13903.0,400,1,165.45000000000002
13904.0,37,2,332.64
13905.0,571,3,244.45
13906.0,409,1,42.0
13907.0,692,1,136.8
13908.0,80,5,2347.05
13909.0,423,2,286.6
13911.0,57,22,4200.04
13912.0,424,1,124.95
13913.0,507,1,42.22
13914.0,4,3,613.95
13915.0,394,2,31.200000000000003
13916.0,464,5,1260.51
13917.0,50,2,272.04
13918.0,50,2,1212.8400000000001
13919.0,53,5,1326.03
13920.0,432,5,1734.8799999999999
13921.0,399,5,720.75
13922.0,352,5,824.7
13923.0,54,1,351.13
13924.0,2,11,1682.08
13925.0,36,6,616.65
13926.0,23,1,223.85000000000002
13927.0,75,3,689.96
13928.0,11,4,464.57
13929.0,169,14,3318.1
13930.0,58,2,337.34
13931.0,86,12,5250.78
13932.0,295,1,307.4
13933.0,109,2,608.79
13934.0,264,1,922.1
13935.0,597,3,6116.92
13936.0,171,4,924.36
13937.0,169,3,867.38
13938.0,35,1,71.66
13939.0,23,10,1533.66
13940.0,17,4,839.14
13941.0,22,17,10846.15
13942.0,535,1,320.0
13943.0,578,1,246.54000000000002
13944.0,653,1,200.43
13945.0,395,2,854.1500000000001
13946.0,79,7,1745.43
13947.0,65,1,90.60000000000001
13948.0,361,5,536.86
13949.0,3,6,2427.32
13950.0,11,5,728.5600000000001
13951.0,176,3,674.45
13952.0,211,17,12790.891
13953.0,7,12,6640.68
13954.0,2,3,378.59
13955.0,154,3,545.17
13956.0,5,5,1026.42
13957.0,418,3,458.25
13958.0,372,12,4402.33
13959.0,79,6,1076.18
13960.0,21,2,230.22
13961.0,385,2,498.70000000000005
13962.0,22,3,362.8
13963.0,308,18,2899.62
13964.0,387,3,421.9
13965.0,455,5,777.6600000000001
13966.0,435,1,390.86
13967.0,146,2,166.3
13968.0,423,1,123.66
13969.0,7,39,13212.77
13970.0,386,2,846.55
13971.0,9,18,4593.83
13972.0,71,2,190.25
13973.0,287,1,264.7
13974.0,49,4,663.52
13975.0,31,14,5327.29
13976.0,207,4,1192.3600000000001
13977.0,411,1,519.8100000000001
13978.0,15,2,196.79
13979.0,73,11,3326.83
13980.0,60,9,753.12
13981.0,401,2,327.39
13982.0,39,13,4418.79
13983.0,30,30,6993.41
13984.0,27,13,1616.12
13985.0,4,24,9982.31
13986.0,17,1,320.46
13987.0,380,2,682.54
13988.0,20,11,4708.64
13989.0,66,5,2026.06
13990.0,213,1,311.3
13991.0,12,7,850.63
13992.0,30,3,219.5
13993.0,32,24,6690.360000000001
13994.0,4,6,2313.14
13995.0,15,18,3836.26
13996.0,386,2,895.76
13997.0,519,3,382.31
13998.0,447,3,566.7
13999.0,10,36,9438.01
14000.0,206,8,1877.59
14001.0,46,10,4517.34
14002.0,134,2,529.73
14003.0,733,1,209.41
14004.0,43,11,6258.45
14005.0,10,5,2874.72
14006.0,116,7,2196.67
14007.0,513,1,79.48
14008.0,375,2,493.74
14009.0,198,4,1090.23
14010.0,565,3,288.1
14011.0,480,3,451.92
14012.0,278,1,328.8
14013.0,110,6,1006.22
14014.0,77,3,1948.21
14015.0,53,1,917.34
14016.0,154,13,11379.710000000001
14017.0,571,1,229.75
14018.0,645,1,367.15
14019.0,47,4,1398.96
14020.0,17,5,1213.26
14021.0,155,7,1716.58
14022.0,225,2,792.15
14023.0,7,2,584.07
14024.0,122,3,645.74
14025.0,465,10,3969.1
14026.0,471,2,713.11
14027.0,61,1,104.82
14028.0,499,5,3175.5
14029.0,63,2,467.66
14030.0,18,22,8145.59
14031.0,7,55,38025.97
14032.0,2,25,4786.07
14033.0,555,1,109.44
14034.0,22,4,512.02
14035.0,29,11,2852.47
14036.0,285,1,626.65
14037.0,176,7,755.95
14038.0,78,8,3000.93
14039.0,33,2,267.28000000000003
14040.0,41,42,12457.84
14041.0,266,1,141.41
14042.0,725,1,431.98
14043.0,491,3,301.3
14044.0,27,11,3106.15
14045.0,109,19,9660.63
14046.0,284,1,154.99
14047.0,9,19,4158.7300000000005
14048.0,277,4,713.89
14049.0,17,18,13064.03
14050.0,32,2,746.36
14051.0,1,42,22104.5
14052.0,20,2,480.81
14053.0,124,4,572.3
14054.0,65,1,92.46000000000001
14055.0,106,3,1520.96
14056.0,1,29,8124.4
14057.0,24,23,8338.28
14058.0,463,2,469.19
14059.0,267,1,183.6
14060.0,5,32,9503.14
14061.0,507,3,917.4300000000001
14062.0,10,27,25434.83
14064.0,29,21,3039.75
14065.0,389,4,889.37
14066.0,267,1,152.55
14067.0,64,2,374.7
14068.0,320,5,1504.97
14069.0,515,2,230.06
14070.0,685,1,326.55
14071.0,4,9,1307.41
14072.0,667,1,390.85
14073.0,21,2,139.54
14074.0,623,1,219.4
14075.0,5,6,1734.87
14076.0,129,1,122.47
14077.0,41,6,615.08
14078.0,102,9,1692.6299999999999
14079.0,125,2,618.73
14080.0,33,6,1075.73
14081.0,267,16,5250.05
14082.0,365,2,413.36
14083.0,4,11,1407.26
14084.0,512,1,150.5
14085.0,2,34,10092.22
14086.0,463,1,39.95
14087.0,3,5,803.47
14088.0,10,20,62400.02
14089.0,57,1,161.0
14090.0,325,1,76.32000000000001
14091.0,654,2,9530.08
14092.0,8,27,7209.74
14093.0,12,1,442.85
14094.0,440,2,334.27
14095.0,723,1,2.95
14096.0,4,34,57120.909999999996
14097.0,481,2,422.86
14098.0,37,1,147.35
14099.0,16,22,5700.51
14100.0,138,1,194.9
14101.0,74,14,9942.13
14102.0,5,8,1314.73
14104.0,155,5,771.58
14105.0,85,9,5703.9800000000005
14106.0,737,1,214.8
14107.0,52,13,4853.7
14108.0,31,5,1041.21
14109.0,23,2,80.2
14110.0,4,35,12957.6
14111.0,14,5,688.6
14112.0,23,27,5524.51
14113.0,4,31,6156.75
14114.0,274,7,1364.09
14115.0,502,2,622.67
14116.0,20,5,1382.74
14117.0,144,1,90.0
14118.0,429,1,458.45
14119.0,354,3,163.47
14121.0,4,6,2740.3
14122.0,395,5,309.77
14123.0,733,1,436.18
14124.0,84,1,419.58
14125.0,11,3,2740.43
14126.0,8,5,1109.96
14127.0,123,6,1900.0800000000002
14128.0,61,4,909.36
14129.0,2,9,2591.34
14130.0,319,4,1882.67
14131.0,649,1,187.87
14132.0,2,12,3580.13
14133.0,130,6,895.84
14134.0,383,15,11123.35
14135.0,2,25,9605.05
14136.0,401,7,1553.96
14137.0,682,2,294.09999999999997
14138.0,2,2,982.38
14139.0,46,4,1086.8
14140.0,4,3,920.05
14141.0,3,6,879.0300000000001
14142.0,373,4,967.75
14143.0,134,1,115.8
14144.0,486,1,30.6
14145.0,47,8,7006.05
14146.0,9,13,8208.87
14147.0,49,12,2019.3
14148.0,234,2,466.29
14149.0,213,3,259.43
14150.0,36,2,658.64
14151.0,673,3,666.7
14152.0,75,9,1975.44
14153.0,483,1,233.39999999999998
14154.0,239,10,6263.6
14155.0,266,1,118.75
14156.0,10,202,296564.69
14157.0,20,6,970.33
14158.0,40,1,507.65999999999997
14159.0,20,25,7571.88
14160.0,610,7,8421.47
14161.0,216,7,3318.88
14162.0,174,2,289.36
14163.0,87,5,2594.62
14164.0,71,2,1631.77
14165.0,276,1,122.53999999999999
14166.0,505,2,256.85
14167.0,39,8,1296.49
14168.0,421,3,305.9
14169.0,431,2,624.4300000000001
14170.0,375,3,597.33
14171.0,98,2,498.79
14172.0,605,4,389.97
14173.0,11,7,566.95
14174.0,33,1,134.46
14175.0,51,17,7350.4400000000005
14176.0,297,6,913.11
14177.0,85,14,2224.39
14178.0,9,7,1620.93
14179.0,41,2,719.78
14180.0,11,42,6110.75
14181.0,411,2,310.55
14182.0,444,5,660.07
14183.0,411,2,286.29
14184.0,67,1,452.89
14185.0,331,1,197.65
14186.0,427,5,1550.63
14187.0,474,1,123.5
14188.0,9,10,2018.91
14189.0,2,25,5764.62
14190.0,666,1,79.9
14191.0,2,17,4713.41
14192.0,388,1,293.74
14193.0,68,3,1210.19
14194.0,5,54,18442.87
14195.0,202,10,2381.24
14196.0,107,1,335.52
14197.0,411,1,390.05
14198.0,4,13,1527.58
14199.0,218,6,916.5
14200.0,617,1,379.2
14201.0,60,12,1134.14
14202.0,381,3,847.76
14203.0,397,1,339.34
14204.0,2,4,1062.96
14205.0,11,12,1908.3799999999999
14206.0,239,5,1145.21
14207.0,688,1,157.8
14208.0,95,2,567.05
14209.0,11,19,4937.37
14210.0,91,21,5814.320000000001
14211.0,53,26,4301.6900000000005
14212.0,90,2,2190.14
14214.0,31,7,1000.23
14215.0,12,10,3404.53
14216.0,3,6,2142.39
14217.0,2,33,3206.87
14218.0,43,1,169.48000000000002
14219.0,4,3,633.83
14220.0,247,4,1515.0
14221.0,42,19,6506.59
14222.0,177,1,683.17
14223.0,92,4,975.23
14224.0,110,9,1897.9
14225.0,435,5,2015.1200000000001
14226.0,29,9,2967.78
14227.0,26,22,6327.31
14228.0,438,3,745.5
14229.0,52,11,2468.99
14230.0,436,3,979.8000000000001
14231.0,179,6,1131.97
14232.0,32,8,2043.93
14233.0,44,10,2766.96
14234.0,22,4,775.46
14235.0,10,10,4666.99
14236.0,81,7,1732.74
14237.0,373,3,627.04
14238.0,326,3,434.23
14239.0,43,24,4203.72
14240.0,30,3,1247.49
14241.0,184,2,333.7
14242.0,235,2,280.55
14243.0,9,23,7365.360000000001
14244.0,659,2,354.82
14245.0,176,5,1677.48
14246.0,111,3,1474.06
14247.0,278,6,769.71
14248.0,318,3,1032.95
14249.0,411,12,5625.461
14250.0,7,3,1904.05
14251.0,2,5,2879.7000000000003
14252.0,381,1,350.99
14253.0,493,2,363.40000000000003
14254.0,433,1,601.03
14256.0,254,9,2397.34
14257.0,51,10,5942.0
14258.0,9,32,31027.35
14259.0,142,1,120.0
14260.0,471,3,824.28
14261.0,51,2,1163.45
14262.0,8,8,2618.23
14263.0,423,1,322.93
14264.0,155,8,1461.3600000000001
14265.0,109,4,1373.35
14266.0,428,1,40.56
14267.0,151,9,1259.19
14268.0,471,1,354.85
14269.0,435,2,261.68
14270.0,332,1,492.65000000000003
14271.0,226,2,219.13
14272.0,74,4,920.81
14273.0,51,4,559.97
14274.0,686,1,256.6
14275.0,396,6,1189.3799999999999
14276.0,88,13,1929.32
14277.0,15,14,4324.469999999999
14278.0,410,1,205.83
14279.0,521,2,191.86
14280.0,197,1,134.04
14281.0,408,1,245.15
14282.0,3,26,7844.66
14283.0,463,4,628.44
14284.0,31,4,1282.85
14285.0,21,9,3158.6400000000003
14286.0,24,12,8396.7
14287.0,8,4,151.23
14288.0,212,2,413.85
14289.0,9,6,911.26
14290.0,11,14,4208.93
14291.0,2,25,7844.4
14292.0,8,27,8887.9
14293.0,3,10,3174.33
14294.0,407,1,375.34000000000003
14295.0,40,8,2316.06
14296.0,414,3,448.45
14297.0,18,6,1284.06
14298.0,3,84,90489.31
14299.0,8,41,12827.77
14300.0,19,1,43.2
14301.0,108,7,1956.23
14302.0,431,3,742.9000000000001
14303.0,407,2,277.94
14304.0,223,5,1523.81
14305.0,71,5,1803.76
14306.0,51,7,3141.5
14307.0,89,11,5063.08
14309.0,8,12,3747.96
14310.0,433,1,492.1
14311.0,225,3,435.90000000000003
14312.0,47,11,3090.29
14314.0,107,3,221.89999999999998
14315.0,21,10,3168.7200000000003
14316.0,422,6,1355.34
14317.0,65,1,508.58
14318.0,460,1,158.02
14319.0,424,2,476.95000000000005
14320.0,207,7,1204.1200000000001
14321.0,11,8,2198.58
14322.0,427,6,384.3
14323.0,115,4,574.26
14324.0,410,2,701.61
14325.0,570,1,245.48000000000002
14326.0,235,4,923.98
14327.0,163,6,1894.93
14329.0,9,28,9735.52
14330.0,624,1,200.63
14331.0,124,2,462.66
14332.0,23,5,1943.51
14333.0,64,2,351.45
14334.0,17,14,4292.9800000000005
14335.0,16,2,468.26
14336.0,17,4,1614.91
14338.0,158,5,894.1
14339.0,235,5,600.66
14340.0,219,1,134.7
14341.0,45,20,4443.47
14342.0,21,9,842.74
14343.0,421,4,1088.91
14344.0,127,20,3333.7000000000003
14345.0,39,1,108.98
14346.0,121,5,2315.75
14347.0,737,1,82.60000000000001
14348.0,260,1,409.57
14349.0,10,1,133.5
14350.0,271,4,947.8
14351.0,165,1,51.0
14352.0,157,4,1078.96
14353.0,215,3,376.5
14354.0,6,2,163.62
14355.0,366,3,1014.45
14356.0,60,4,666.9399999999999
14357.0,43,1,225.77
14358.0,389,3,384.3
14359.0,19,6,882.58
14360.0,32,4,2128.23
14361.0,579,1,214.71
14362.0,22,1,161.2
14363.0,402,2,227.47000000000003
14364.0,109,8,3717.35
14365.0,395,2,634.68
14366.0,525,1,136.0
14367.0,8,19,9167.82
14368.0,320,1,155.0
14369.0,642,2,469.13
14370.0,451,9,1092.13
14371.0,295,1,100.5
14372.0,443,3,830.1800000000001
14373.0,358,1,76.55
14374.0,541,1,108.0
14375.0,185,3,1132.99
14376.0,683,1,215.46
14377.0,191,2,617.05
14378.0,622,1,131.25
14379.0,44,4,1268.91
14381.0,52,2,631.34
14382.0,26,3,1240.85
14383.0,38,3,1247.69
14384.0,501,1,58.5
14385.0,9,3,202.10999999999999
14386.0,297,1,142.4
14387.0,33,3,1770.56
14388.0,9,20,6589.3
14389.0,9,11,1821.07
14390.0,10,18,6323.33
14391.0,577,1,135.6
14392.0,432,1,266.4
14393.0,218,1,67.95
14394.0,565,1,93.8
14395.0,2,24,8160.81
14396.0,65,7,2121.93
14397.0,1,23,2556.68
14398.0,401,2,707.79
14399.0,394,9,2098.16
14400.0,141,5,1703.0
14401.0,4,25,6703.4
14402.0,652,1,285.6
14403.0,130,9,1822.76
14404.0,34,15,2800.11
14405.0,387,1,195.0
14406.0,119,1,156.75
14407.0,107,9,2111.08
14408.0,11,11,4109.77
14409.0,71,10,3453.69
14410.0,16,17,2122.37
14411.0,311,1,1063.0
14412.0,35,4,1417.49
14413.0,362,4,770.37
14414.0,92,9,2387.48
14415.0,1,32,11915.13
14416.0,22,2,490.22
14417.0,388,1,604.2
14418.0,4,3,1937.25
14419.0,11,7,1260.91
14420.0,85,7,1627.72
14421.0,57,7,2456.62
14422.0,1,21,10200.92
14423.0,218,4,914.96
14424.0,18,1,322.08
14425.0,427,5,635.89
14426.0,19,27,11103.97
14427.0,50,4,1263.52
14428.0,7,7,1230.14
14429.0,404,1,516.28
14430.0,512,5,956.4000000000001
14431.0,299,5,2541.6
14432.0,10,6,2255.51
14433.0,466,1,289.6
14434.0,22,6,1372.8
14435.0,502,1,90.42
14436.0,99,2,271.7
14437.0,143,7,829.94
14438.0,306,1,131.9
14439.0,320,5,9443.04
14440.0,8,15,6526.83
14441.0,1,19,4361.59
14442.0,2,12,5272.02
14443.0,54,8,2351.58
14444.0,456,1,132.04
14445.0,456,1,221.65
14446.0,1,5,1241.31
14447.0,19,6,1711.73
14448.0,9,2,375.35
14449.0,19,8,2482.8
14450.0,181,7,1128.44
14451.0,60,18,3265.59
14452.0,11,4,665.59
14453.0,190,1,119.93
14454.0,376,6,970.7
14455.0,432,5,594.86
14456.0,5,14,3047.63
14457.0,311,1,113.64
14458.0,381,1,237.42
14459.0,155,3,5339.1410000000005
14460.0,110,12,919.6
14461.0,148,14,6697.6
14462.0,64,16,2231.89
14463.0,98,4,786.5699999999999
14464.0,568,2,111.0
14465.0,247,11,3946.03
14466.0,29,13,4646.9
14467.0,18,12,2220.9900000000002
14468.0,734,1,204.24
14469.0,416,4,2112.21
14470.0,12,3,712.04
14471.0,591,2,400.95
14472.0,104,9,2228.22
14473.0,74,2,234.34
14474.0,43,3,1268.13
14475.0,72,7,1025.1200000000001
14476.0,257,1,215.7
14477.0,20,10,1960.61
14478.0,382,4,1276.66
14479.0,254,4,1299.11
14480.0,11,5,1295.27
14481.0,165,6,1935.32
14482.0,18,14,4192.25
14483.0,150,3,249.20000000000002
14484.0,50,4,1070.98
14485.0,39,1,165.75
14486.0,512,2,175.5
14487.0,27,8,1428.11
14488.0,51,2,1047.43
14489.0,207,4,1574.93
14490.0,406,2,1273.47
14491.0,175,2,468.13
14492.0,430,10,1574.3600000000001
14493.0,7,14,5036.05
14494.0,26,3,401.46
14495.0,51,4,166.3
14496.0,312,10,2645.88
14497.0,301,3,679.16
14498.0,43,10,3911.27
14499.0,26,10,2120.62
14500.0,88,3,356.85
14501.0,64,3,190.31
14502.0,20,14,2351.02
14503.0,3,6,3543.26
14504.0,47,4,673.26
14505.0,17,27,11718.8
14506.0,17,7,3290.67
14507.0,24,14,3172.4900000000002
14508.0,22,6,856.09
14509.0,534,1,110.95
14510.0,376,4,991.98
14511.0,11,6,1267.41
14512.0,188,7,1223.47
14513.0,101,7,770.9100000000001
14514.0,61,10,4594.7300000000005
14515.0,18,15,3718.9
14516.0,516,1,163.92
14517.0,33,2,330.45
14518.0,64,1,174.37
14519.0,684,2,206.09
14520.0,2,2,270.6
14521.0,477,2,167.65
14522.0,24,8,1758.62
14523.0,108,1,241.09
14524.0,32,13,2933.71
14525.0,9,21,8129.81
14526.0,389,1,262.4
14527.0,3,190,25774.54
14528.0,37,1,364.21999999999997
14529.0,60,3,620.04
14530.0,26,19,6077.15
14531.0,480,1,376.34
14532.0,236,12,3846.4300000000003
14533.0,25,15,3185.12
14534.0,3,38,5786.42
14535.0,59,11,5872.63
14536.0,260,1,171.8
14537.0,58,3,635.45
14538.0,65,5,1370.8400000000001
14539.0,16,2,537.48
14540.0,10,12,3785.44
14541.0,59,14,2499.68
14542.0,186,1,103.25
14543.0,4,50,12194.01
14544.0,24,3,2982.43
14545.0,674,1,349.25
14546.0,4,20,5001.03
14547.0,4,9,3986.7400000000002
14548.0,151,9,2627.49
14549.0,311,4,916.5500000000001
14550.0,11,4,1353.31
14551.0,18,9,858.59
14552.0,152,3,511.28000000000003
14553.0,19,10,1816.04
14554.0,10,4,2381.04
14555.0,57,7,2306.48
14556.0,596,3,835.34
14558.0,653,5,614.1
14559.0,390,1,75.6
14560.0,7,46,6050.44
14561.0,76,3,1080.76
14562.0,4,30,6363.85
14563.0,510,2,679.44
14564.0,427,5,2519.32
14565.0,96,7,3833.8700000000003
14566.0,111,4,4092.0
14567.0,35,3,1524.46
14568.0,424,2,909.5
14569.0,1,4,598.98
14570.0,281,3,613.75
14571.0,425,1,161.65
14572.0,3,15,5573.28
14573.0,180,17,2571.72
14574.0,733,1,143.70000000000002
14575.0,488,1,460.71
14576.0,372,1,70.80000000000001
14577.0,13,7,1374.25
14578.0,3,1,168.63
14579.0,432,1,105.56
14580.0,518,1,14.85
14581.0,17,2,433.8
14582.0,41,1,114.11
14583.0,6,8,1781.03
14584.0,169,9,1734.91
14585.0,50,5,1143.27
14586.0,227,3,134.16
14587.0,19,10,1598.24
14588.0,578,1,135.39
14589.0,372,1,79.5
14590.0,425,28,2884.29
14591.0,15,4,1447.14
14592.0,35,3,570.46
14593.0,22,18,3615.17
14594.0,7,2,634.83
14595.0,20,8,2164.45
14596.0,627,1,229.47
14597.0,11,6,2201.54
14598.0,44,3,221.97
14599.0,390,2,474.54
14600.0,306,2,865.17
14601.0,11,1,213.96
14602.0,656,1,205.35999999999999
14603.0,275,1,660.0
14604.0,633,1,143.85999999999999
14605.0,374,4,937.16
14606.0,1,259,30094.38
14607.0,16,27,18745.56
14608.0,4,12,3273.44
14609.0,72,11,1366.2
14610.0,396,2,24.35
14611.0,439,3,599.38
14612.0,415,1,877.7
14613.0,680,1,76.32000000000001
14614.0,386,1,295.13
14615.0,394,6,934.26
14616.0,243,5,527.78
14617.0,403,2,190.47
14618.0,9,9,1295.67
14619.0,239,3,1276.31
14620.0,204,3,393.28000000000003
14621.0,1,16,2878.27
14622.0,185,1,320.58000000000004
14623.0,32,12,2030.83
14624.0,57,6,814.07
14625.0,185,18,4391.53
14626.0,9,15,5374.7699999999995
14627.0,312,3,406.40000000000003
14628.0,91,5,1998.0
14629.0,4,3,939.21
14630.0,484,1,338.65
14631.0,51,7,2023.17
14632.0,263,1,114.56
14633.0,266,1,344.90000000000003
14634.0,438,7,1971.82
14635.0,454,1,215.22
14636.0,36,2,609.85
14637.0,677,1,106.68
14638.0,51,1,443.6
14639.0,52,11,4946.81
14640.0,16,16,3464.03
14641.0,22,1,110.46000000000001
14642.0,59,1,96.12
14643.0,170,6,1654.69
14644.0,9,12,2077.47
14645.0,157,4,840.24
14646.0,2,163,523342.07
14647.0,201,2,519.97
14648.0,404,19,4458.21
14649.0,5,11,3754.16
14650.0,589,1,62.5
14651.0,67,9,2034.1200000000001
14652.0,77,1,114.18
14653.0,1,12,3614.54
14654.0,738,1,246.86
14655.0,4,12,3829.23
14656.0,169,5,814.65
14657.0,18,7,1450.92
14658.0,5,2,247.15
14659.0,9,12,2456.53
14660.0,87,2,285.74
14661.0,27,1,107.95
14662.0,29,7,1416.33
14663.0,430,2,490.6
14664.0,20,2,637.89
14665.0,61,9,2172.33
14666.0,24,1,195.25
14667.0,11,61,21720.59
14668.0,445,1,111.63
14669.0,242,7,3243.93
14670.0,280,3,602.0
14671.0,549,2,1127.45
14672.0,235,4,1113.14
14673.0,3,7,3410.81
14674.0,509,1,173.66
14675.0,16,2,1066.9
14676.0,31,16,8285.49
14677.0,593,1,184.91
14678.0,571,2,386.44
14679.0,372,5,1270.4
14680.0,25,87,54801.34
14681.0,71,6,875.1500000000001
14682.0,188,6,1514.81
14683.0,588,1,146.56
14684.0,26,6,1468.55
14685.0,576,13,4324.31
14686.0,414,6,877.88
14687.0,107,3,1402.06
14688.0,8,34,7190.08
14689.0,209,1,112.80000000000001
14690.0,44,5,781.24
14691.0,31,5,2114.33
14692.0,137,13,1735.59
14693.0,265,8,1139.8600000000001
14694.0,617,1,244.31
14695.0,519,4,1552.57
14696.0,4,10,2758.67
14697.0,218,2,188.61
14698.0,2,5,1250.76
14699.0,214,4,702.6
14700.0,32,5,3116.26
14701.0,11,18,4498.9400000000005
14702.0,1,32,6695.72
14703.0,15,1,318.17
14704.0,11,11,1813.57
14705.0,199,1,179.0
14706.0,619,1,390.69
14707.0,436,2,139.2
14708.0,3,6,2182.58
14709.0,15,27,8866.48
14710.0,14,13,1922.59
14711.0,10,12,2838.2
14712.0,29,4,1328.0700000000002
14713.0,9,25,5372.47
14714.0,24,7,896.4
14715.0,25,8,1840.45
14716.0,43,3,565.45
14717.0,733,2,72.8
14718.0,410,1,226.42
14719.0,2,6,1592.18
14720.0,6,3,663.81
14721.0,379,1,115.77
14722.0,147,3,513.37
14723.0,10,11,2093.06
14724.0,590,1,345.25
14725.0,25,5,1264.84
14726.0,655,1,124.75
14727.0,274,4,291.13
14728.0,413,1,190.58
14729.0,374,3,907.38
14730.0,1,8,2005.06
14731.0,47,3,380.02
14732.0,8,24,5447.52
14733.0,9,18,16050.6
14734.0,416,5,1045.47
14735.0,4,59,11909.710000000001
14736.0,485,2,401.08
14737.0,4,4,3554.17
14738.0,39,12,1763.64
14739.0,2,28,12269.57
14740.0,191,13,4068.86
14741.0,12,7,1897.5900000000001
14742.0,435,1,579.85
14743.0,593,1,50.480000000000004
14744.0,16,17,3821.02
14745.0,113,17,2491.46
14746.0,406,4,593.5
14747.0,248,2,294.3
14748.0,29,16,2672.25
14749.0,480,1,310.15
14750.0,736,1,112.03
14751.0,684,2,126.45
14752.0,44,1,389.64000000000004
14753.0,87,2,869.51
14754.0,45,7,1546.28
14755.0,10,30,9851.45
14756.0,15,4,2613.46
14757.0,75,1,420.5
14758.0,145,7,2864.9700000000003
14759.0,5,3,1625.97
14760.0,294,2,53.8
14761.0,59,3,447.92
14762.0,264,2,417.57
14764.0,44,2,250.55
14765.0,29,3,254.11
14766.0,8,14,6431.9800000000005
14767.0,474,1,382.81
14768.0,17,3,139.5
14769.0,3,21,15696.67
14770.0,232,9,3624.8900000000003
14771.0,606,3,579.92
14772.0,112,1,139.26
14773.0,589,2,125.7
14774.0,529,1,241.45000000000002
14775.0,58,3,1418.46
14776.0,51,19,3339.02
14777.0,4,4,239.26000000000002
14778.0,127,2,730.86
14779.0,281,3,386.15
14780.0,55,2,447.68
14782.0,320,1,200.10000000000002
14783.0,655,2,305.35
14784.0,26,3,449.93
14785.0,10,2,77.4
14786.0,550,1,90.96
14787.0,471,1,110.65
14788.0,7,3,1156.32
14789.0,29,1,197.64
14790.0,17,10,2526.62
14791.0,607,1,303.63
14793.0,4,3,611.0500000000001
14794.0,3,13,1889.15
14795.0,166,1,131.45000000000002
14796.0,1,39,10691.12
14797.0,507,1,300.31
14798.0,53,9,715.11
14799.0,51,2,338.15000000000003
14800.0,48,23,7415.59
14801.0,61,1,193.14
14803.0,162,3,845.5500000000001
14804.0,9,1,353.27
14805.0,15,7,1104.64
14806.0,75,2,303.43
14807.0,391,2,519.29
14808.0,40,15,2175.37
14809.0,621,2,686.76
14810.0,41,13,2537.02
14811.0,387,1,170.5
14812.0,599,1,185.8
14813.0,370,4,1090.87
14814.0,581,1,160.46
14815.0,37,2,778.5
14816.0,197,1,271.85
14817.0,200,9,3889.21
14818.0,74,6,1170.41
14819.0,64,4,470.16
14820.0,21,9,1274.76
14821.0,367,7,1286.45
14822.0,485,1,157.7
14823.0,180,3,321.43
14824.0,10,12,3952.51
14825.0,4,27,4886.28
14826.0,582,2,385.2
14828.0,197,14,9803.460000000001
14829.0,29,9,1639.94
14830.0,53,1,197.13
14831.0,574,7,1623.97
14833.0,499,1,94.8
14834.0,18,9,2184.21
14835.0,527,3,293.09999999999997
14836.0,10,3,102.45
14837.0,90,12,3445.82
14838.0,423,2,773.6700000000001
14839.0,418,3,915.28
14840.0,268,3,340.21000000000004
14841.0,53,14,7163.0
14842.0,35,8,2456.8
14843.0,437,1,211.8
14844.0,64,12,6688.43
14845.0,600,1,150.0
14846.0,423,2,406.8
14847.0,149,4,1320.6
14848.0,405,1,310.56
14849.0,22,50,15542.44
14850.0,312,9,1575.21
14851.0,23,3,829.41
14852.0,58,21,6123.63
14853.0,9,7,1351.37
14854.0,78,14,4302.17
14855.0,119,7,6520.3
14856.0,36,3,1311.38
14857.0,60,10,3578.931
14858.0,506,1,180.75
14859.0,13,6,1703.94
14860.0,9,2,168.62
14861.0,52,14,1318.4
14862.0,26,2,841.2
14863.0,29,1,266.76
14865.0,7,4,129.72
14866.0,11,20,20657.77
14867.0,186,19,2901.46
14868.0,3,13,4170.06
14869.0,4,9,2776.8
14870.0,262,9,1794.6000000000001
14871.0,3,9,1258.97
14872.0,481,4,802.68
14873.0,210,2,854.13
14874.0,535,1,116.18
14875.0,9,7,2841.55
14876.0,521,2,256.7
14877.0,418,2,437.0
14878.0,13,28,3812.22
14879.0,685,1,185.06
14880.0,77,3,706.19
14881.0,20,1,255.4
14882.0,27,15,3426.55
14883.0,19,7,756.64
14884.0,669,1,120.6
14885.0,132,4,1496.12
14886.0,253,1,364.8
14887.0,79,1,1862.0
14888.0,207,1,369.2
14889.0,336,1,135.9
14890.0,254,3,817.25
14891.0,148,4,1106.73
14892.0,691,1,202.35000000000002
14893.0,10,6,1782.26
14894.0,85,5,1412.21
14895.0,8,48,24488.82
14896.0,205,10,1973.47
14897.0,8,9,3100.7400000000002
14898.0,23,18,3356.86
14899.0,395,1,1384.88
14900.0,522,1,13.919999999999998
14901.0,11,13,2277.05
14902.0,21,5,1000.27
14903.0,21,10,2744.48
14904.0,2,4,1640.64
14905.0,154,10,1939.69
14907.0,3,23,6094.6900000000005
14908.0,74,2,381.9
14909.0,428,5,1380.98
14910.0,3,7,389.86
14911.0,1,510,270248.53
14912.0,17,11,748.5799999999999
14913.0,36,8,4073.13
14915.0,86,13,1752.65
14916.0,71,11,2888.21
14917.0,597,2,1123.75
14918.0,116,9,5955.81
14919.0,539,1,359.35
14920.0,213,3,1607.17
14921.0,30,2,1316.07
14922.0,394,2,843.74
14923.0,51,1,749.1
14924.0,246,3,931.01
14926.0,382,3,337.65
14927.0,397,1,308.2
14928.0,619,2,204.46
14929.0,32,2,836.69
14930.0,109,9,5136.64
14931.0,5,6,964.6800000000001
14932.0,366,2,1029.66
14933.0,444,5,885.0
14934.0,73,9,2444.1
14935.0,297,2,2849.83
14936.0,9,14,12378.460000000001
14937.0,57,4,1617.63
14938.0,502,4,2289.43
14940.0,418,2,531.49
14941.0,579,1,182.1
14942.0,402,5,706.56
14943.0,663,1,107.62
14944.0,30,24,9674.92
14945.0,414,1,179.4
14946.0,14,1,100.9
14947.0,72,6,1049.79
14948.0,23,7,1066.57
14949.0,460,6,498.55
14950.0,9,2,361.25
14951.0,79,1,311.69
14952.0,46,43,17244.25
14953.0,25,5,1005.37
14954.0,12,2,503.44
14955.0,733,1,163.77
14956.0,421,1,1325.0
14957.0,253,2,333.29
14958.0,147,6,957.94
14959.0,59,5,684.97
14960.0,8,2,221.27
14961.0,11,28,16328.9
14962.0,271,4,366.91
14963.0,10,13,3158.63
14964.0,247,1,206.21
14965.0,96,2,599.0
14966.0,15,6,1115.84
14967.0,50,7,1680.52
14968.0,30,2,504.99
14969.0,704,1,906.23
14970.0,68,16,3593.4
14971.0,35,3,1116.57
14972.0,128,2,145.07
14973.0,107,3,1314.45
14974.0,37,1,114.39
14975.0,57,2,472.39
14976.0,57,8,765.86
14977.0,726,1,31.93
14978.0,72,12,3106.34
14979.0,735,1,439.46000000000004
14980.0,737,1,150.68
14981.0,246,3,313.52
14982.0,572,1,237.78
14983.0,689,1,183.20000000000002
14984.0,19,6,1271.41
14985.0,198,2,296.75
14986.0,376,2,566.9
14987.0,16,9,1632.25
14988.0,212,7,2066.6
14989.0,662,1,342.4
14990.0,612,2,305.42
14991.0,430,1,314.67
14992.0,442,1,210.5
14993.0,564,1,36.13
14994.0,382,8,886.33
14995.0,39,2,233.23000000000002
14996.0,481,2,442.28999999999996
14997.0,46,5,771.38
14998.0,170,4,770.73
14999.0,593,1,129.48000000000002
15000.0,48,1,490.52
15001.0,394,2,230.85999999999999
15002.0,116,9,4817.28
15003.0,473,7,1055.7
15004.0,147,1,1246.32
15005.0,16,76,13763.27
15006.0,51,2,825.14
15007.0,159,1,156.91
15008.0,480,2,360.0
15009.0,12,3,1261.78
15010.0,36,1,308.94
15011.0,396,2,416.6
15012.0,54,3,860.62
15013.0,488,10,1641.3
15014.0,43,2,260.17
15015.0,501,20,2275.82
15016.0,173,6,622.3
15017.0,34,1,125.58
15018.0,39,4,567.51
15019.0,267,1,266.0
15020.0,379,1,203.42
15021.0,9,17,2689.59
15022.0,12,5,1186.09
15023.0,3,23,12092.19
15024.0,10,16,4075.51
15025.0,33,2,1013.09
15026.0,80,5,1061.6100000000001
15027.0,31,13,2974.04
15028.0,8,6,1157.71
15029.0,618,2,362.15
15030.0,72,9,1964.66
15031.0,4,16,2857.37
15032.0,256,10,13285.65
15033.0,5,11,2571.02
15034.0,16,17,8282.45
15035.0,90,1,252.73000000000002
15036.0,72,3,465.55
15037.0,376,2,402.51
15038.0,43,10,1269.96
15039.0,10,107,39742.99
15040.0,542,1,7.49
15041.0,170,2,294.02
15042.0,199,2,315.45
15043.0,31,6,2873.8
15044.0,19,47,15841.53
15045.0,152,3,633.66
15046.0,9,28,7583.38
15047.0,270,1,343.62
15048.0,65,5,479.27
15049.0,274,1,121.17000000000002
15050.0,25,7,4138.87
15051.0,23,10,3920.16
15052.0,319,1,215.78
15053.0,5,3,697.79
15054.0,12,2,302.1
15055.0,475,3,560.07
15056.0,520,1,133.45
15057.0,275,6,3184.56
15058.0,25,17,3377.18
15059.0,41,27,3427.62
15060.0,8,4,303.09000000000003
15061.0,4,138,136391.48
15062.0,71,8,2585.62
15063.0,213,1,370.79999999999995
15064.0,410,4,1254.41
15065.0,38,7,3304.71
15066.0,32,2,760.59
15067.0,78,6,3865.13
15068.0,46,4,1176.85
15069.0,179,1,1109.53
15070.0,373,3,843.25
15071.0,94,4,1455.5600000000002
15072.0,479,1,187.52
15073.0,10,9,2357.04
15074.0,105,3,1566.33
15075.0,78,1,773.03
15076.0,173,5,1425.84
15077.0,456,4,2423.88
15078.0,7,64,17576.52
15079.0,213,17,3686.75
15080.0,428,2,546.25
15081.0,22,13,1948.27
15082.0,669,1,93.35000000000001
15083.0,257,1,88.2
15084.0,380,2,965.1999999999999
15085.0,730,1,347.54
15086.0,565,2,218.53
15087.0,282,1,306.94
15088.0,21,3,1140.27
15089.0,10,6,2420.84
15090.0,308,1,381.32
15091.0,54,6,1023.11
15092.0,215,4,773.16
15093.0,18,34,13657.880000000001
15094.0,463,2,83.0
15095.0,104,11,3135.7400000000002
15096.0,43,1,219.39000000000001
15097.0,4,5,587.05
15098.0,182,5,649.5
15099.0,84,1,410.48
15100.0,330,14,2319.5
15101.0,9,11,1303.49
15102.0,531,2,554.67
15103.0,31,2,703.36
15104.0,167,3,1002.54
15105.0,18,9,3094.91
15106.0,18,7,1407.73
15107.0,311,12,856.26
15108.0,142,5,1291.75
15109.0,241,4,961.9
15110.0,24,9,1480.0
15111.0,29,5,2730.87
15112.0,611,1,209.4
15113.0,10,4,3439.41
15114.0,30,12,3400.12
15115.0,18,3,528.1
15116.0,18,4,1352.75
15117.0,15,9,2484.32
15118.0,134,1,244.8
15119.0,246,1,266.4
15120.0,130,2,343.82
15121.0,50,2,457.72
15122.0,85,16,4461.42
15123.0,7,5,4656.17
15124.0,23,4,450.82
15125.0,25,36,16124.33
15126.0,537,2,449.49
15127.0,66,2,711.5
15128.0,60,9,1732.22
15129.0,50,23,6860.18
15130.0,170,1,330.11
15131.0,395,1,80.28
15132.0,18,5,977.9300000000001
15133.0,128,5,1806.9
15134.0,15,10,1596.29
15135.0,233,3,293.78
15136.0,3,5,1282.45
15137.0,521,5,747.55
15138.0,385,2,486.59000000000003
15139.0,240,2,178.96
15140.0,52,9,3239.44
15141.0,458,9,1378.31
15142.0,46,7,2608.97
15143.0,226,2,563.63
15144.0,8,33,12006.51
15145.0,4,4,1194.73
15146.0,165,3,1313.66
15147.0,219,2,608.65
15148.0,11,1,301.29
15149.0,134,5,1554.6100000000001
15150.0,17,14,8990.58
15151.0,423,2,2085.61
15152.0,10,18,5197.97
15153.0,31,1,329.25
15154.0,74,4,1332.26
15155.0,383,1,383.96999999999997
15156.0,1,3,961.49
15157.0,4,7,2587.54
15158.0,45,3,437.66
15159.0,2,38,22049.4
15160.0,357,4,589.27
15161.0,388,1,119.92
15162.0,729,2,241.5
15163.0,18,2,304.47
15164.0,69,10,2052.02
15165.0,373,1,975.5
15166.0,468,1,167.16
15167.0,321,5,1659.67
15168.0,26,1,106.56
15169.0,382,2,569.22
15170.0,407,1,81.15
15171.0,325,2,1034.5
15172.0,9,5,1624.05
15173.0,381,8,1399.26
15174.0,323,2,481.46
15175.0,72,1,224.14
15176.0,597,2,985.09
15177.0,426,1,948.9300000000001
15178.0,260,1,40.5
15179.0,18,17,7426.82
15180.0,367,3,904.4300000000001
15181.0,66,8,948.45
15182.0,154,14,2942.752
15183.0,548,4,637.03
15184.0,29,4,689.95
15185.0,70,1,310.62
15186.0,14,5,1403.2
15187.0,2,18,4670.08
15188.0,725,1,310.43
15189.0,1,58,17101.13
15190.0,434,1,834.4399999999999
15191.0,463,3,588.05
15192.0,120,5,1981.39
15193.0,61,1,499.32
15194.0,3,39,12187.68
15195.0,3,1,3861.0
15196.0,433,2,316.25
15197.0,9,10,1427.84
15198.0,92,6,559.45
15199.0,59,10,3122.4
15200.0,495,1,549.0500000000001
15201.0,79,14,1525.9
15203.0,26,15,4400.18
15204.0,357,1,316.58
15205.0,85,3,648.8299999999999
15206.0,10,4,420.3
15207.0,410,5,653.77
15208.0,1,7,968.02
15209.0,730,1,178.98000000000002
15210.0,225,3,1176.19
15211.0,60,2,1277.48
15212.0,239,3,195.43
15213.0,319,3,325.05
15214.0,2,8,1661.44
15215.0,45,11,1496.46
15216.0,88,2,486.09000000000003
15217.0,563,1,426.24
15218.0,11,25,11456.0
15219.0,176,2,685.45
15220.0,52,7,1758.92
15221.0,366,7,1816.1
15222.0,319,17,3415.66
15223.0,226,6,1117.1
15224.0,358,8,837.26
15225.0,234,1,409.40000000000003
15226.0,311,1,154.41
15227.0,37,9,2488.4900000000002
15228.0,66,7,5570.52
15229.0,586,1,160.5
15230.0,239,2,429.6
15231.0,596,2,228.36
15232.0,113,2,612.06
15233.0,401,1,59.400000000000006
15234.0,277,1,197.0
15235.0,218,16,2937.81
15236.0,299,1,321.05
15237.0,2,4,1412.32
15238.0,29,5,1056.54
15239.0,10,3,764.34
15240.0,45,20,4315.0
15241.0,67,12,3032.31
15242.0,422,1,302.04
15243.0,74,2,927.28
15244.0,65,4,850.1800000000001
15245.0,134,8,4610.84
15246.0,238,3,780.4
15247.0,122,4,967.11
15248.0,411,4,1865.03
15249.0,32,21,9147.15
15250.0,641,1,60.0
15251.0,9,31,20095.6
15252.0,36,7,2053.06
15253.0,16,12,2033.29
15254.0,127,4,1073.4
15255.0,67,11,3670.77
15256.0,149,2,170.4
15257.0,281,3,600.9
15258.0,169,2,623.16
15259.0,513,4,1182.3799999999999
15260.0,100,30,9098.380000000001
15261.0,135,4,1508.0
15262.0,324,3,418.82
15263.0,107,1,156.51
15264.0,64,3,844.2
15265.0,151,4,3345.64
15266.0,338,6,841.7
15267.0,22,5,1717.36
15268.0,479,4,941.2500000000001
15269.0,24,3,1225.3600000000001
15270.0,16,31,7193.99
15271.0,7,26,4639.29
15272.0,57,6,2085.48
15273.0,600,1,228.96
15274.0,4,2,716.57
15275.0,31,2,609.19
15276.0,66,5,631.03
15277.0,47,2,476.34000000000003
15278.0,562,4,496.16
15279.0,355,7,1541.74
15280.0,172,3,406.21999999999997
15281.0,59,22,8317.62
15282.0,570,1,348.59
15283.0,390,4,135.43
15284.0,500,1,24.75
15285.0,408,1,94.92
15286.0,50,1,240.55
15287.0,22,6,854.58
15288.0,43,10,3883.13
15289.0,29,7,1570.71
15290.0,5,30,10355.58
15291.0,26,53,13451.24
15292.0,201,1,180.94
15293.0,666,1,247.5
15294.0,400,2,222.3
15295.0,654,1,217.23999999999998
15296.0,44,20,10223.93
15297.0,10,4,635.0400000000001
15298.0,2,29,8356.03
15299.0,67,15,7243.62
15300.0,64,1,496.44
15301.0,51,19,7561.21
15302.0,722,2,291.05
15303.0,290,4,1178.78
15304.0,61,11,905.45
15305.0,555,1,93.6
15306.0,64,10,3480.98
15307.0,96,1,205.3
15308.0,271,2,302.27
15309.0,611,10,715.53
15310.0,479,1,1634.64
15311.0,1,270,113513.07
15312.0,75,14,2916.4900000000002
15313.0,110,1,52.0
15314.0,199,4,800.65
15315.0,64,3,551.54
15316.0,327,1,165.0
15317.0,677,2,112.05000000000001
15318.0,4,1,312.62
15319.0,284,1,204.5
15320.0,44,1,267.13
15321.0,49,18,6560.650000000001
15322.0,64,3,1314.15
15323.0,533,4,320.90000000000003
15324.0,701,1,140.22000000000003
15325.0,104,9,1596.81
15326.0,334,10,1529.82
15327.0,53,1,208.75
15328.0,408,1,107.24
15329.0,35,20,2742.98
15330.0,32,2,714.9599999999999
15331.0,500,4,755.41
15332.0,366,6,6553.74
15333.0,208,1,1028.56
15334.0,157,3,351.67
15335.0,54,1,173.97
15336.0,402,1,240.5
15337.0,403,2,344.72
15338.0,677,1,283.43
15339.0,66,11,1634.09
15340.0,562,1,105.5
15341.0,81,3,2401.02
15342.0,116,2,391.76
15343.0,87,1,364.5
15344.0,1,5,476.58
15345.0,35,2,367.69
15346.0,333,4,591.65
15347.0,366,6,1333.9
15348.0,72,1,158.04
15349.0,158,2,473.81
15350.0,373,2,663.25
15351.0,12,15,3615.18
15352.0,549,1,114.95
15353.0,255,8,3154.05
15355.0,29,2,277.05
15356.0,31,13,3464.95
15358.0,5,55,16837.35
15359.0,555,9,162.6
15360.0,40,1,427.93
15361.0,362,4,689.07
15362.0,449,2,613.08
15363.0,241,3,996.1600000000001
15364.0,96,2,913.19
15365.0,26,15,3573.26
15366.0,75,7,2389.08
15367.0,57,13,5005.7300000000005
15368.0,21,2,722.74
15369.0,144,13,1713.3900000000003
15370.0,41,9,3713.51
15371.0,662,1,59.400000000000006
15372.0,137,10,5954.42
15373.0,8,18,3218.59
15374.0,129,2,307.32
15375.0,690,1,60.959999999999994
15376.0,40,3,1233.3600000000001
15377.0,383,5,1179.95
15378.0,463,2,246.5
15379.0,169,9,4806.4400000000005
15380.0,9,13,3422.2
15381.0,214,6,1887.62
15382.0,15,20,13646.5
15384.0,170,5,2014.49
15385.0,40,3,942.08
15386.0,186,1,394.14
15387.0,492,1,468.65
15388.0,270,1,140.54
15389.0,172,5,2733.8
15390.0,396,2,1216.66
15391.0,571,2,282.92
15392.0,5,8,2891.82
15393.0,16,5,891.34
15394.0,10,13,5251.400000000001
15395.0,326,1,107.45
15396.0,113,2,796.38
15397.0,290,1,94.0
15398.0,16,3,1339.63
15399.0,1,3,815.77
15400.0,92,9,1252.8
15401.0,452,2,216.95
15402.0,149,7,1816.64
15403.0,492,2,170.88
15404.0,376,1,257.06
15405.0,189,2,659.84
15406.0,18,6,891.77
15407.0,34,4,1056.44
15408.0,264,1,267.18
15409.0,702,2,117.2
15410.0,84,10,4685.72
15411.0,26,5,1346.38
15412.0,171,1,190.53
15414.0,10,3,774.9000000000001
15415.0,313,1,572.8100000000001
15416.0,65,9,4554.650000000001
15417.0,85,1,508.8
15418.0,425,2,452.32
15419.0,25,1,135.86
15420.0,434,6,743.0
15421.0,59,10,3805.34
15422.0,323,8,1615.02
15423.0,38,4,219.14
15424.0,254,3,597.78
15425.0,400,4,1944.57
15426.0,19,11,2592.95
15427.0,33,3,1483.14
15428.0,15,4,762.75
15429.0,27,3,364.9
15430.0,468,3,903.75
15431.0,503,1,153.24
15432.0,23,4,301.26
15433.0,79,3,417.87
15434.0,8,13,2517.11
15435.0,22,1,149.29
15436.0,12,3,1122.53
15437.0,262,2,393.45
15438.0,131,1,156.57999999999998
15439.0,405,4,1269.05
15440.0,55,3,383.68
15441.0,396,3,1254.21
15442.0,249,1,594.0
15443.0,2,16,5116.14
15444.0,9,2,1418.26
15445.0,264,2,284.5
15446.0,377,5,398.85
15447.0,331,6,484.93
15448.0,313,2,788.8100000000001
15449.0,26,5,971.22
15450.0,30,1,429.84
15451.0,434,2,233.21
15452.0,30,6,1799.1100000000001
15453.0,2,7,1388.37
15454.0,362,2,307.69
15455.0,598,1,38.25
15456.0,283,10,2119.27
15457.0,262,1,237.07
15458.0,25,2,370.44
15459.0,417,2,202.83
15460.0,354,1,216.76
15461.0,461,3,391.29999999999995
15462.0,94,4,737.05
15463.0,29,1,126.14
15464.0,338,1,1048.85
15465.0,20,39,12226.15
15466.0,85,4,1571.01
15467.0,9,4,511.88
15468.0,35,7,1387.48
15469.0,43,6,834.4
15470.0,576,1,63.419999999999995
15471.0,2,3,1316.56
15472.0,113,1,371.56
15473.0,14,11,1740.0
15474.0,596,1,163.1
15475.0,77,1,454.11
15476.0,380,5,2180.28
15477.0,650,1,368.4
15478.0,40,3,2024.98
15479.0,733,1,147.4
15480.0,116,7,3592.25
15481.0,401,1,1993.34
15482.0,16,24,8107.83
15483.0,161,10,862.2
15484.0,1,7,4624.8
15485.0,30,8,5624.51
15486.0,527,1,102.0
15487.0,680,1,231.32
15488.0,93,5,431.92
15489.0,23,12,2327.36
15490.0,430,2,188.1
15491.0,95,7,3090.85
15492.0,28,2,659.46
15493.0,33,11,4280.43
15494.0,21,6,3770.9500000000003
15495.0,379,1,246.5
15496.0,631,1,146.14
15497.0,18,11,8643.46
15498.0,1,55,23860.81
15499.0,724,1,161.6
15500.0,8,4,1131.56
15501.0,405,2,402.5
15502.0,16,27,8673.53
15503.0,363,2,267.15
15504.0,81,5,413.9
15505.0,53,7,3497.14
15506.0,23,6,2040.03
15507.0,172,1,492.36
15508.0,189,6,1000.27
15509.0,380,1,166.51
15510.0,331,1,250.0
15511.0,12,5,909.23
15512.0,156,4,331.58
15513.0,31,41,27264.45
15514.0,12,20,5422.28
15515.0,387,1,171.81
15516.0,45,3,62.43
15517.0,233,1,267.03
15518.0,64,23,4103.78
15519.0,383,2,344.61
15520.0,2,1,343.5
15521.0,36,24,6674.44
15522.0,33,2,398.84
15523.0,84,18,17220.04
15524.0,25,2,591.4
15525.0,2,5,1280.8
15526.0,33,2,148.44
15527.0,19,31,5041.78
15528.0,254,1,229.33
15529.0,23,13,5084.5
15530.0,22,5,1813.72
15531.0,8,2,2007.44
15532.0,25,12,3708.05
15533.0,19,5,746.92
15534.0,726,1,162.25
15535.0,173,10,985.82
15536.0,409,1,259.09
15537.0,163,1,110.92
15538.0,538,11,3027.15
15539.0,7,1,538.46
15540.0,11,2,460.68
15541.0,114,1,85.13000000000001
15542.0,512,4,895.9
15543.0,288,2,242.84
15544.0,9,26,8134.12
15545.0,54,2,428.05
15546.0,607,3,539.5500000000001
15547.0,7,28,10140.89
15548.0,596,1,158.09
15549.0,77,9,2308.46
15550.0,4,14,1995.6000000000001
15551.0,37,9,1659.28
15552.0,217,2,252.52
15553.0,60,1,437.23
15554.0,278,1,217.2
15555.0,12,46,11744.08
15556.0,24,1,279.77
15557.0,29,1,473.65000000000003
15558.0,639,2,143.32999999999998
15559.0,568,1,1109.4
15560.0,398,2,153.52
15561.0,12,9,1856.54
15562.0,352,3,673.3800000000001
15563.0,9,11,2781.21
15564.0,463,2,70.74000000000001
15565.0,50,2,173.16000000000003
15566.0,393,2,227.87
15567.0,19,1,186.01
15568.0,3,3,758.29
15569.0,104,10,3586.35
15570.0,7,27,9246.99
15571.0,12,14,4051.63
15572.0,5,10,4068.67
15573.0,32,5,1207.18
15574.0,178,7,1476.7
15575.0,620,1,30.1
15576.0,38,1,940.67
15577.0,151,5,397.98
15578.0,162,1,127.1
15579.0,69,7,1267.25
15580.0,377,14,1221.95
15581.0,121,43,5797.780000000001
15582.0,25,3,682.9100000000001
15583.0,376,1,107.86
15584.0,24,7,1275.0
15585.0,177,1,455.3
15586.0,591,4,1128.66
15587.0,50,7,1522.08
15588.0,678,1,579.6
15589.0,253,4,456.58
15590.0,289,6,1466.41
15591.0,583,3,217.9
15592.0,47,1,388.58
15593.0,71,1,199.8
15594.0,16,6,1767.53
15595.0,488,1,357.59999999999997
15596.0,101,16,3023.59
15597.0,30,3,554.52
15598.0,35,4,543.02
15599.0,27,3,1250.06
15600.0,428,5,1178.71
15601.0,11,35,14919.220000000001
15602.0,8,25,2975.9700000000003
15603.0,79,3,74.73
15604.0,52,1,216.39000000000001
15605.0,36,10,1933.4
15606.0,57,19,4733.47
15607.0,337,13,1578.57
15608.0,28,5,1785.98
15609.0,183,2,270.03000000000003
15610.0,52,1,112.46000000000001
15611.0,10,32,2858.37
15612.0,36,2,195.15
15613.0,610,1,433.71999999999997
15614.0,428,7,3008.86
15615.0,10,54,21282.07
15616.0,438,1,317.11
15617.0,396,3,828.5500000000001
15618.0,33,5,747.031
15619.0,11,1,336.4
15620.0,50,8,1909.93
15621.0,4,6,1158.77
15622.0,3,30,7318.08
15623.0,141,8,2437.05
15624.0,117,4,588.13
15625.0,100,14,3203.25
15626.0,75,4,1049.37
15627.0,457,2,566.9
15628.0,5,21,5603.360000000001
15629.0,450,4,2240.9
15630.0,45,4,1475.45
15631.0,642,1,596.67
15632.0,16,10,3147.31
15633.0,509,18,4173.41
15634.0,17,2,554.65
15635.0,396,1,100.35
15636.0,90,4,1444.58
15637.0,53,5,797.59
15638.0,301,9,2137.2
15639.0,134,5,1028.33
15640.0,4,34,23835.41
15641.0,105,12,5345.55
15642.0,730,1,105.78
15643.0,179,6,647.4
15644.0,166,4,813.0
15645.0,19,4,1042.57
15646.0,158,6,952.11
15647.0,415,1,169.0
15648.0,204,4,599.9
15649.0,336,4,2170.35
15650.0,515,3,539.03
15651.0,37,5,1259.06
15652.0,91,6,1411.84
15653.0,93,2,877.44
15654.0,9,2,922.53
15655.0,233,2,511.32
15656.0,45,4,748.5
15657.0,23,1,30.0
15658.0,190,13,2270.34
15659.0,44,3,532.49
15660.0,25,18,2764.14
15661.0,317,8,1215.95
15662.0,661,2,283.73
15663.0,106,1,138.14
15664.0,51,7,1212.35
15665.0,168,5,4015.12
15666.0,472,2,632.94
15667.0,40,1,301.32000000000005
15668.0,218,1,76.32000000000001
15669.0,40,5,677.69
15670.0,297,3,315.2
15671.0,19,10,2635.4900000000002
15672.0,725,1,45.300000000000004
15673.0,88,10,6409.84
15674.0,73,18,6217.85
15675.0,81,4,542.04
15676.0,9,5,3324.09
15677.0,49,3,1305.6299999999999
15678.0,53,3,1893.89
15679.0,24,4,781.28
15680.0,9,12,4464.4800000000005
15681.0,18,16,2480.2
15682.0,599,3,316.99
15683.0,117,2,524.54
15684.0,547,6,147.79999999999998
15685.0,450,1,55.980000000000004
15686.0,420,1,90.0
15687.0,9,11,2981.5
15688.0,419,1,190.57
15689.0,120,3,521.03
15690.0,4,2,239.76
15691.0,252,5,511.8
15692.0,28,1,191.04
15693.0,659,1,37.5
15694.0,1,29,10566.46
15695.0,267,4,1131.04
15696.0,33,21,3757.4700000000003
15697.0,690,1,246.75
15698.0,624,1,46.2
15699.0,18,1,309.65
15700.0,172,3,664.03
15701.0,2,4,1542.14
15702.0,476,2,140.39
15703.0,265,1,211.5
15704.0,140,8,3744.1800000000003
15705.0,201,1,143.1
15706.0,60,7,1001.8100000000001
15707.0,35,4,945.58
15708.0,41,14,4323.9800000000005
15709.0,284,2,327.85
15710.0,417,1,898.87
15711.0,557,2,420.25
15712.0,9,13,3467.46
15713.0,143,6,985.99
15714.0,12,5,784.8100000000001
15715.0,556,5,658.02
15716.0,146,11,3056.81
15717.0,234,5,607.0
15718.0,540,1,293.79
15719.0,33,39,10134.36
15720.0,24,2,741.92
15721.0,12,1,507.08000000000004
15722.0,36,15,5120.05
15723.0,365,4,947.65
15724.0,201,5,299.8
15725.0,15,1,415.25
15726.0,390,1,321.91
15727.0,17,15,9445.51
15728.0,49,3,409.80000000000007
15729.0,198,5,154.7
15730.0,66,7,1708.18
15731.0,554,1,125.3
15732.0,212,12,1637.52
15733.0,283,1,162.3
15734.0,115,4,2263.3
15735.0,421,1,327.68
15736.0,430,3,1717.27
15737.0,15,12,1121.21
15738.0,19,45,13342.12
15739.0,66,1,449.12
15740.0,49,1,154.88
15741.0,458,2,208.62
15742.0,619,1,156.87
15743.0,16,4,784.46
15744.0,78,1,34.8
15745.0,9,6,1071.24
15746.0,134,2,182.96
15747.0,13,10,2560.66
15748.0,40,3,614.76
15749.0,235,4,21535.9
15750.0,3,24,6692.551
15751.0,461,14,1318.84
15752.0,40,10,4199.09
15753.0,305,1,79.2
15754.0,51,12,3001.86
15755.0,1,20,5936.95
15756.0,61,4,532.96
15757.0,66,6,2940.36
15758.0,25,1,205.25
15759.0,218,10,810.98
15761.0,443,1,143.05
15762.0,65,2,583.75
15763.0,32,3,1048.67
15764.0,81,14,4453.28
15765.0,667,1,370.63
15766.0,64,4,799.6600000000001
15768.0,116,36,15559.460000000001
15769.0,7,51,84269.38
15770.0,613,1,321.45
15771.0,604,3,1006.54
15772.0,418,1,280.88
15773.0,6,2,774.52
15774.0,69,7,1324.2
15775.0,245,2,150.5
15776.0,133,1,241.62
15777.0,241,9,1732.16
15778.0,431,1,307.95000000000005
15779.0,463,2,124.08000000000001
15780.0,184,3,475.28000000000003
15781.0,25,4,333.56
15782.0,10,6,3985.65
15783.0,11,1,246.3
15784.0,468,2,848.33
15785.0,30,26,5825.33
15786.0,44,9,8392.85
15787.0,26,3,948.05
15788.0,501,2,215.53
15789.0,358,7,1932.01
15790.0,10,1,220.85
15791.0,44,9,3541.79
15792.0,400,2,933.84
15793.0,9,9,2382.92
15794.0,736,2,777.0
15795.0,150,8,1979.8700000000001
15796.0,1,22,5019.95
15797.0,113,6,2821.08
15798.0,493,3,1535.37
15799.0,76,4,1424.29
15800.0,107,7,1242.58
15801.0,46,4,1042.19
15803.0,51,4,1929.66
15804.0,1,19,3848.55
15805.0,23,40,9708.92
15806.0,46,3,784.58
15807.0,50,6,1807.57
15808.0,306,24,18248.83
15809.0,36,9,862.88
15810.0,79,13,2724.8
15811.0,17,10,3843.2200000000003
15812.0,107,13,5186.17
15813.0,208,2,1303.9099999999999
15814.0,3,8,2531.84
15815.0,64,5,2100.6
15816.0,542,3,93.3
15817.0,421,3,2766.4
15818.0,588,1,340.5
15819.0,49,11,3911.28
15820.0,320,1,206.98
15821.0,44,2,570.96
15822.0,3,8,1777.91
15823.0,337,6,3033.86
15824.0,453,2,890.94
15825.0,172,1,532.94
15826.0,51,6,2583.13
15827.0,73,42,3430.96
15828.0,375,1,1108.82
15829.0,99,2,636.14
15830.0,29,2,547.7
15831.0,58,4,747.76
15832.0,254,1,836.79
15833.0,738,1,80.4
15834.0,70,9,3600.29
15835.0,44,4,954.09
15836.0,45,2,117.47
15837.0,65,2,777.01
15838.0,11,38,73404.11
15839.0,25,5,1020.74
15840.0,59,3,345.65999999999997
15841.0,64,12,2716.5
15842.0,388,3,528.75
15843.0,304,1,118.95
15844.0,46,1,130.73999999999998
15845.0,18,14,4273.650000000001
15846.0,385,1,107.01
15847.0,38,5,822.57
15848.0,622,1,139.94
15850.0,19,6,1058.72
15851.0,527,1,109.73
15852.0,187,3,257.26
15853.0,52,1,110.8
15854.0,4,21,5583.81
15855.0,137,6,1052.72
15856.0,4,58,33817.44
15857.0,19,2,570.48
15858.0,16,15,3917.87
15859.0,432,1,438.46
15860.0,41,17,2505.21
15861.0,12,15,4217.99
15862.0,8,13,2928.29
15863.0,26,5,358.7
15864.0,22,9,2014.22
15865.0,41,5,2248.92
15866.0,101,1,230.53
15867.0,5,35,8974.85
15868.0,583,1,94.53
15869.0,277,3,323.65999999999997
15870.0,33,4,862.61
15871.0,437,1,33.099999999999994
15872.0,15,4,795.68
15873.0,493,5,138.23999999999998
15874.0,63,25,11135.0
15875.0,646,1,111.72
15876.0,409,2,1449.14
15877.0,2,3,440.78
15878.0,562,2,330.77
15879.0,404,4,1157.3
15880.0,369,2,626.56
15881.0,312,8,438.24
15882.0,199,10,1448.91
15883.0,2,2,396.48
15884.0,432,3,243.75000000000003
15885.0,93,20,1737.57
15886.0,60,4,1052.8700000000001
15887.0,407,3,1027.15
15888.0,80,4,402.12
15889.0,157,9,1795.83
15890.0,395,5,535.65
15891.0,227,1,524.52
15892.0,669,1,128.2
15893.0,482,1,305.28000000000003
15894.0,253,2,420.29
15895.0,150,1,179.17
15897.0,194,2,222.05
15898.0,1,29,5534.36
15899.0,369,1,112.5
15900.0,24,5,890.5
15901.0,17,9,684.23
15902.0,380,1,145.01
15903.0,10,15,8859.82
15904.0,8,1,164.68
15905.0,543,1,114.69
15906.0,20,12,2467.89
15907.0,4,3,967.45
15908.0,491,2,764.57
15909.0,174,1,191.94
15910.0,1,15,2681.8
15911.0,448,10,1401.55
15912.0,178,9,1074.7
15913.0,534,1,6.300000000000001
15914.0,378,2,205.99
15915.0,402,1,429.21
15916.0,16,17,3277.67
15917.0,248,5,560.63
15918.0,191,3,582.88
15919.0,20,2,910.61
15920.0,154,9,571.64
15921.0,173,4,802.11
15922.0,372,2,727.2
15923.0,373,1,254.16
15924.0,731,1,102.82
15925.0,194,1,207.15
15926.0,542,1,134.44
15927.0,647,1,123.39000000000001
15928.0,656,1,293.53
15929.0,644,1,594.0
15930.0,67,1,426.63
15931.0,428,1,239.9
15932.0,4,11,2461.85
15933.0,21,3,1107.46
15934.0,418,2,2190.66
15935.0,239,3,108.03999999999999
15936.0,379,2,282.79
15937.0,64,1,145.35000000000002
15938.0,112,9,734.8100000000001
15939.0,90,17,9047.64
15941.0,513,2,230.6
15942.0,134,1,337.44
15943.0,650,2,271.28999999999996
15944.0,277,4,2164.24
15945.0,365,4,827.27
15946.0,503,3,2304.18
15947.0,83,1,1708.24
15948.0,8,3,1509.0900000000001
15949.0,17,2,364.72
15950.0,2,13,6938.51
15951.0,1,4,974.52
15952.0,34,4,806.57
15953.0,15,21,3524.7
15954.0,589,1,190.75
15955.0,24,25,8622.61
15956.0,551,2,617.6
15957.0,32,3,930.1
15958.0,74,4,492.99
15959.0,682,3,579.49
15960.0,374,5,394.0
15961.0,379,1,451.28999999999996
15962.0,449,1,295.83
15963.0,20,2,470.76
15964.0,663,1,272.96000000000004
15965.0,17,14,2999.34
15966.0,444,2,399.58
15967.0,23,13,3019.2
15968.0,388,1,418.05
15969.0,3,6,1043.85
15970.0,304,2,1017.3199999999999
15971.0,18,20,4930.43
15972.0,456,5,1810.27
15973.0,236,5,780.39
15974.0,39,8,3429.55
15975.0,84,1,371.01
15976.0,165,6,1746.64
15977.0,17,2,1054.73
15978.0,77,5,3272.62
15979.0,603,1,329.21999999999997
15980.0,89,9,6546.28
15981.0,25,27,9268.07
15982.0,605,1,324.51
15983.0,22,8,3958.82
15984.0,3,32,8671.12
15985.0,123,8,2610.28
15986.0,30,2,354.42
15987.0,12,8,1682.13
15988.0,19,3,770.09
15989.0,376,2,372.51
15990.0,44,7,2010.05
15991.0,534,1,150.55
15992.0,4,3,896.6
15993.0,9,10,2756.82
15994.0,55,5,1198.84
15995.0,414,1,696.19
15996.0,88,8,1671.0
15998.0,37,21,8220.39
15999.0,736,1,20.4
16000.0,3,3,12393.7
16001.0,381,2,519.0600000000001
16002.0,625,1,169.21
16003.0,30,10,5613.83
16004.0,475,5,2146.39
16005.0,12,11,2403.77
16006.0,211,2,347.17
16007.0,48,7,3075.14
16008.0,24,15,5384.13
16009.0,22,4,992.71
16010.0,246,12,1722.1100000000001
16011.0,8,30,5867.01
16012.0,35,5,2989.79
16013.0,4,94,52788.92
16014.0,36,6,1121.02
16015.0,4,4,690.54
16016.0,3,14,2495.04
16017.0,47,5,1553.83
16018.0,39,4,698.13
16019.0,2,35,16640.15
16020.0,17,3,851.01
16021.0,395,2,532.25
16022.0,260,1,628.28
16023.0,46,3,719.81
16024.0,12,3,484.2
16025.0,30,1,439.65999999999997
16026.0,43,1,236.09
16027.0,92,18,1799.8400000000001
16028.0,596,1,82.2
16029.0,39,125,91800.91
16030.0,310,1,331.24
16031.0,92,2,548.94
16032.0,456,6,1970.45
16033.0,6,36,10692.39
16034.0,196,7,925.77
16035.0,560,1,217.73
16036.0,87,4,2556.84
16037.0,270,7,1489.44
16038.0,8,4,454.33
16039.0,424,3,449.65
16040.0,65,8,2383.7000000000003
16041.0,31,3,3166.4
16042.0,22,11,2153.0
16043.0,38,8,1856.5900000000001
16044.0,435,1,340.84000000000003
16045.0,120,9,3187.03
16046.0,562,1,235.78
16047.0,682,1,107.14
16048.0,86,6,1056.53
16049.0,40,6,1899.68
16050.0,174,3,300.7
16051.0,682,1,188.44
16052.0,54,1,362.06
16053.0,33,8,3606.14
16054.0,145,7,2090.68
16055.0,221,1,134.8
16056.0,45,1,664.85
16057.0,4,17,3202.07
16058.0,406,1,62.7
16059.0,66,12,3217.77
16060.0,401,3,541.95
16061.0,269,3,44.95
16062.0,10,8,2863.45
16063.0,260,1,335.32
16064.0,725,1,111.0
16065.0,365,10,2365.62
16066.0,17,5,1521.87
16067.0,563,6,3026.19
16068.0,594,1,122.93
16069.0,418,1,457.7
16070.0,22,2,852.15
16071.0,45,4,1076.8
16072.0,288,4,4328.89
16073.0,292,2,94.35000000000001
16074.0,390,1,265.25
16075.0,503,3,726.98
16076.0,3,11,2173.53
16077.0,574,2,599.9999999999998
16078.0,284,2,362.99
16079.0,17,3,1352.0
16080.0,82,6,472.90000000000003
16081.0,56,8,4460.18
16082.0,670,1,106.75
16083.0,101,4,2351.42
16084.0,299,1,436.18
16085.0,23,13,2337.73
16086.0,59,11,2862.91
16087.0,389,5,1739.92
16088.0,576,2,1437.43
16089.0,386,2,271.44
16090.0,624,1,205.91
16091.0,155,2,315.06
16092.0,99,10,1515.49
16093.0,107,1,17.0
16094.0,12,19,3599.16
16095.0,456,1,447.05
16096.0,264,4,1584.97
16097.0,240,1,185.04999999999998
16098.0,88,14,4448.1
16099.0,50,8,1568.25
16100.0,463,1,582.64
16101.0,9,7,3167.42
16102.0,42,3,1842.14
16103.0,7,27,6002.76
16104.0,62,11,2515.36
16105.0,249,5,2386.19
16106.0,66,1,108.38
16107.0,18,7,3204.1600000000003
16108.0,85,8,2171.93
16109.0,219,4,923.5799999999999
16110.0,45,4,1819.27
16111.0,428,1,562.48
16112.0,143,4,195.74
16113.0,183,1,161.38
16114.0,171,1,135.75000000000003
16115.0,10,12,2575.14
16116.0,206,2,592.88
16117.0,190,4,650.05
16118.0,393,5,4255.43
16119.0,8,8,1720.81
16120.0,59,7,3041.91
16121.0,57,6,1457.19
16122.0,73,6,1001.34
16123.0,52,1,307.78000000000003
16124.0,316,6,1709.39
16125.0,367,14,4587.65
16126.0,29,15,14646.800000000001
16127.0,39,2,801.3100000000001
16128.0,18,14,3748.4
16129.0,407,3,1396.05
16130.0,422,4,987.48
16131.0,52,15,9866.27
16132.0,544,2,664.1999999999999
16133.0,4,78,22228.88
16134.0,22,7,2119.9900000000002
16135.0,263,2,819.45
16136.0,60,5,921.08
16137.0,680,1,422.7
16138.0,368,4,894.45
16139.0,19,5,1111.15
16140.0,53,5,1536.19
16141.0,88,2,955.94
16142.0,250,1,535.34
16143.0,3,16,4866.88
16144.0,247,1,175.2
16145.0,9,29,6693.6
16146.0,157,4,946.38
16147.0,134,7,2367.02
16148.0,296,4,370.37
16149.0,5,3,422.21999999999997
16150.0,39,20,4154.69
16152.0,269,1,1829.04
16153.0,50,13,5037.51
16155.0,382,6,781.05
16156.0,9,26,5933.59
16157.0,16,4,644.24
16158.0,522,10,611.32
16159.0,282,5,1230.29
16160.0,64,4,1009.4499999999999
16161.0,2,57,12448.960000000001
16162.0,252,1,37.4
16163.0,225,14,2263.63
16164.0,17,4,802.53
16165.0,505,1,79.9
16166.0,428,4,327.48
16167.0,414,6,1149.87
16168.0,11,73,10539.08
16169.0,8,4,1822.97
16170.0,51,25,6813.67
16171.0,59,1,73.19999999999999
16172.0,95,8,1884.55
16173.0,16,7,1406.57
16174.0,126,7,2246.75
16175.0,94,7,1836.44
16176.0,421,7,1964.04
16177.0,50,12,2141.61
16178.0,138,2,612.6
16179.0,61,1,215.83
16180.0,100,16,16170.27
16181.0,73,1,305.54
16182.0,72,9,9971.65
16183.0,67,4,1077.81
16184.0,64,7,1155.54
16185.0,17,3,644.72
16186.0,23,30,8983.91
16187.0,32,17,6841.24
16188.0,45,6,1077.71
16189.0,16,2,215.48
16190.0,40,8,2723.55
16191.0,3,40,15162.12
16192.0,736,1,351.3
16193.0,237,2,630.4300000000001
16194.0,375,1,308.6
16195.0,723,1,323.25
16196.0,489,1,93.3
16197.0,469,9,2016.71
16198.0,75,2,1030.0410000000002
16199.0,392,7,942.75
16200.0,4,13,5629.95
16201.0,3,6,2070.17
16202.0,361,11,2467.04
16203.0,59,7,1110.79
16204.0,23,4,939.24
16205.0,31,7,1830.61
16206.0,55,14,2597.37
16207.0,25,1,394.38
16208.0,45,10,3440.4500000000003
16209.0,89,9,4146.78
16210.0,2,37,38304.06
16211.0,81,4,1086.34
16212.0,19,5,1284.56
16213.0,79,1,159.0
16214.0,171,4,2038.25
16215.0,81,1,242.35
16216.0,267,1,914.9300000000001
16217.0,235,4,259.39000000000004
16218.0,30,19,4343.6
16219.0,501,1,40.8
16221.0,37,10,2229.0099999999998
16222.0,318,2,1345.22
16223.0,375,2,1102.3500000000001
16224.0,57,5,1616.54
16225.0,45,18,2821.91
16226.0,203,5,672.17
16227.0,219,6,948.82
16228.0,374,4,886.16
16229.0,87,7,2835.36
16230.0,190,2,542.03
16231.0,379,4,1078.22
16232.0,33,10,2692.02
16233.0,71,12,1818.71
16234.0,474,4,312.78000000000003
16235.0,41,11,1990.6100000000001
16236.0,78,1,432.2
16237.0,437,1,136.65
16238.0,423,1,63.66
16239.0,57,7,1450.9
16240.0,8,5,3693.81
16241.0,10,16,4329.31
16242.0,8,18,7433.3
16243.0,34,2,409.1
16244.0,212,2,2579.38
16245.0,24,5,1352.36
16246.0,460,2,827.25
16247.0,170,1,114.56
16248.0,62,1,152.94
16249.0,53,5,1800.07
16250.0,261,3,791.38
16251.0,512,1,128.31
16253.0,32,9,7276.91
16254.0,378,3,985.14
16255.0,17,19,4834.39
16256.0,258,4,1609.57
16257.0,177,1,46.95
16258.0,45,16,11833.52
16259.0,410,3,361.94
16260.0,51,1,1035.45
16261.0,17,6,1059.45
16262.0,361,3,677.78
16263.0,423,1,351.01
16264.0,438,2,837.53
16265.0,9,15,6893.62
16266.0,74,14,1757.95
16267.0,591,1,186.66
16268.0,71,2,667.65
16269.0,428,2,714.59
16270.0,353,1,1141.24
16271.0,3,11,3457.07
16272.0,117,1,411.7
16273.0,648,2,336.03999999999996
16274.0,373,1,715.9
16275.0,197,3,2151.11
16276.0,177,3,2629.3900000000003
16277.0,734,1,188.69
16278.0,23,7,1056.59
16279.0,21,10,5692.18
16280.0,725,1,238.05
16281.0,72,4,3416.52
16282.0,340,3,1307.5800000000002
16283.0,6,12,4311.37
16284.0,31,3,1029.77
16285.0,646,1,176.9
16286.0,477,4,263.65000000000003
16287.0,170,5,1006.98
16288.0,470,1,129.85
16289.0,462,2,98.81
16290.0,465,4,2069.3
16291.0,682,1,117.72
16292.0,117,9,1171.46
16293.0,9,19,4632.2
16294.0,477,1,126.05000000000001
16295.0,10,4,1328.55
16296.0,626,6,1245.97
16297.0,213,4,275.4
16298.0,23,9,1080.0
16299.0,473,2,178.65
16300.0,430,3,1392.43
16301.0,737,1,107.33
16302.0,108,2,212.82
16303.0,26,9,7823.72
16304.0,695,1,381.66
16305.0,139,1,361.22
16306.0,214,10,1162.82
16307.0,429,3,1194.92
16308.0,38,7,5120.0
16309.0,92,3,686.6700000000001
16310.0,414,2,460.08
16311.0,18,2,616.26
16312.0,432,1,171.15
16313.0,3,2,274.15000000000003
16314.0,390,3,1491.4
16315.0,331,2,402.71
16316.0,64,19,5533.31
16317.0,120,6,2179.76
16318.0,35,1,328.15000000000003
16319.0,218,1,404.40000000000003
16320.0,172,8,4428.849999999999
16321.0,72,10,265.5
16322.0,1,2,326.75
16323.0,196,2,353.66
16324.0,128,3,428.68
16325.0,44,17,3463.84
16326.0,6,26,4706.99
16327.0,14,20,10705.52
16328.0,563,1,310.83
16329.0,428,4,1703.07
16330.0,18,8,624.63
16331.0,432,6,2037.7
16332.0,28,13,1989.97
16333.0,8,22,26626.8
16334.0,492,1,277.48
16335.0,552,8,2747.0
16336.0,421,4,3517.69
16337.0,37,1,151.05
16338.0,157,1,214.8
16339.0,284,1,109.95
16340.0,107,3,1526.06
16341.0,25,10,3832.29
16342.0,75,4,322.41
16343.0,16,3,687.0699999999999
16344.0,158,4,842.42
16345.0,44,2,1198.74
16346.0,385,1,224.51
16347.0,11,13,3482.01
16348.0,32,8,1798.22
16349.0,291,1,53.5
16350.0,21,12,2206.4900000000002
16351.0,333,18,3279.13
16352.0,18,2,494.44
16353.0,4,41,9985.93
16354.0,63,5,1129.51
16355.0,374,2,349.2
16356.0,198,7,414.42
16357.0,33,4,868.37
16358.0,1,6,2917.1
16359.0,7,20,2379.4
16360.0,5,8,3411.69
16361.0,10,4,896.66
16362.0,32,11,841.74
16363.0,53,1,109.36000000000001
16364.0,12,2,707.04
16365.0,18,16,3296.8
16366.0,19,4,1548.13
16367.0,37,3,1362.4
16368.0,2,3,640.21
16369.0,18,7,2664.81
16370.0,82,4,1320.56
16371.0,449,1,157.2
16372.0,33,6,1298.61
16373.0,382,2,309.49
16374.0,66,5,1771.45
16375.0,470,2,104.0
16376.0,9,3,977.52
16377.0,267,2,1308.48
16378.0,247,3,362.95
16379.0,4,5,2131.9
16380.0,61,1,1780.59
16381.0,396,2,258.7
16382.0,408,2,353.1
16383.0,75,9,2910.84
16384.0,90,4,1358.95
16385.0,60,5,1030.61
16386.0,29,3,1102.59
16387.0,323,5,918.55
16388.0,654,1,186.05
16389.0,53,5,1362.27
16390.0,537,3,467.5
16391.0,401,4,1103.61
16392.0,270,3,763.05
16393.0,2,30,5456.5
16394.0,50,9,1412.06
16395.0,61,17,3458.95
16396.0,473,3,102.7
16397.0,628,1,127.88
16398.0,145,4,1631.15
16399.0,19,3,641.82
16400.0,95,9,3159.44
16401.0,1,39,6628.99
16402.0,265,2,511.4
16403.0,302,2,161.05
16404.0,70,2,430.3
16405.0,302,2,167.25
16406.0,19,4,533.98
16407.0,13,14,2821.65
16408.0,591,1,231.93
16409.0,36,12,5709.04
16410.0,734,1,130.32
16411.0,19,4,910.1899999999999
16412.0,54,5,647.23
16413.0,57,2,528.98
16414.0,22,5,559.71
16415.0,44,3,719.44
16416.0,27,10,2948.4700000000003
16417.0,493,1,35.7
16418.0,45,5,1101.94
16419.0,113,9,1474.67
16420.0,396,1,75.0
16421.0,376,3,526.27
16422.0,17,146,61110.54
16423.0,25,1,346.12
16424.0,191,3,392.06
16425.0,302,1,302.7
16426.0,2,10,1908.25
16427.0,263,2,241.06
16428.0,81,4,657.33
16429.0,106,1,284.55
16430.0,57,7,1117.94
16431.0,213,3,642.81
16432.0,64,1,287.40000000000003
16433.0,28,2,384.52
16434.0,29,13,2727.04
16435.0,512,3,1011.5699999999999
16436.0,668,4,242.04
16437.0,381,2,301.25
16438.0,6,5,798.35
16439.0,722,1,310.70000000000005
16440.0,8,6,3856.97
16441.0,67,6,1023.48
16442.0,2,5,899.47
16443.0,521,1,162.24
16444.0,46,20,3582.38
16445.0,34,4,602.73
16447.0,136,3,775.14
16448.0,198,2,367.87
16449.0,191,3,674.69
16450.0,150,4,1475.73
16451.0,88,4,1009.4
16452.0,631,2,332.17
16453.0,531,2,251.71
16454.0,45,8,1.9000000000000004
16455.0,64,13,4306.72
16456.0,99,14,6185.41
16457.0,218,1,208.36
16458.0,3,30,5715.34
16459.0,730,1,71.78999999999999
16460.0,28,3,814.72
16461.0,178,3,1615.22
16462.0,64,4,102.0
16463.0,21,7,1383.7
16464.0,20,3,1314.68
16465.0,414,3,726.34
16466.0,34,16,3713.59
16467.0,509,8,2862.4
16468.0,74,3,787.52
16469.0,24,5,828.91
16470.0,52,12,2453.65
16471.0,275,6,1186.18
16472.0,434,2,789.6
16473.0,165,5,469.58
16474.0,7,11,1811.47
16475.0,88,4,544.3
16476.0,417,3,337.0
16477.0,64,11,4320.02
16478.0,25,3,331.0
16479.0,10,2,300.83
16480.0,76,1,769.29
16481.0,660,3,428.23
16482.0,16,1,220.62
16483.0,192,1,139.35
16484.0,174,3,379.4
16485.0,77,7,2137.68
16486.0,538,1,134.36
16487.0,577,2,209.4
16488.0,33,4,492.20000000000005
16489.0,380,2,303.7
16490.0,430,2,179.16000000000003
16491.0,47,3,1524.31
16492.0,541,1,385.56
16493.0,73,9,2110.12
16494.0,297,1,826.53
16495.0,3,3,684.41
16496.0,9,7,2293.4700000000003
16497.0,50,23,6695.28
16498.0,161,3,86.12
16499.0,360,13,2491.7400000000002
16500.0,5,10,835.96
16501.0,383,1,1237.23
16502.0,620,2,266.5
16503.0,107,13,3597.89
16504.0,25,1,484.38
16505.0,32,1,777.6
16506.0,20,2,90.30000000000001
16507.0,572,1,152.76
16508.0,630,1,248.8
16509.0,297,1,363.70000000000005
16510.0,372,6,2100.0
16511.0,22,6,1819.02
16513.0,5,4,874.59
16515.0,52,10,3216.3
16516.0,30,1,101.69999999999999
16517.0,277,1,162.70000000000002
16518.0,61,6,938.27
16519.0,25,4,556.26
16520.0,186,8,2465.92
16521.0,415,3,1148.01
16522.0,436,2,433.36
16523.0,2,39,11760.54
16524.0,446,2,308.14
16525.0,2,54,23350.74
16526.0,172,2,717.21
16527.0,81,2,1272.44
16528.0,4,1,244.41
16529.0,190,4,2012.0
16530.0,668,1,48.35
16531.0,22,12,2263.58
16532.0,18,5,8756.64
16533.0,19,5,1026.94
16534.0,642,1,635.9
16535.0,5,3,1001.59
16536.0,107,2,539.02
16537.0,641,1,23.35
16538.0,541,3,399.62
16539.0,3,10,3732.01
16540.0,414,1,226.70000000000002
16541.0,735,2,419.78
16542.0,54,2,257.32
16543.0,583,2,277.81
16544.0,520,6,110.30000000000001
16545.0,165,2,689.8199999999999
16546.0,291,7,3837.3599999999997
16547.0,546,1,111.71
16548.0,599,1,30.15
16549.0,10,37,13159.64
16550.0,109,29,9169.32
16551.0,96,7,2237.12
16552.0,243,2,475.02
16553.0,163,36,16555.87
16554.0,3,18,2407.17
16555.0,35,10,285.89
16556.0,67,24,7610.2300000000005
16557.0,24,2,281.85
16558.0,1,47,13718.960000000001
16559.0,397,1,185.20000000000002
16560.0,21,10,3010.73
16561.0,6,2,511.12
16562.0,477,1,223.86
16563.0,54,7,4412.56
16564.0,569,1,87.80000000000001
16565.0,364,5,700.45
16566.0,15,6,614.01
16567.0,194,2,865.6
16568.0,428,2,1020.9
16569.0,3,5,1455.23
16570.0,9,31,6841.82
16571.0,3,17,4025.05
16572.0,127,4,999.7
16573.0,74,4,648.41
16574.0,71,3,1301.78
16576.0,410,5,513.17
16577.0,667,1,380.0
16578.0,626,1,156.6
16579.0,365,2,233.85000000000002
16581.0,155,2,70.44
16582.0,113,1,313.62
16583.0,374,2,531.4
16584.0,80,7,3085.4700000000003
16585.0,594,2,341.59000000000003
16586.0,249,3,1462.78
16587.0,232,1,225.15
16588.0,386,4,1361.28
16589.0,71,4,612.36
16590.0,381,3,563.6
16591.0,69,1,213.5
16592.0,4,34,7624.46
16593.0,51,9,1051.24
16594.0,75,1,181.09
16595.0,61,5,1810.18
16596.0,16,4,579.63
16597.0,4,1,90.04
16598.0,277,2,140.7
16599.0,386,1,172.8
16600.0,4,16,2093.56
16601.0,41,3,684.25
16602.0,31,5,711.63
16603.0,75,2,482.47
16604.0,548,3,326.25
16605.0,724,1,60.48
16606.0,404,2,357.66
16607.0,18,29,5375.18
16608.0,454,2,1288.72
16609.0,15,9,5450.96
16610.0,219,1,75.66
16611.0,186,7,1776.63
16612.0,33,10,3243.48
16613.0,70,1,618.59
16614.0,183,3,1179.79
16615.0,569,2,264.5
16616.0,15,2,500.42
16617.0,236,1,151.85
16618.0,31,6,2630.64
16619.0,254,5,1916.53
16620.0,4,6,1758.93
16621.0,52,4,813.48
16622.0,542,2,205.6
16623.0,246,5,1002.49
16624.0,81,2,810.57
16625.0,275,6,1651.08
16626.0,1,20,4379.65
16627.0,79,1,322.8
16628.0,30,8,2313.09
16629.0,74,2,417.73
16630.0,407,2,104.30000000000001
16631.0,482,8,1867.02
16632.0,486,2,406.4
16633.0,17,7,2878.15
16634.0,223,10,1363.1000000000001
16635.0,407,1,473.0
16636.0,438,4,3802.04
16637.0,32,5,1124.59
16638.0,23,16,2426.28
16639.0,25,5,1659.8500000000001
16640.0,398,1,179.4
16641.0,106,2,554.5
16642.0,5,5,1051.46
16643.0,246,3,915.5600000000001
16644.0,178,2,833.78
16645.0,736,1,160.39
16646.0,444,2,675.05
16647.0,170,4,541.9
16648.0,39,4,653.0
16649.0,520,1,306.58
16650.0,72,7,1916.11
16651.0,587,1,136.2
16652.0,54,24,17312.83
16653.0,16,3,1166.92
16654.0,141,9,1705.17
16655.0,18,14,6513.27
16656.0,22,44,16307.720000000001
16657.0,10,4,933.62
16658.0,368,9,696.72
16659.0,189,1,39.12
16660.0,16,8,1422.35
16661.0,540,5,842.18
16662.0,394,1,163.8
16663.0,729,1,165.0
16664.0,569,1,109.2
16665.0,362,1,135.4
16666.0,19,2,225.94
16667.0,68,2,570.13
16668.0,15,13,862.42
16669.0,24,5,226.14
16670.0,17,33,7786.66
16671.0,28,3,1692.27
16672.0,2,23,8093.59
16673.0,679,1,188.83
16674.0,55,2,319.61
16675.0,442,2,608.86
16676.0,34,7,2328.5
16677.0,393,3,849.77
16678.0,3,17,3013.83
16679.0,366,3,793.06
16680.0,43,3,821.45
16681.0,73,7,1921.8400000000001
16682.0,5,5,1028.0
16683.0,529,2,309.35
16684.0,4,65,141502.25
16685.0,61,2,324.24
16686.0,47,18,5051.57
16687.0,391,1,157.63
16688.0,1,4,1260.8600000000001
16689.0,76,3,303.26
16690.0,44,5,336.08
16691.0,418,2,178.83
16692.0,256,4,1914.6999999999998
16693.0,69,5,1199.46
16694.0,723,1,98.30000000000001
16695.0,562,2,193.15
16696.0,135,4,657.9
16697.0,241,1,112.75
16698.0,227,2,1998.0
16699.0,380,8,964.9
16700.0,9,31,9084.06
16701.0,9,34,9614.59
16702.0,415,5,1100.8799999999999
16704.0,618,2,695.66
16705.0,1,61,42653.141
16706.0,37,3,531.35
16707.0,400,4,551.11
16708.0,46,1,656.63
16709.0,85,14,9087.460000000001
16710.0,19,23,6336.34
16711.0,3,10,2751.48
16712.0,9,13,4266.99
16713.0,19,41,14380.54
16714.0,219,7,1254.71
16715.0,78,2,625.52
16716.0,267,4,1568.2800000000002
16717.0,9,20,6309.96
16718.0,369,5,3647.53
16719.0,15,17,3828.55
16720.0,26,4,593.43
16721.0,262,1,292.47
16722.0,17,26,8967.83
16723.0,91,4,1301.63
16724.0,405,1,147.35
16725.0,302,16,1870.71
16726.0,26,7,2088.41
16727.0,364,4,1437.42
16728.0,46,4,1054.67
16729.0,36,26,7076.28
16730.0,52,4,702.79
16731.0,648,1,174.05
16732.0,32,9,3966.79
16733.0,530,1,259.68
16734.0,52,3,650.51
16735.0,79,22,5632.01
16736.0,506,8,2904.51
16737.0,53,2,835.2
16738.0,298,1,3.75
16739.0,172,4,772.23
16740.0,395,1,236.81
16741.0,625,1,173.06
16742.0,47,15,2387.71
16743.0,29,15,4207.01
16744.0,11,7,1304.76
16745.0,87,18,7170.7
16746.0,5,46,18031.85
16747.0,25,4,826.96
16748.0,18,15,3632.29
16749.0,591,2,4387.08
16750.0,45,5,623.93
16751.0,31,1,1764.72
16752.0,373,1,415.0
16753.0,58,1,223.92000000000002
16754.0,372,35,56560.58
16755.0,114,10,2882.03
16756.0,215,9,1287.42
16757.0,319,2,270.48
16758.0,65,1,369.34000000000003
16759.0,8,4,772.84
16760.0,430,1,228.0
16761.0,97,1,316.62
16762.0,20,3,1501.38
16763.0,185,3,947.75
16764.0,4,18,2758.25
16765.0,294,2,454.75
16766.0,273,2,1145.6
16767.0,31,16,7971.8
16768.0,48,14,1647.07
16769.0,260,4,1141.75
16770.0,58,11,1900.03
16771.0,33,10,3967.6
16772.0,417,5,2785.6
16773.0,57,3,421.24
16774.0,68,9,1587.85
16775.0,10,17,2975.29
16776.0,60,2,619.85
16777.0,80,6,1277.01
16778.0,74,2,245.94
16779.0,2,62,32981.61
16780.0,100,3,605.55
16781.0,365,3,901.0500000000001
16782.0,10,50,10348.960000000001
16783.0,437,1,391.95
16784.0,20,5,896.53
16785.0,410,1,533.78
16786.0,394,1,51.84
16787.0,398,4,1035.43
16788.0,123,5,1950.3
16789.0,8,1,80.80000000000001
16790.0,4,8,1520.1200000000001
16791.0,29,18,3946.12
16792.0,282,5,623.46
16793.0,57,1,243.84
16794.0,1,17,2069.71
16795.0,365,5,2465.19
16796.0,89,1,305.62
16797.0,393,9,1786.77
16798.0,554,4,837.56
16799.0,432,3,491.03000000000003
16800.0,11,1,1201.49
16801.0,163,5,867.8299999999999
16802.0,679,2,582.61
16803.0,65,1,332.3
16804.0,23,3,536.99
16805.0,174,5,1097.24
16806.0,103,4,801.49
16807.0,143,8,2064.88
16808.0,99,2,288.42
16809.0,23,10,1725.48
16810.0,192,4,786.14
16811.0,5,2,547.07
16812.0,361,5,2216.8
16813.0,8,10,1692.98
16814.0,14,37,12491.210000000001
16815.0,454,2,410.97
16816.0,103,4,417.06
16817.0,3,18,2594.55
16818.0,11,13,3317.9700000000003
16819.0,465,2,182.59
16820.0,96,1,497.61
16821.0,382,1,113.35
16822.0,664,3,144.84
16823.0,227,8,2253.14
16824.0,16,3,686.24
16825.0,39,5,1826.89
16826.0,51,1,341.7
16827.0,393,5,392.13
16828.0,93,2,128.5
16829.0,157,2,513.32
16830.0,39,5,1183.7
16831.0,565,1,91.8
16832.0,184,5,417.61
16833.0,1,6,2409.04
16834.0,228,2,898.96
16835.0,128,10,1471.51
16836.0,40,4,782.37
16837.0,31,12,3167.73
16838.0,197,6,1126.66
16839.0,9,51,20968.27
16840.0,603,3,126.71
16841.0,37,14,3841.16
16842.0,64,4,1260.44
16843.0,43,38,19528.78
16844.0,563,2,614.34
16845.0,618,1,253.88
16846.0,50,3,842.41
16847.0,43,2,614.89
16848.0,53,4,1411.62
16849.0,187,1,124.57
16850.0,334,1,332.41
16851.0,4,3,342.45
16852.0,10,2,144.91
16854.0,417,2,1408.96
16855.0,24,2,328.40000000000003
16856.0,15,3,358.49
16857.0,443,1,352.8
16858.0,366,16,4431.63
16859.0,106,10,1657.74
16860.0,453,4,1593.67
16861.0,60,6,902.37
16862.0,547,4,662.33
16863.0,29,5,977.07
16864.0,434,2,409.25
16865.0,402,1,130.95
16866.0,141,3,207.74
16867.0,690,1,76.74000000000001
16868.0,394,3,393.39
16869.0,23,5,805.62
16870.0,469,1,450.16
16871.0,22,7,2761.4900000000002
16872.0,77,6,1213.13
16873.0,5,17,14547.03
16874.0,379,1,217.74
16875.0,64,20,4053.2000000000003
16876.0,404,1,136.01
16877.0,12,6,853.72
16880.0,31,8,1840.86
16881.0,67,1,432.0
16882.0,67,3,705.12
16883.0,187,20,2386.64
16884.0,38,4,1073.92
16885.0,15,4,710.74
16887.0,35,3,660.72
16888.0,401,3,437.15
16889.0,195,6,2530.9
16890.0,477,3,285.41
16891.0,2,11,2056.82
16892.0,1,9,733.4
16893.0,367,2,401.77
16894.0,502,5,1282.36
16895.0,65,5,1121.42
16896.0,555,1,103.95
16897.0,299,3,213.03
16898.0,26,6,887.67
16899.0,8,8,1721.02
16900.0,12,5,187.69
16901.0,729,1,204.26
16902.0,116,1,1706.88
16903.0,29,4,1029.98
16904.0,4,21,5132.37
16905.0,5,20,5004.5
16906.0,82,7,1448.8
16907.0,29,9,1707.9
16908.0,722,2,153.59
16909.0,64,2,364.14
16910.0,4,8,1510.06
16911.0,627,3,251.35
16912.0,23,18,4433.6
16913.0,290,3,423.91
16914.0,36,1,208.46
16915.0,9,11,1543.18
16916.0,24,4,1123.4
16917.0,277,3,1848.88
16918.0,50,19,3138.06
16919.0,156,28,5053.81
16920.0,411,1,355.45
16921.0,61,3,446.67
16922.0,573,1,611.08
16923.0,12,41,12793.380000000001
16924.0,21,4,739.5
16925.0,540,1,125.65
16926.0,371,6,1410.4
16927.0,116,3,543.05
16928.0,80,33,3993.58
16929.0,4,7,1295.39
16930.0,26,3,380.55
16931.0,5,23,5233.62
16932.0,53,3,440.71
16933.0,1,16,3099.6
16934.0,55,7,2090.7400000000002
16935.0,382,3,535.1
16936.0,26,2,551.17
16937.0,499,1,202.1
16938.0,9,10,6209.93
16939.0,489,3,449.0
16940.0,52,11,6245.41
16941.0,612,1,33.0
16942.0,13,10,1894.1100000000001
16943.0,212,7,816.73
16944.0,610,1,101.36
16945.0,22,35,8530.66
16946.0,383,6,1199.54
16947.0,236,10,896.73
16948.0,139,7,868.77
16949.0,4,7,1161.27
16950.0,57,12,3725.19
16951.0,123,4,1262.75
16952.0,109,5,798.78
16953.0,30,1,20.8
16954.0,1,21,6037.33
16955.0,185,9,1261.16
16956.0,9,2,292.34
16957.0,239,2,416.64
16958.0,435,1,809.44
16959.0,87,1,117.35000000000001
16960.0,39,9,2021.98
16961.0,116,6,773.01
16962.0,410,1,251.04
16963.0,187,1,110.55000000000001
16964.0,733,2,207.85
16965.0,227,1,201.19
16966.0,8,10,2148.47
16967.0,189,1,319.02
16968.0,4,2,439.43
16969.0,39,3,650.41
16970.0,626,1,71.4
16971.0,3,2,232.20999999999998
16972.0,383,2,786.25
16973.0,386,1,127.0
16974.0,523,2,365.5
16975.0,414,5,902.4200000000001
16976.0,267,1,251.51999999999998
16977.0,395,4,496.0
16978.0,78,3,768.88
16979.0,4,12,2787.09
16980.0,255,3,1473.33
16982.0,61,1,384.06
16983.0,13,12,3699.17
16984.0,78,19,10599.42
16985.0,17,26,10545.76
16986.0,30,11,4888.75
16987.0,3,12,2524.0
16988.0,5,2,382.67
16989.0,7,6,1133.25
16990.0,219,2,344.0
16991.0,421,1,1041.21
16992.0,11,15,5460.1
16993.0,463,3,1688.15
16996.0,30,13,2044.16
16997.0,288,3,702.0
16998.0,150,7,394.02
16999.0,23,2,484.82
17000.0,396,2,406.3
17001.0,1,19,6640.8
17002.0,73,8,2565.6
17003.0,402,4,830.16
17004.0,46,4,2425.16
17005.0,471,3,732.41
17006.0,5,8,1636.32
17007.0,51,8,1107.6000000000001
17008.0,429,1,81.36
17009.0,551,1,242.06
17010.0,17,2,185.46
17011.0,30,4,536.7
17012.0,725,1,384.16
17014.0,8,4,565.58
17015.0,29,3,1842.56
17016.0,577,1,552.4
17017.0,3,41,8087.410000000001
17018.0,41,6,2287.7
17019.0,11,13,3951.5
17020.0,542,2,935.62
17021.0,442,6,1182.22
17022.0,31,2,260.0
17023.0,417,3,800.1800000000001
17024.0,45,3,95.85
17025.0,61,5,1510.64
17026.0,185,3,208.98000000000002
17027.0,79,10,1285.41
17028.0,581,3,1593.83
17029.0,111,7,2137.3
17030.0,64,1,146.87
17031.0,12,6,2773.85
17032.0,442,13,2150.06
17033.0,86,4,1332.79
17034.0,16,7,1239.32
17035.0,246,5,568.39
17036.0,383,1,176.9
17037.0,78,2,1253.22
17038.0,30,2,743.17
17039.0,604,1,1954.99
17040.0,138,2,463.25
17041.0,27,7,1670.48
17042.0,3,5,1044.38
17043.0,32,8,2616.55
17044.0,9,16,11867.6
17045.0,113,5,827.6800000000001
17046.0,157,5,1906.07
17047.0,85,6,2289.23
17048.0,115,11,1991.45
17049.0,3,25,9593.78
17050.0,96,12,4391.66
17051.0,194,4,714.39
17052.0,28,1,413.75
17053.0,129,2,496.38
17054.0,28,6,1353.83
17055.0,446,1,239.55
17056.0,738,1,128.60000000000002
17057.0,596,1,294.74
17058.0,82,3,1179.89
17059.0,30,10,5584.83
17060.0,266,1,234.24
17061.0,74,12,5116.13
17062.0,314,7,1204.32
17063.0,9,23,3576.88
17064.0,59,3,859.35
17065.0,143,3,82.35000000000001
17066.0,726,1,228.34
17067.0,725,3,454.54
17068.0,12,49,9126.43
17069.0,28,21,5718.4
17070.0,114,2,445.32
17071.0,9,20,3738.4500000000003
17072.0,625,1,282.05
17073.0,18,4,1446.09
17074.0,563,1,203.05
17075.0,18,11,2221.38
17076.0,36,6,1242.75
17077.0,578,1,306.0
17078.0,36,2,378.2
17079.0,78,1,118.80000000000001
17080.0,22,8,955.41
17081.0,25,6,964.39
17082.0,33,6,4732.03
17083.0,109,11,4035.08
17084.0,35,4,5199.72
17085.0,123,32,7757.41
17086.0,7,6,2050.08
17087.0,738,1,221.53
17088.0,28,4,1991.01
17089.0,386,1,128.45
17090.0,4,15,3055.94
17091.0,3,23,7777.5
17092.0,50,14,5563.31
17093.0,593,1,235.88
17094.0,318,3,370.40000000000003
17095.0,22,12,2312.59
17096.0,9,17,3690.83
17097.0,2,10,1323.95
17098.0,382,3,591.07
17099.0,533,1,582.17
17100.0,18,2,971.74
17101.0,10,7,2507.05
17102.0,262,1,25.5
17103.0,722,1,424.3
17104.0,424,1,474.03000000000003
17105.0,159,2,665.78
17106.0,389,1,491.23
17107.0,33,13,15616.82
17108.0,664,1,174.95
17109.0,29,10,1280.1
17110.0,165,3,510.7
17111.0,47,2,476.58
17112.0,503,1,205.17000000000002
17113.0,505,8,2109.16
17114.0,6,10,747.22
17115.0,8,13,2616.29
17116.0,648,1,389.78
17117.0,288,1,116.2
17118.0,318,1,157.02
17119.0,3,3,593.61
17120.0,233,1,307.46
17121.0,403,1,314.74
17122.0,119,4,570.5
17123.0,162,3,977.1700000000001
17124.0,185,1,298.89
17125.0,50,1,259.35
17126.0,152,11,2057.54
17127.0,429,5,1155.0300000000002
17128.0,335,1,157.09
17129.0,520,1,31.85
17131.0,5,5,2463.17
17132.0,452,2,1272.8
17133.0,16,13,12972.09
17134.0,107,3,637.1
17135.0,16,11,1943.24
17136.0,662,1,231.68
17137.0,416,6,1133.63
17138.0,276,7,4417.27
17139.0,16,29,19491.61
17140.0,247,1,465.32
17141.0,418,4,754.33
17142.0,239,4,1283.75
17143.0,417,2,924.11
17144.0,1,2,984.57
17145.0,465,7,3014.64
17146.0,106,16,5795.99
17147.0,23,16,3069.15
17148.0,52,1,124.88
17149.0,451,1,143.10000000000002
17150.0,377,6,1375.65
17151.0,735,1,231.90000000000003
17152.0,195,5,1830.5
17153.0,24,1,213.78
17154.0,75,1,329.34
17155.0,18,7,892.46
17156.0,484,2,572.07
17157.0,8,20,5139.45
17158.0,32,6,1962.3
17159.0,22,6,2095.44
17160.0,31,18,10201.36
17161.0,444,1,856.01
17162.0,29,11,1707.21
17163.0,22,4,699.78
17164.0,33,8,2466.4
17165.0,284,8,1783.63
17166.0,39,3,189.49
17167.0,380,3,867.11
17168.0,499,1,400.2
17169.0,50,6,1129.88
17170.0,374,3,118.98
17171.0,289,2,384.59000000000003
17172.0,75,6,910.99
17173.0,5,9,3755.65
17174.0,218,1,59.9
17175.0,44,5,1430.94
17176.0,202,3,902.3199999999999
17177.0,505,1,119.5
17178.0,731,1,436.71000000000004
17179.0,178,6,1507.26
17180.0,56,14,2236.33
17181.0,57,3,465.37
17182.0,423,2,321.3
17183.0,8,8,3286.91
17184.0,569,2,198.41000000000003
17185.0,592,3,229.46
17186.0,47,2,144.0
17187.0,227,2,467.71
17188.0,11,17,4361.83
17189.0,106,5,957.63
17190.0,59,8,1548.04
17191.0,28,16,4810.55
17192.0,536,1,77.83
17193.0,36,12,2254.6
17194.0,274,3,812.5
17195.0,655,1,562.98
17196.0,428,1,352.9
17197.0,30,1,1013.01
17198.0,24,3,1213.88
17199.0,582,1,145.12
17200.0,387,4,356.71
17201.0,54,5,1226.44
17202.0,421,1,160.65
17203.0,36,10,5575.88
17204.0,169,15,5263.6900000000005
17205.0,54,3,999.35
17206.0,53,1,204.24
17207.0,652,1,303.21999999999997
17208.0,396,1,115.35
17209.0,649,3,611.6
17210.0,393,1,253.37
17211.0,27,15,4002.1
17212.0,253,3,794.41
17213.0,40,20,5078.93
17214.0,60,7,984.12
17215.0,464,1,186.15
17216.0,554,1,65.05
17217.0,234,2,218.0
17218.0,4,18,4192.68
17219.0,32,2,259.13
17220.0,24,21,4481.75
17221.0,7,5,978.52
17222.0,65,6,1605.01
17223.0,310,3,873.53
17224.0,501,1,100.86000000000001
17225.0,582,1,131.15
17226.0,309,3,900.12
17227.0,19,12,2022.03
17228.0,16,13,3177.24
17229.0,96,2,318.76
17230.0,264,23,9695.91
17231.0,12,35,7091.07
17232.0,3,2,421.52
17233.0,35,3,560.86
17234.0,183,1,149.89
17235.0,25,8,1904.88
17236.0,13,12,1929.26
17237.0,11,4,1002.08
17238.0,3,32,7783.1
17239.0,313,6,1174.15
17240.0,596,1,130.60000000000002
17241.0,385,12,2744.14
17242.0,108,5,2889.2799999999997
17243.0,1,80,20709.21
17244.0,53,5,1826.04
17245.0,205,2,371.63
17246.0,547,2,38.92
17247.0,15,1,282.19
17248.0,120,2,546.16
17249.0,429,1,68.03
17250.0,4,2,384.52
17251.0,363,4,803.73
17252.0,117,2,353.86
17253.0,18,1,178.26
17254.0,5,3,470.73
17255.0,41,4,799.13
17256.0,107,5,498.93
17257.0,436,2,192.73
17258.0,397,2,417.3
17259.0,148,6,1889.34
17260.0,411,1,120.95
17261.0,510,1,230.44
17262.0,52,11,2757.62
17263.0,208,1,63.440000000000005
17264.0,424,1,279.59
17265.0,139,2,562.9
17266.0,2,5,517.73
17267.0,127,2,317.62
17268.0,108,11,1733.8899999999999
17269.0,386,1,537.46
17270.0,469,2,604.4
17271.0,736,1,210.39
17272.0,42,5,2144.53
17273.0,424,1,141.12
17274.0,35,2,577.38
17275.0,383,1,114.52
17276.0,400,2,451.34000000000003
17277.0,228,2,1065.3500000000001
17278.0,241,2,271.24
17279.0,58,1,187.82999999999998
17280.0,438,1,118.86
17281.0,374,6,797.85
17282.0,130,5,2339.66
17283.0,379,1,188.46
17284.0,60,11,2328.22
17285.0,628,2,428.34
17286.0,22,3,395.48
17287.0,26,23,4095.71
17288.0,9,11,2499.98
17289.0,32,11,2069.89
17290.0,4,8,1501.44
17291.0,308,1,550.8000000000001
17292.0,472,2,271.75
17293.0,8,17,3774.23
17294.0,669,2,467.79
17295.0,29,3,556.95
17296.0,730,1,338.13
17297.0,17,1,131.78
17298.0,101,6,952.52
17299.0,12,6,1016.08
17300.0,391,2,393.64
17301.0,21,2,330.43
17302.0,15,6,1119.93
17303.0,361,1,250.04
17304.0,534,1,111.5
17305.0,649,1,2135.46
17306.0,11,23,9751.77
17307.0,365,15,3225.67
17308.0,393,2,4511.76
17309.0,95,3,330.59
17310.0,387,2,1025.1
17311.0,78,7,3490.66
17312.0,139,3,644.3
17313.0,18,2,2288.13
17314.0,25,22,4514.7
17315.0,1,49,9558.55
17316.0,420,1,124.45
17317.0,46,5,2524.02
17318.0,725,1,164.28
17319.0,669,1,29.099999999999998
17320.0,100,6,2895.77
17321.0,8,6,1741.18
17322.0,376,7,900.64
17323.0,15,14,1553.51
17324.0,18,13,2148.87
17325.0,280,3,609.5699999999999
17326.0,408,2,321.95
17327.0,410,2,152.35
17328.0,673,1,104.7
17329.0,14,5,1004.4300000000001
17330.0,23,4,423.8
17331.0,124,1,175.2
17332.0,528,5,838.27
17333.0,86,1,494.25
17334.0,301,4,634.73
17335.0,384,2,508.0
17336.0,472,1,81.12
17337.0,151,7,1944.32
17338.0,17,20,12036.57
17339.0,94,4,303.36
17340.0,9,30,21411.64
17341.0,157,5,1889.83
17342.0,374,7,1155.8400000000001
17343.0,355,6,1259.94
17344.0,46,3,454.61
17345.0,15,12,1484.38
17346.0,4,27,5258.02
17347.0,86,1,228.96
17348.0,15,9,2476.41
17349.0,179,5,852.25
17350.0,8,8,1876.161
17351.0,36,12,1988.23
17352.0,696,1,36.25
17353.0,129,7,3155.55
17354.0,51,4,3143.46
17355.0,386,1,285.11
17356.0,312,5,946.47
17357.0,24,2,388.14
17358.0,303,5,866.05
17359.0,11,2,284.46
17360.0,17,7,1201.43
17361.0,49,5,880.64
17362.0,239,8,1010.54
17363.0,395,3,940.86
17364.0,1,31,11684.55
17365.0,13,16,8205.83
17366.0,392,3,1094.59
17367.0,238,1,168.4
17368.0,23,16,2213.24
17369.0,456,1,979.2
17370.0,73,4,446.18
17371.0,17,6,662.55
17372.0,41,31,4325.43
17373.0,40,7,1167.5
17374.0,219,4,711.21
17375.0,190,5,632.95
17376.0,71,4,453.64
17377.0,24,91,17851.41
17379.0,11,1,404.66
17380.0,434,4,643.75
17381.0,9,39,39999.19
17382.0,65,8,902.28
17383.0,4,2,309.99
17384.0,19,3,507.55
17385.0,15,1,261.11
17386.0,8,7,2812.77
17387.0,20,2,784.11
17388.0,78,11,2691.57
17389.0,1,77,54587.03
17390.0,421,1,149.3
17391.0,164,2,508.8
17392.0,307,3,626.56
17393.0,411,2,381.15000000000003
17394.0,219,1,203.86999999999998
17395.0,508,1,97.5
17396.0,39,16,8529.6
17397.0,22,3,1233.18
17398.0,115,3,653.38
17400.0,126,8,4677.05
17401.0,541,1,114.85
17402.0,5,26,5047.08
17403.0,36,2,400.57
17404.0,4,28,46006.82
17405.0,1,5,967.22
17406.0,330,18,4592.1
17407.0,412,1,552.9
17408.0,163,4,164.89000000000001
17409.0,185,10,7793.51
17410.0,16,5,1214.72
17411.0,12,9,1286.53
17412.0,3,19,4384.9800000000005
17413.0,405,2,560.14
17414.0,44,6,2249.52
17415.0,80,1,507.84
17416.0,30,25,17221.47
17417.0,549,1,164.18
17418.0,42,3,670.0600000000001
17419.0,11,20,6474.92
17420.0,50,8,1074.53
17421.0,386,3,1059.41
17422.0,16,20,3341.65
17423.0,45,5,1084.17
17425.0,19,2,759.1700000000001
17426.0,4,17,7606.37
17427.0,72,1,100.8
17428.0,1,51,31238.06
17429.0,121,7,1342.16
17430.0,33,4,735.17
17431.0,313,1,403.3
17432.0,18,9,1751.39
17433.0,88,2,569.96
17434.0,2,9,2333.42
17435.0,411,1,331.35
17436.0,2,7,521.3100000000001
17437.0,530,1,373.17
17438.0,247,6,1412.6200000000001
17439.0,656,1,325.74
17440.0,148,6,314.26
17441.0,732,1,293.35
17442.0,29,23,4500.7
17443.0,220,1,534.24
17444.0,148,3,2940.04
17446.0,177,2,120.89999999999999
17447.0,40,2,541.53
17448.0,145,54,10192.73
17449.0,2,14,4935.15
17450.0,8,61,233579.38999999998
17451.0,1,10,1648.95
17453.0,18,2,486.72
17454.0,192,11,1532.64
17455.0,204,1,131.7
17456.0,365,2,1225.42
17457.0,127,18,5799.01
17458.0,15,2,529.58
17459.0,43,2,657.3
17460.0,79,21,2007.4
17461.0,23,3,757.46
17462.0,51,3,662.94
17463.0,16,9,2537.91
17464.0,158,4,879.74
17465.0,426,9,2533.64
17466.0,10,2,763.28
17467.0,395,1,102.6
17468.0,10,3,194.8
17469.0,16,22,4958.34
17470.0,45,11,2804.87
17471.0,475,1,321.65000000000003
17472.0,191,4,935.1
17473.0,401,3,592.15
17474.0,600,1,1047.0
17475.0,79,1,194.37
17476.0,393,4,446.51
17477.0,613,5,1079.0
17478.0,408,2,1272.8000000000002
17479.0,633,1,389.26000000000005
17480.0,74,3,896.72
17481.0,4,5,1249.34
17482.0,487,2,778.19
17483.0,65,4,591.73
17484.0,576,2,209.57
17486.0,261,1,396.87
17487.0,728,1,160.55
17488.0,641,1,336.5
17489.0,59,2,376.64
17490.0,1,13,2585.06
17491.0,1,18,5964.12
17492.0,248,3,1122.42
17493.0,385,1,100.91
17494.0,502,1,54.7
17495.0,8,4,759.07
17496.0,359,5,1385.89
17497.0,390,2,287.25
17498.0,76,1,272.21999999999997
17499.0,290,3,1296.84
17500.0,17,3,1138.0
17501.0,221,2,288.6
17502.0,9,4,689.1
17503.0,3,2,558.96
17504.0,206,19,9313.37
17505.0,162,5,2435.48
17506.0,70,2,294.29
17507.0,262,2,605.58
17508.0,281,9,4546.78
17509.0,58,11,6100.74
17510.0,25,2,514.56
17511.0,3,85,171885.98
17512.0,29,20,5432.27
17513.0,72,3,1158.8
17514.0,128,2,542.83
17515.0,31,9,1617.46
17516.0,15,6,957.55
17517.0,309,1,153.94
17518.0,426,2,329.42
17519.0,17,17,5102.8
17520.0,54,1,546.81
17521.0,24,6,1276.81
17522.0,2,5,1070.71
17523.0,11,4,652.74
17524.0,361,4,508.9
17525.0,360,3,1161.9
17526.0,1,16,3676.8399999999997
17527.0,54,6,888.86
17528.0,1,11,3540.1
17529.0,610,2,1240.25
17530.0,1,13,3140.56
17531.0,121,9,1191.22
17532.0,386,1,65.34
17533.0,435,1,34.8
17534.0,54,5,1668.83
17535.0,280,1,164.4
17536.0,177,3,364.83
17537.0,30,2,897.62
17538.0,26,1,98.42
17539.0,617,7,1047.07
17540.0,9,7,1582.1000000000001
17541.0,510,1,124.46
17542.0,270,3,341.7
17543.0,550,1,120.05
17544.0,390,3,960.69
17545.0,43,6,1448.54
17547.0,372,4,680.5500000000001
17548.0,218,6,345.0
17549.0,24,2,148.86
17550.0,197,10,2206.54
17551.0,359,1,306.84
17552.0,43,16,3039.2
17553.0,130,4,3757.6
17554.0,1,5,1952.45
17555.0,20,5,1057.74
17556.0,206,2,300.67
17557.0,14,4,575.46
17558.0,393,1,259.17
17559.0,513,1,167.62
17560.0,95,8,1895.8
17561.0,19,4,722.34
17562.0,14,8,1107.38
17563.0,578,5,309.28
17564.0,24,3,454.01
17565.0,587,1,131.83
17566.0,8,2,901.21
17567.0,7,11,5037.11
17568.0,633,1,382.79
17569.0,332,1,344.14
17571.0,50,5,1703.75
17572.0,71,10,723.0100000000001
17573.0,29,4,362.9
17574.0,243,1,185.65
17575.0,667,1,171.7
17576.0,8,45,8885.66
17577.0,645,2,348.75
17578.0,191,10,1003.73
17579.0,5,5,744.58
17580.0,253,5,545.27
17581.0,1,53,18247.47
17582.0,236,6,1433.7
17583.0,560,1,135.95
17584.0,7,7,5294.42
17585.0,109,7,2093.3
17586.0,619,1,167.4
17587.0,628,1,181.66
17588.0,100,9,2901.65
17589.0,60,21,13904.82
17590.0,2,3,1479.22
17591.0,73,9,2765.7200000000003
17593.0,4,15,8044.0
17594.0,85,4,2497.88
17595.0,12,2,388.79
17596.0,23,14,4907.32
17597.0,214,7,3425.29
17598.0,381,1,409.98
17599.0,465,3,44.55
17600.0,18,1,161.67000000000002
17601.0,239,2,421.48
17602.0,2,18,7337.43
17603.0,50,11,120.01000000000002
17604.0,217,6,945.9300000000001
17605.0,590,1,160.75
17606.0,737,1,87.30000000000001
17607.0,376,1,333.81
17608.0,33,4,498.53
17609.0,41,14,1758.99
17610.0,540,8,1427.84
17611.0,4,35,8205.38
17612.0,53,32,5156.14
17613.0,23,17,4509.37
17614.0,57,1,390.07
17615.0,130,7,725.7
17616.0,174,4,1060.8
17617.0,559,2,237.28
17618.0,6,13,4047.94
17619.0,312,1,218.52
17620.0,60,1,81.44
17621.0,21,8,3029.32
17622.0,597,3,1125.17
17623.0,33,7,2383.67
17624.0,15,4,1568.63
17625.0,18,8,6067.8
17626.0,603,1,254.0
17627.0,479,2,285.11
17628.0,81,1,75.75
17629.0,6,11,2425.52
17630.0,170,2,503.6
17631.0,2,7,998.49
17633.0,31,9,1974.89
17634.0,36,9,2361.9700000000003
17635.0,424,4,1256.83
17636.0,9,2,265.93
17637.0,31,2,547.0600000000001
17638.0,647,2,842.4000000000001
17639.0,276,6,615.17
17640.0,87,8,3107.59
17642.0,120,5,1824.49
17643.0,373,2,541.25
17644.0,1,28,5864.54
17646.0,219,16,4094.1600000000003
17647.0,65,3,331.65999999999997
17648.0,61,6,2208.42
17649.0,135,5,1542.44
17650.0,21,1,166.07999999999998
17651.0,12,22,5632.59
17652.0,25,18,4737.13
17653.0,29,5,1175.88
17654.0,277,1,117.55
17655.0,11,10,3585.28
17656.0,73,5,1674.69
17657.0,430,1,126.0
17658.0,11,3,485.88
17659.0,4,17,3784.13
17660.0,141,2,359.47
17662.0,662,2,412.92
17663.0,26,23,5081.04
17664.0,19,4,1166.23
17665.0,493,1,563.1
17666.0,4,5,2047.8
17667.0,66,12,3883.8
17668.0,1,2,347.75
17669.0,43,10,6142.35
17670.0,228,1,205.7
17671.0,16,7,2114.71
17672.0,44,9,5707.08
17673.0,1,15,4216.33
17674.0,74,2,851.7
17675.0,1,90,37605.840000000004
17676.0,4,13,2722.52
17677.0,2,91,35866.63
17678.0,264,3,579.8100000000001
17679.0,53,11,3166.56
17680.0,24,4,462.5
17681.0,597,6,529.6
17682.0,10,12,4441.78
17683.0,386,3,819.01
17684.0,44,1,239.41
17685.0,17,14,5928.17
17686.0,7,9,8296.81
17687.0,421,1,432.68
17688.0,375,2,286.5
17689.0,388,2,317.08
17690.0,30,21,7438.6
17691.0,358,5,769.85
17692.0,127,14,2962.4
17693.0,136,3,187.02
17694.0,142,3,1695.97
17695.0,132,6,1720.54
17696.0,38,48,7380.89
17697.0,236,1,338.95
17698.0,261,1,154.95
17699.0,477,2,442.0
17700.0,17,17,6630.87
17701.0,253,1,417.95
17702.0,30,9,2911.79
17703.0,35,4,1094.84
17704.0,169,2,885.19
17705.0,3,12,2041.5
17706.0,4,43,19543.9
17707.0,185,9,605.05
17708.0,188,4,887.9300000000001
17709.0,170,5,671.01
17710.0,424,1,293.5
17711.0,11,2,385.1
17712.0,45,1,522.91
17713.0,382,4,1198.09
17714.0,321,9,1376.58
17715.0,201,2,489.59999999999997
17716.0,23,27,15671.32
17717.0,421,1,376.92
17718.0,232,3,386.98
17719.0,38,18,5367.8
17720.0,26,12,2715.06
17721.0,659,1,307.21000000000004
17722.0,96,7,4386.96
17723.0,127,7,3378.4000000000005
17724.0,58,4,995.6500000000001
17725.0,16,14,3371.13
17726.0,395,8,1089.56
17727.0,9,2,1042.55
17728.0,4,8,3861.13
17729.0,596,1,438.65000000000003
17730.0,3,23,7757.35
17731.0,79,7,1347.08
17732.0,373,10,2448.14
17733.0,39,2,692.19
17734.0,54,6,1442.32
17735.0,2,29,17162.58
17736.0,9,4,337.49
17737.0,9,2,168.24
17738.0,19,15,4145.36
17739.0,12,20,7718.14
17740.0,389,6,426.90000000000003
17741.0,407,2,101.1
17742.0,113,11,2098.48
17743.0,442,2,208.85
17744.0,4,8,2617.82
17745.0,478,2,600.34
17746.0,235,7,873.4300000000001
17747.0,100,2,64.65
17748.0,527,1,358.15
17749.0,178,3,1026.18
17750.0,5,9,1797.57
17751.0,421,1,157.85999999999999
17752.0,359,1,80.64
17753.0,464,5,388.06
17754.0,1,16,4509.39
17756.0,376,3,733.7
17757.0,1,60,9342.84
17758.0,19,12,5012.53
17759.0,17,5,1276.91
17760.0,22,7,911.68
17761.0,33,1,712.78
17762.0,456,1,129.75
17763.0,263,5,51.15
17764.0,51,5,1623.64
17765.0,159,4,530.8
17766.0,381,2,299.61
17767.0,15,2,413.05
17768.0,8,8,3504.56
17769.0,13,21,6994.66
17770.0,199,5,1143.27
17771.0,57,4,387.41
17772.0,11,3,384.77
17773.0,514,2,585.27
17774.0,97,13,2945.7
17775.0,255,1,56.4
17776.0,387,3,331.81
17777.0,25,3,665.86
17778.0,662,1,197.70000000000002
17779.0,21,5,642.17
17780.0,667,3,352.91
17781.0,159,2,188.02
17782.0,383,2,679.02
17783.0,72,3,379.91
17784.0,550,1,112.86
17785.0,53,3,403.38
17786.0,85,2,278.74
17787.0,153,4,2601.4700000000003
17788.0,74,2,1117.9
17789.0,281,2,397.15
17790.0,27,20,2783.61
17791.0,30,1,106.1
17792.0,467,2,370.05
17793.0,25,1,323.04
17794.0,687,2,147.3
17795.0,180,2,350.39
17796.0,40,7,1361.99
17797.0,22,8,1985.8700000000001
17798.0,582,1,183.09
17799.0,22,23,6216.74
17800.0,37,9,1199.01
17801.0,451,4,795.78
17802.0,82,16,4915.84
17803.0,392,1,184.66
17804.0,376,4,380.13
17805.0,74,2,927.03
17806.0,11,1,546.04
17807.0,395,3,437.87
17808.0,549,4,262.64
17809.0,16,24,10498.85
17810.0,669,3,344.86
17811.0,4,60,9448.53
17812.0,13,7,1165.89
17813.0,14,7,1714.6
17814.0,375,2,1617.32
17815.0,393,1,591.96
17816.0,37,6,112.32
17817.0,4,7,801.15
17818.0,738,1,130.18
17819.0,72,13,6568.72
17820.0,191,3,159.51
17821.0,406,1,334.62
17822.0,420,5,2188.5
17823.0,421,2,494.25
17824.0,51,1,298.4
17825.0,599,4,731.96
17826.0,374,1,134.59
17827.0,5,7,2381.3
17828.0,9,9,1599.97
17829.0,299,6,4680.42
17830.0,2,3,398.7
17831.0,33,1,35.400000000000006
17832.0,50,1,155.37
17833.0,723,1,342.36
17834.0,415,2,730.47
17835.0,3,3,350.64
17836.0,47,1,110.21000000000001
17837.0,42,10,1560.53
17838.0,27,15,6239.55
17839.0,42,1,338.8
17840.0,444,1,185.72
17841.0,2,289,69516.19
17842.0,602,1,430.69
17843.0,303,2,326.23
17844.0,107,1,51.559999999999995
17845.0,555,4,598.19
17846.0,85,1,2033.1
17847.0,516,2,129.69
17848.0,81,31,3638.15
17849.0,218,8,1063.76
17850.0,302,159,55703.130000000005
17851.0,422,6,1563.34
17852.0,12,5,663.21
17853.0,407,3,1608.19
17854.0,185,6,1071.45
17855.0,373,1,417.94
17856.0,2,6,1393.79
17857.0,3,26,28566.54
17858.0,6,32,12723.3
17859.0,305,1,148.21
17860.0,369,4,1015.54
17861.0,3,22,5064.59
17862.0,324,4,1279.09
17863.0,59,12,5745.2
17864.0,13,5,924.32
17865.0,31,62,25649.05
17866.0,143,4,1131.0
17867.0,30,20,895.78
17868.0,386,1,234.65
17869.0,107,7,1036.16
17870.0,2,14,3103.2
17871.0,205,5,1118.99
17872.0,382,1,235.87
17873.0,80,20,6229.56
17874.0,185,7,658.26
17875.0,688,1,167.1
17876.0,400,3,3424.02
17877.0,170,1,237.61
17878.0,44,3,1412.33
17879.0,174,1,178.52
17880.0,365,3,824.9200000000001
17881.0,304,1,133.35
17882.0,379,2,313.46
17883.0,3,8,979.95
17884.0,4,23,3028.89
17885.0,12,1,190.19
17886.0,32,7,1598.43
17887.0,129,1,111.35
17888.0,19,31,1318.9
17889.0,212,7,774.87
17890.0,323,2,602.09
17891.0,162,1,203.85999999999999
17892.0,56,3,244.1
17893.0,225,1,112.25
17894.0,72,20,2397.66
17895.0,44,1,98.0
17896.0,23,1,256.32
17897.0,173,10,2534.0
17898.0,85,4,299.18
17899.0,159,1,155.8
17900.0,165,4,15.0
17901.0,29,3,260.08
17902.0,547,1,216.4
17903.0,394,1,381.09000000000003
17904.0,21,2,178.92000000000002
17905.0,71,14,2374.2200000000003
17906.0,247,1,72.9
17907.0,641,1,291.76
17908.0,374,7,1357.89
17909.0,737,1,132.55
17910.0,726,1,261.7
17911.0,9,1,366.23
17912.0,310,7,360.1
17913.0,59,14,3479.64
17914.0,4,1,336.43
17915.0,551,1,242.13
17916.0,629,2,43.87
17917.0,45,3,341.28
17918.0,501,3,396.39
17919.0,88,2,1840.3200000000002
17920.0,4,56,24509.91
17921.0,64,12,2383.35
17922.0,543,1,170.4
17923.0,282,3,497.0
17924.0,1,14,3445.28
17925.0,373,1,488.16
17926.0,133,5,1035.49
17927.0,722,1,294.0
17928.0,45,3,341.24
17929.0,11,13,3073.6
17930.0,36,15,4242.92
17931.0,134,18,3305.96
17932.0,29,3,1331.57
17933.0,632,1,114.69
17934.0,52,3,1049.15
17935.0,138,8,655.54
17936.0,5,1,389.84
17937.0,9,7,4301.22
17938.0,420,1,144.29
17939.0,160,1,99.14
17940.0,49,22,26960.02
17941.0,131,4,1433.28
17942.0,8,1,77.50000000000001
17944.0,423,1,75.41
17945.0,697,3,360.35
17946.0,233,2,149.57999999999998
17947.0,37,1,176.68
17948.0,147,1,358.56000000000006
17949.0,1,138,98895.59
17950.0,72,8,1412.65
17951.0,40,5,1618.38
17952.0,378,4,819.61
17953.0,540,1,160.82
17954.0,5,26,3831.56
17955.0,199,6,949.9
17956.0,249,1,12.75
17957.0,66,1,111.68
17958.0,117,2,973.88
17959.0,592,1,140.75
17960.0,171,3,135.08
17961.0,21,102,2979.09
17962.0,142,5,673.02
17963.0,471,4,651.51
17964.0,32,2,733.46
17965.0,38,33,7117.78
17966.0,38,10,1974.42
17967.0,372,2,357.29
17968.0,374,4,888.04
17969.0,166,27,2251.19
17970.0,211,1,582.59
17971.0,548,1,161.94
17972.0,242,1,136.04
17973.0,52,1,337.04
17974.0,25,6,1858.06
17975.0,15,26,6927.68
17976.0,372,1,706.38
17977.0,29,3,1507.73
17978.0,365,4,1461.76
17979.0,36,5,737.81
17980.0,166,4,1033.42
17981.0,411,1,239.12
17982.0,681,1,138.18
17983.0,395,1,171.71
17984.0,145,5,1191.27
17985.0,22,1,634.95
17986.0,56,1,20.8
17987.0,185,6,928.12
17988.0,12,15,479.59
17989.0,379,1,228.83
17990.0,237,7,1522.5700000000002
17991.0,225,3,320.55
17992.0,389,1,254.13
17993.0,617,1,235.19
17994.0,122,14,2262.87
17995.0,282,3,495.48
17996.0,380,3,482.33
17997.0,74,12,1511.3
17998.0,380,4,601.74
17999.0,37,3,730.9
18000.0,564,1,124.25
18001.0,12,6,953.84
18002.0,376,4,249.92
18003.0,376,1,358.61
18004.0,362,1,169.47
18005.0,4,2,249.72
18006.0,23,4,997.86
18007.0,393,1,220.32
18008.0,70,23,19787.13
18009.0,235,14,2077.08
18010.0,257,1,174.8
18011.0,373,2,527.03
18012.0,723,1,115.3
18013.0,155,2,187.29
18014.0,28,1,166.42
18015.0,4,1,120.03
18016.0,32,7,1960.46
18017.0,81,4,688.0
18018.0,108,5,156.69
18019.0,52,1,38.45
18020.0,544,2,129.28
18021.0,510,2,227.06
18022.0,36,5,1651.79
18024.0,153,3,236.77999999999997
18025.0,380,6,1177.72
18026.0,501,2,2074.07
18027.0,99,1,115.31
18028.0,583,1,192.05
18029.0,642,1,433.77
18030.0,4,3,220.7
18031.0,379,1,462.1
18032.0,334,1,73.5
18033.0,65,1,97.97
18034.0,22,3,793.7
18035.0,36,5,1276.74
18036.0,32,11,1563.64
18037.0,154,15,167.42
18038.0,556,1,149.41
18039.0,374,4,579.17
18040.0,19,2,357.20000000000005
18041.0,12,40,8669.65
18042.0,54,2,281.15
18043.0,25,3,875.97
18044.0,4,19,3502.66
18045.0,45,1,189.4
18046.0,650,1,189.63
18047.0,381,2,342.69
18048.0,203,3,401.73
18049.0,437,2,556.52
18050.0,359,2,412.06
18051.0,634,8,2275.98
18052.0,565,1,10877.18
18053.0,66,6,527.77
18054.0,393,1,176.5
18055.0,7,15,11163.52
18056.0,288,3,539.75
18057.0,393,3,1203.56
18058.0,10,3,774.06
18059.0,9,4,296.71
18060.0,408,2,1185.46
18061.0,22,29,6480.47
18062.0,173,9,1523.3700000000001
18063.0,391,2,186.60000000000002
18064.0,133,15,4441.18
18065.0,6,32,5836.88
18066.0,75,3,1440.4
18067.0,40,1,396.33
18068.0,289,1,101.7
18069.0,26,13,4525.71
18070.0,669,2,307.75
18071.0,258,6,1428.63
18073.0,114,13,3864.44
18074.0,374,2,1509.04
18075.0,23,31,5579.91
18076.0,380,1,151.49
18077.0,8,18,4338.56
18078.0,217,4,844.6
18079.0,45,5,4242.75
18080.0,19,2,1231.5
18081.0,36,3,343.45
18082.0,26,1,703.37
18083.0,398,1,470.73
18084.0,16,5,193.73
18085.0,330,4,1645.75
18086.0,274,1,101.34
18087.0,98,21,14411.62
18088.0,61,1,167.67000000000002
18089.0,447,1,428.45
18090.0,422,1,349.4
18091.0,593,1,360.85
18092.0,2,20,16173.19
18093.0,93,9,4429.61
18094.0,82,15,6322.62
18095.0,313,5,2303.09
18096.0,12,6,1805.28
18097.0,8,14,4652.17
18098.0,396,1,550.84
18099.0,127,1,168.31
18100.0,550,1,451.56
18101.0,11,5,629.16
18102.0,1,153,598215.22
18103.0,549,1,105.8
18104.0,37,1,754.64
18105.0,38,1,113.48000000000002
18106.0,330,6,1461.46
18107.0,442,1,167.13
18108.0,249,4,842.46
18109.0,2,45,9754.66
18110.0,19,3,405.18
18111.0,583,2,398.90000000000003
18112.0,12,4,775.96
18113.0,369,1,152.64000000000001
18114.0,290,1,220.1
18115.0,698,1,9.700000000000001
18116.0,68,13,2154.3
18117.0,26,1,320.71999999999997
18118.0,11,35,6670.07
18119.0,368,1,362.24
18120.0,214,1,111.15
18121.0,149,2,673.1
18122.0,8,6,1826.21
18123.0,24,3,684.59
18124.0,472,1,111.53
18125.0,30,5,1141.34
18126.0,61,1,206.83
18127.0,19,4,561.53
18128.0,537,1,420.04
18129.0,243,1,112.55000000000001
18130.0,9,4,1045.74
18131.0,632,1,222.95999999999998
18132.0,504,1,226.9
18133.0,211,2,715.5
18134.0,598,2,445.0
18135.0,29,13,1229.22
18136.0,63,9,1531.71
18137.0,551,2,145.99
18138.0,295,1,152.65
18139.0,17,8,8393.22
18140.0,474,1,536.41
18141.0,361,4,838.57
18142.0,151,4,1014.9
18143.0,117,2,1000.16
18144.0,8,19,5058.0
18145.0,13,12,5600.09
18146.0,141,2,160.35
18147.0,46,2,179.34
18148.0,647,1,114.10000000000001
18149.0,51,7,1624.71
18150.0,32,3,566.58
18151.0,135,7,1853.94
18152.0,646,1,426.69
18153.0,659,1,246.22
18154.0,3,5,932.6
18155.0,75,4,347.82
18156.0,13,2,941.1700000000001
18157.0,571,1,215.35
18158.0,9,3,451.75
18159.0,301,1,530.15
18160.0,57,3,1003.88
18161.0,10,7,1797.2
18162.0,732,1,379.15999999999997
18163.0,561,2,639.34
18164.0,31,2,394.7
18165.0,177,1,302.46
18166.0,624,1,175.5
18167.0,4,6,1355.51
18168.0,176,22,3670.12
18169.0,61,1,202.65
18170.0,33,9,2878.0
18171.0,59,11,2414.51
18172.0,15,63,17301.83
18173.0,87,5,2696.36
18174.0,7,2,162.5
18175.0,676,1,176.10000000000002
18176.0,354,2,448.65
18177.0,31,10,2189.62
18178.0,114,15,6054.49
18179.0,9,8,2547.55
18180.0,5,6,1843.75
18181.0,24,7,1184.21
18182.0,463,1,291.13
18183.0,218,6,600.52
18184.0,15,1,49.8
18185.0,249,1,304.25
18186.0,723,1,329.58000000000004
18187.0,623,3,682.19
18188.0,15,8,3263.19
18189.0,78,5,1396.58
18190.0,192,6,735.6700000000001
18191.0,262,2,529.4
18192.0,72,1,957.97
18193.0,151,5,1155.7
18194.0,64,7,4084.2
18195.0,387,1,101.16
18196.0,95,4,1464.31
18197.0,514,2,221.4
18198.0,4,21,5083.06
18199.0,676,2,342.20000000000005
18200.0,106,1,163.8
18201.0,723,1,447.53000000000003
18202.0,200,3,1396.99
18203.0,157,4,504.42
18204.0,71,4,1979.3
18205.0,36,2,517.36
18206.0,553,1,314.65999999999997
18207.0,494,3,505.12
18208.0,566,1,360.08
18209.0,29,1,139.10000000000002
18210.0,2,7,2768.83
18211.0,26,5,600.07
18212.0,326,2,546.72
18213.0,237,1,232.48000000000002
18214.0,531,5,1480.99
18215.0,89,6,2238.9900000000002
18216.0,31,1,481.75
18217.0,29,6,902.8000000000001
18218.0,206,6,1106.3
18219.0,3,19,3507.39
18220.0,220,11,1771.7
18221.0,22,8,1370.34
18222.0,93,1,443.0
18223.0,2,52,13497.58
18224.0,264,1,158.95000000000002
18225.0,3,34,12650.91
18226.0,39,38,11748.58
18227.0,218,3,93.75
18228.0,50,3,769.2
18229.0,12,28,10803.71
18230.0,9,12,4190.71
18231.0,192,30,6848.17
18232.0,82,5,582.47
18233.0,326,1,440.0
18234.0,552,1,179.6
18235.0,72,3,1796.48
18236.0,30,12,1795.3500000000001
18237.0,3,5,987.1
18238.0,515,1,270.92
18239.0,219,6,2150.36
18240.0,46,1,422.58
18241.0,10,23,2954.09
18242.0,72,8,3605.21
18243.0,414,1,515.78
18244.0,431,2,568.64
18245.0,7,23,6236.2300000000005
18246.0,24,3,758.8199999999999
18247.0,410,6,721.43
18248.0,114,4,783.02
18249.0,17,1,95.34
18250.0,301,2,342.92
18251.0,87,9,26278.86
18252.0,51,8,1465.59
18253.0,643,1,317.88
18254.0,581,1,267.9
18255.0,89,2,303.15
18256.0,355,2,60.599999999999994
18257.0,39,18,4496.8
18258.0,464,8,2040.97
18259.0,25,7,4318.2
18260.0,173,32,9751.95
18261.0,43,2,324.24
18262.0,140,3,577.54
18263.0,23,4,1211.08
18264.0,499,1,603.25
18265.0,72,2,801.51
18266.0,434,1,251.1
18267.0,660,2,252.87
18268.0,134,8,1451.22
18269.0,358,2,307.5
18270.0,38,4,400.35
18271.0,610,2,680.85
18272.0,3,11,4347.33
18273.0,2,4,357.0
18275.0,578,2,741.85
18276.0,21,10,1620.67
18277.0,58,8,1111.38
18278.0,74,2,414.20000000000005
18279.0,519,1,231.34
18280.0,278,3,472.45000000000005
18281.0,181,2,201.14
18282.0,8,3,176.6
18283.0,4,22,2736.65
18284.0,430,2,436.68
18285.0,661,1,427.0
18286.0,477,3,1188.43
18287.0,43,8,4177.89
