Customer ID,Recency,Frequency,Monetary
12347.0,2,2.1972245773362196,8.63663174483544
12348.0,75,1.791759469228055,7.6110507905938976
12349.0,19,1.791759469228055,8.390618118825207
12350.0,310,0.6931471805599453,5.815323849389109
12351.0,375,0.6931471805599453,5.710195202428391
12352.0,36,2.6390573296152584,7.544443212992417
12353.0,204,1.0986122886681098,6.010678766031786
12354.0,232,0.6931471805599453,6.985086621918461
12355.0,214,1.0986122886681098,6.854997755239065
12356.0,23,1.9459101490553132,8.76008917268833
12357.0,33,1.3862943611198906,9.814036474622236
12358.0,2,1.791759469228055,8.265668169533484
12359.0,8,2.70805020110221,9.072903075516766
12360.0,52,2.302585092994046,8.346141490558791
12361.0,287,1.6094379124341003,6.238812787119009
12362.0,3,2.70805020110221,8.57273763684292
12363.0,110,1.0986122886681098,6.315358001522335
12364.0,8,1.6094379124341003,7.180907299649593
12365.0,291,1.3862943611198906,5.773588348900164
12366.0,634,0.6931471805599453,6.217085028297085
12367.0,4,0.6931471805599453,5.135210028677887
12368.0,628,0.6931471805599453,6.822959627277421
12369.0,413,1.3862943611198906,7.491171295388921
12370.0,51,2.0794415416798357,8.371313876010715
12371.0,45,1.791759469228055,8.31100016480189
12372.0,72,1.3862943611198906,7.169380809114136
12373.0,311,1.3862943611198906,7.028777507229587
12374.0,25,1.6094379124341003,8.003102242273277
12375.0,3,1.3862943611198906,6.1234134382372645
12376.0,390,1.0986122886681098,6.222873842839224
12377.0,315,1.6094379124341003,8.139533893646055
12378.0,130,1.0986122886681098,8.597356507200939
12379.0,82,1.791759469228055,7.389730709384001
12380.0,22,2.772588722239781,8.97322466309509
12381.0,5,1.9459101490553132,7.49829370985661
12383.0,185,1.9459101490553132,7.517689314673032
12384.0,29,1.3862943611198906,6.340641450869357
12385.0,379,1.0986122886681098,7.562369509825299
12386.0,338,1.0986122886681098,6.4949633954875114
12387.0,415,0.6931471805599453,4.976319863681136
12388.0,16,2.1972245773362196,8.269272711457157
12389.0,403,1.3862943611198906,7.268453120207762
12390.0,80,0.6931471805599453,6.311444385858925
12391.0,22,2.0794415416798357,7.918927007665679
12392.0,591,0.6931471805599453,5.462771921513567
12393.0,72,2.0794415416798357,7.773909941362495
12394.0,64,1.0986122886681098,7.149508589545504
12395.0,16,2.9444389791664403,8.526731556234932
12396.0,674,0.6931471805599453,6.837794081676172
12397.0,36,1.0986122886681098,7.7877554007552545
12398.0,46,0.6931471805599453,7.4004128587924045
12399.0,119,2.0794415416798357,7.582382009904704
12400.0,414,0.6931471805599453,5.32908902521479
12401.0,303,0.6931471805599453,4.446174454497633
12402.0,323,2.0794415416798357,7.127011283569154
12403.0,50,1.3862943611198906,6.910112498555815
12404.0,682,0.6931471805599453,4.162626069638506
12405.0,149,0.6931471805599453,7.445061184797548
12406.0,22,2.0794415416798357,8.711642574585087
12407.0,50,1.791759469228055,7.4437338971514055
12408.0,33,2.70805020110221,8.361857810107221
12409.0,79,2.6390573296152584,10.047218564245856
12410.0,301,1.6094379124341003,6.910212258135312
12411.0,410,0.6931471805599453,5.8519150821578965
12412.0,75,2.1972245773362196,7.856331190239167
12413.0,67,1.9459101490553132,6.842149521884143
12414.0,217,2.1972245773362196,6.541621454837154
12415.0,24,3.5263605246161616,11.872488265035575
12416.0,657,0.6931471805599453,5.315960801720632
12417.0,3,3.332204510175204,8.81123648831016
12418.0,113,1.791759469228055,7.609837423599662
12419.0,386,1.0986122886681098,6.222596109144375
12420.0,64,0.6931471805599453,6.3992436425478765
12421.0,16,2.1972245773362196,6.997440577854158
12422.0,96,3.091042453358316,8.323693390191712
12423.0,1,2.4849066497880004,7.86832697623342
12424.0,163,2.0794415416798357,8.098879897726775
12425.0,78,1.3862943611198906,7.427625873391348
12426.0,195,1.3862943611198906,7.17962042068608
12427.0,12,1.791759469228055,6.920543164325412
12428.0,26,2.5649493574615367,8.971854730362702
12429.0,9,2.302585092994046,8.914156931750366
12430.0,43,0.6931471805599453,5.5506312951620265
12431.0,36,3.5263605246161616,9.27990468016208
12432.0,43,1.791759469228055,8.529185001388596
12433.0,1,2.4849066497880004,9.924752835120543
12434.0,85,1.791759469228055,6.969301828633653
12435.0,80,1.9459101490553132,9.541579654832375
12436.0,100,0.6931471805599453,6.234430333369278
12437.0,2,3.871201010907891,9.425117018156786
12438.0,14,1.0986122886681098,7.9751692554798295
12439.0,683,1.3862943611198906,7.008034908772475
12440.0,457,1.3862943611198906,6.64528600900176
12441.0,367,0.6931471805599453,5.8524897948173935
12442.0,3,0.6931471805599453,5.153638355178593
12443.0,732,0.6931471805599453,6.186846280636522
12444.0,21,1.791759469228055,8.518484357502437
12445.0,22,1.3862943611198906,6.057907503656696
12446.0,58,0.6931471805599453,6.9110598129904375
12447.0,243,0.6931471805599453,6.168543217293113
12448.0,44,0.6931471805599453,6.110247083097449
12449.0,22,1.9459101490553132,8.484027231195778
12450.0,156,2.0794415416798357,6.504213320435821
12451.0,11,2.3978952727983707,9.437279112440756
12452.0,17,1.3862943611198906,6.062784708354025
12453.0,134,0.6931471805599453,6.562571204258897
12454.0,53,2.302585092994046,8.364906440061182
12455.0,73,2.3978952727983707,8.679473592468364
12456.0,44,1.6094379124341003,8.05670890907432
12457.0,58,2.70805020110221,7.813312613486552
12458.0,71,1.6094379124341003,7.483519968656931
12459.0,605,0.6931471805599453,6.121088314901487
12460.0,456,0.6931471805599453,5.791945965485506
12461.0,94,1.0986122886681098,6.718868216346018
12462.0,2,1.6094379124341003,7.025547203487903
12463.0,46,2.0794415416798357,7.1736747546517945
12464.0,10,2.1972245773362196,7.100893128209941
12465.0,8,1.3862943611198906,6.599720828148736
12466.0,682,0.6931471805599453,4.055776969072842
12468.0,143,2.3978952727983707,8.195761279917763
12469.0,523,1.0986122886681098,8.029934343472139
12470.0,690,0.6931471805599453,5.3610573963692225
12471.0,2,4.867534450455582,10.544014506091129
12472.0,31,3.6375861597263857,9.738476697239257
12473.0,29,2.302585092994046,7.954804061320141
12474.0,17,4.007333185232471,9.389945743275902
12475.0,54,1.0986122886681098,7.048073588295634
12476.0,1,3.6635616461296463,9.5263635152442
12477.0,23,2.5649493574615367,9.912181649112775
12478.0,4,0.6931471805599453,6.525014994979364
12479.0,4,1.3862943611198906,6.170238150686251
12480.0,28,2.1972245773362196,8.600817170981156
12481.0,23,2.9444389791664403,9.410668008600378
12482.0,450,3.4965075614664802,9.99399211291695
12483.0,17,3.332204510175204,8.4862947122081
12484.0,33,2.833213344056216,8.749074457473672
12485.0,529,0.6931471805599453,6.563996560309951
12486.0,432,0.6931471805599453,6.945320776868279
12487.0,731,1.0986122886681098,5.563753830052498
12488.0,10,1.3862943611198906,7.169857970780942
12489.0,336,0.6931471805599453,5.816902804925467
12490.0,5,3.1354942159291497,9.192139740798721
12491.0,39,0.6931471805599453,6.134265345739653
12492.0,63,1.3862943611198906,6.573973420047142
12493.0,166,1.3862943611198906,6.034978913938941
12494.0,10,2.8903717578961645,7.4642347251641485
12495.0,635,1.0986122886681098,5.781977322241258
12496.0,620,1.0986122886681098,4.008968211484625
12497.0,82,1.6094379124341003,8.73435891104391
12498.0,21,1.3862943611198906,6.00314605188182
12499.0,560,0.6931471805599453,5.9781766527810465
12500.0,23,3.258096538021482,8.67817363805594
12501.0,315,1.0986122886681098,7.645244650892818
12502.0,96,1.791759469228055,8.222787230875806
12504.0,18,1.9459101490553132,6.021023349349527
12505.0,301,1.3862943611198906,6.812345094177479
12506.0,233,0.6931471805599453,4.310799125385514
12507.0,134,1.791759469228055,7.494602613963119
12508.0,26,1.0986122886681098,5.989637879766574
12509.0,284,0.6931471805599453,5.178970608915471
12510.0,143,2.833213344056216,8.213471163930178
12511.0,415,1.0986122886681098,8.02838016945351
12512.0,66,1.0986122886681098,4.9346897371814515
12513.0,85,1.0986122886681098,6.376369741250785
12514.0,267,1.0986122886681098,7.3769836077601205
12515.0,353,0.6931471805599453,5.95246380975825
12516.0,78,1.6094379124341003,7.882171512471631
12517.0,28,1.9459101490553132,7.810308076078937
12518.0,1,1.791759469228055,7.629436465014086
12519.0,64,1.3862943611198906,6.545622611585585
12520.0,79,1.9459101490553132,7.856904218437767
12521.0,143,0.6931471805599453,6.39806234681208
12522.0,39,1.0986122886681098,5.266413817535028
12523.0,2,3.4339872044851463,8.348028699591431
12524.0,9,2.9444389791664403,9.314011862033007
12525.0,491,2.1972245773362196,6.7288439009133985
12526.0,1,1.3862943611198906,7.183612715167257
12527.0,82,1.791759469228055,6.601922813543027
12528.0,9,2.1972245773362196,7.561787340813513
12529.0,523,1.0986122886681098,5.745500068008069
12530.0,60,2.5649493574615367,8.21361477221039
12531.0,15,1.3862943611198906,7.549635480597751
12532.0,30,0.6931471805599453,5.860301775655642
12533.0,619,1.9459101490553132,7.048377720586834
12534.0,131,0.6931471805599453,6.9940980992041535
12535.0,92,1.0986122886681098,6.575563866544399
12536.0,8,1.791759469228055,8.320647753145908
12537.0,409,0.6931471805599453,6.598427281404094
12538.0,29,1.0986122886681098,6.463731238695349
12539.0,22,2.1972245773362196,9.15903655121744
12540.0,20,3.6109179126442243,10.003707930290679
12541.0,30,1.3862943611198906,6.889774590946187
12542.0,484,1.6094379124341003,6.050629280275953
12543.0,448,0.6931471805599453,6.888827269096618
12544.0,30,1.0986122886681098,5.876895092364846
12545.0,75,1.0986122886681098,6.9091443138264115
12546.0,47,1.3862943611198906,7.040974122768359
12547.0,198,1.3862943611198906,5.952151829722441
12548.0,166,0.6931471805599453,4.566429357671661
12549.0,576,1.9459101490553132,7.363076649441731
12550.0,79,0.6931471805599453,6.872987835288763
12551.0,358,0.6931471805599453,5.1298987149230735
12552.0,39,1.0986122886681098,6.084089306213804
12553.0,8,2.8903717578961645,8.4228429507229
12554.0,449,0.6931471805599453,6.1516682986483175
12555.0,682,0.6931471805599453,4.869302117979612
12556.0,50,1.0986122886681098,6.404749004268278
12557.0,16,2.1972245773362196,9.837194960582092
12558.0,2,1.0986122886681098,1.0658141036401446e-14
12559.0,311,1.3862943611198906,6.286389079516778
12560.0,5,1.6094379124341003,7.650830071810182
12561.0,303,0.6931471805599453,5.480013727948073
12562.0,8,2.302585092994046,8.510756520424078
12563.0,409,0.6931471805599453,5.522420457356946
12564.0,261,0.6931471805599453,6.12665081966305
12565.0,282,1.0986122886681098,4.884088972769716
12566.0,73,1.0986122886681098,5.851340039013816
12567.0,23,2.8903717578961645,9.502623344038476
12568.0,645,0.6931471805599453,4.2626798770413155
12569.0,2,3.58351893845611,8.31041253476569
12570.0,682,0.6931471805599453,4.3633533694082605
12571.0,40,1.0986122886681098,6.255001200981438
12572.0,9,1.3862943611198906,6.913458981898815
12573.0,227,1.791759469228055,6.577040436712936
12574.0,316,0.6931471805599453,5.391124416134243
12575.0,457,1.0986122886681098,6.435861865217934
12576.0,36,2.4849066497880004,7.642461782169148
12577.0,35,2.302585092994046,7.372966191487255
12578.0,21,2.0794415416798357,8.428023122490469
12579.0,73,1.3862943611198906,6.020343506658358
12580.0,247,1.0986122886681098,6.960252847939891
12581.0,40,0.6931471805599453,5.291846475417725
12582.0,239,1.6094379124341003,7.59155894453893
12583.0,3,3.4657359027997265,9.57121946607795
12584.0,4,2.9444389791664403,7.546947731944156
12585.0,234,1.6094379124341003,7.592774517129917
12586.0,17,1.791759469228055,7.615628497244913
12587.0,8,0.6931471805599453,4.976733742420574
12588.0,39,1.791759469228055,6.845858598441955
12589.0,29,2.4849066497880004,8.037598110912347
12590.0,190,1.791759469228055,9.195681453100834
12591.0,317,1.3862943611198906,7.210190486770758
12592.0,92,2.1972245773362196,7.0506601034123
12593.0,109,1.3862943611198906,6.038109554931026
12594.0,38,2.8903717578961645,8.526254017866746
12595.0,505,0.6931471805599453,5.703849139100744
12596.0,51,1.0986122886681098,6.428541364981557
12597.0,19,1.791759469228055,8.211789684483328
12598.0,10,2.772588722239781,8.392914856903767
12599.0,29,2.6390573296152584,7.739672605902305
12600.0,29,3.295836866004329,8.508513632789914
12601.0,190,2.0794415416798357,6.5143570720921105
12602.0,59,0.6931471805599453,5.037731519757957
12603.0,22,0.6931471805599453,6.606920419952056
12604.0,79,1.0986122886681098,5.541969178493598
12605.0,365,1.791759469228055,7.105745111412807
12606.0,682,0.6931471805599453,3.091042453358316
12607.0,58,1.0986122886681098,7.105427357600977e-15
12608.0,405,0.6931471805599453,6.03258249782888
12609.0,78,2.3978952727983707,8.137062441155413
12610.0,23,2.0794415416798357,7.629970850289429
12611.0,52,0.6931471805599453,7.085332264745334
12612.0,58,1.0986122886681098,6.46861445576426
12613.0,31,2.6390573296152584,8.793690951973314
12614.0,278,0.6931471805599453,5.757639147446912
12615.0,2,2.4849066497880004,8.624410382385229
12616.0,85,2.0794415416798357,6.953063196686679
12617.0,29,0.6931471805599453,5.876418387786465
12618.0,22,0.6931471805599453,5.183523608545955
12619.0,16,2.70805020110221,8.118490168787195
12620.0,15,1.3862943611198906,7.20073081629489
12621.0,2,3.8066624897703196,10.109700994920074
12622.0,232,0.6931471805599453,5.199049364889368
12623.0,276,2.302585092994046,8.199969703238432
12624.0,106,1.0986122886681098,6.464790775403018
12625.0,212,1.791759469228055,8.536285762760777
12626.0,23,2.6390573296152584,8.762387820757855
12627.0,11,2.0794415416798357,8.407273409191232
12628.0,4,1.6094379124341003,6.647182409008974
12629.0,386,1.0986122886681098,7.3519409752019005
12630.0,10,1.0986122886681098,7.1482513998271635
12631.0,57,2.0794415416798357,8.147076887208849
12632.0,521,1.6094379124341003,6.606488010886348
12633.0,59,2.3978952727983707,8.62984486188612
12634.0,536,1.0986122886681098,6.19644412779452
12635.0,90,1.6094379124341003,7.983238814926674
12636.0,739,0.6931471805599453,4.955827057601261
12637.0,67,2.70805020110221,9.02071138079942
12638.0,33,1.0986122886681098,6.827076535747527
12639.0,239,1.3862943611198906,7.180351632015874
12640.0,24,1.3862943611198906,7.06951692181073
12641.0,115,0.6931471805599453,5.230573714461517
12642.0,25,1.3862943611198906,6.9219145615400475
12643.0,128,2.70805020110221,8.972324270539222
12644.0,130,1.9459101490553132,7.504688871787653
12645.0,34,2.3978952727983707,8.16054681849792
12646.0,5,1.0986122886681098,7.206355036031724
12647.0,22,3.828641396489095,9.780403679734253
12648.0,155,1.791759469228055,7.001245622069476
12649.0,107,2.3978952727983707,7.714097207308425
12650.0,3,0.6931471805599453,5.753968489569372
12651.0,335,1.791759469228055,5.903452669784769
12652.0,322,1.3862943611198906,6.920256808205062
12653.0,149,1.3862943611198906,8.333710160372133
12654.0,11,1.791759469228055,6.401884028681278
12655.0,424,0.6931471805599453,5.569679490132721
12656.0,17,2.5649493574615367,8.751756093055855
12657.0,11,1.791759469228055,7.050174557076439
12658.0,19,0.6931471805599453,6.532407069777784
12659.0,30,0.6931471805599453,4.529152699564175
12660.0,11,0.6931471805599453,5.50573795739701
12661.0,436,0.6931471805599453,5.093750200806762
12662.0,1,3.1354942159291497,8.84652139869134
12663.0,625,1.3862943611198906,5.3230099791384085
12664.0,8,2.5649493574615367,8.70831590416326
12665.0,325,1.791759469228055,5.711915974552923
12666.0,359,1.0986122886681098,6.929497201100541
12667.0,58,0.6931471805599453,6.431540399799522
12668.0,7,2.5649493574615367,9.339762960012262
12669.0,151,1.6094379124341003,7.383200326820626
12670.0,10,2.1972245773362196,8.229881716951205
12671.0,606,0.6931471805599453,7.872257340866884
12672.0,330,1.3862943611198906,6.019809020117124
12673.0,5,1.3862943611198906,7.115598373006169
12674.0,12,2.0794415416798357,7.5602419103221665
12675.0,554,1.6094379124341003,6.8414017784321155
12676.0,25,2.5649493574615367,7.928078044472486
12677.0,555,1.3862943611198906,5.966915674186569
12678.0,42,3.1780538303479458,10.429757201028398
12679.0,52,2.302585092994046,6.9657128178810295
12680.0,1,1.6094379124341003,6.781976613299544
12681.0,15,4.04305126783455,10.32721030421785
12682.0,4,3.9889840465642745,10.083590399813444
12683.0,4,3.332204510175204,9.427031148849679
12684.0,8,2.0794415416798357,7.733959364615189
12685.0,28,1.9459101490553132,7.960002460651312
12686.0,372,0.6931471805599453,5.188948829492672
12687.0,481,1.0986122886681098,7.668519051056749
12688.0,114,0.6931471805599453,8.491836408313453
12689.0,26,1.0986122886681098,7.1297862115656185
12690.0,206,0.6931471805599453,5.966172379820607
12691.0,28,2.0794415416798357,7.065954893655682
12692.0,637,0.6931471805599453,4.718052343044764
12693.0,121,2.4849066497880004,7.4033169998417385
12694.0,70,1.6094379124341003,7.517765385919225
12695.0,7,2.0794415416798357,7.2500107603590775
12696.0,435,1.3862943611198906,6.687295622797085
12697.0,21,1.791759469228055,6.84590115163345
12698.0,590,0.6931471805599453,5.831149070576642
12699.0,418,0.6931471805599453,6.460076583537422
12700.0,8,1.9459101490553132,8.490641802370774
12701.0,80,1.9459101490553132,7.802785601512003
12702.0,20,0.6931471805599453,5.393627546352362
12703.0,64,2.0794415416798357,6.79478812831361
12704.0,7,2.3978952727983707,7.706090960406212
12705.0,15,3.1354942159291497,9.35487352270848
12707.0,292,0.6931471805599453,6.404269320519532
12708.0,30,3.4339872044851463,8.54074564207383
12709.0,3,4.02535169073515,10.319352065566097
12710.0,97,1.6094379124341003,7.031361327941309
12711.0,612,1.0986122886681098,7.200462205681664
12712.0,23,3.367295829986474,8.850898747160219
12713.0,1,0.6931471805599453,6.744706797531768
12714.0,9,2.5649493574615367,9.553554828664682
12715.0,106,0.6931471805599453,5.871723345495433
12716.0,4,1.0986122886681098,6.960812516706486
12717.0,151,1.6094379124341003,7.138795568822953
12718.0,71,0.6931471805599453,5.477509030333064
12719.0,5,1.3862943611198906,6.411982457842439
12720.0,3,3.7376696182833684,8.99328823029829
12721.0,32,2.3978952727983707,8.270699126493778
12722.0,85,1.9459101490553132,6.808299518118574
12723.0,4,1.791759469228055,6.587646428909591
12724.0,5,2.0794415416798357,7.748684330061293
12725.0,371,1.6094379124341003,7.899361253965079
12726.0,28,2.4849066497880004,8.297942054817371
12727.0,11,2.5649493574615367,8.638973560413042
12728.0,71,1.791759469228055,6.97650678801018
12729.0,114,0.6931471805599453,6.118119224230488
12730.0,522,0.6931471805599453,6.721726860256856
12731.0,24,2.995732273553991,10.153242265092608
12732.0,180,0.6931471805599453,5.469156586232957
12733.0,234,1.9459101490553132,7.752687486274386
12734.0,353,1.3862943611198906,6.462483285955585
12735.0,315,1.0986122886681098,6.660024422032584
12736.0,333,0.6931471805599453,5.459585514144159
12737.0,499,1.0986122886681098,8.219191386557602
12738.0,372,0.6931471805599453,5.7420411867732915
12739.0,78,1.6094379124341003,7.911225040458104
12740.0,64,0.6931471805599453,6.060524083039477
12741.0,529,1.0986122886681098,6.008985160825971
12742.0,600,1.0986122886681098,7.0783584428218935
12743.0,134,1.0986122886681098,6.305234599635373
12744.0,52,2.70805020110221,9.484873373054867
12745.0,487,1.3862943611198906,6.8313169012337
12746.0,528,1.3862943611198906,5.446090610837469
12747.0,2,3.4965075614664802,9.123211533542774
12748.0,1,5.8998973535824915,10.819200717650709
12749.0,4,2.833213344056216,8.75297494317201
12750.0,129,0.6931471805599453,5.623584199327089
12751.0,445,0.6931471805599453,5.595714593686387
12752.0,81,0.6931471805599453,8.38201014985595
12753.0,4,2.4849066497880004,9.953467960465293
12754.0,236,1.791759469228055,7.989601126472641
12755.0,250,3.1354942159291497,8.765201047897877
12756.0,87,0.6931471805599453,4.72809553282539
12757.0,16,2.995732273553991,8.34964989620001
12758.0,117,2.1972245773362196,9.188094763028863
12759.0,52,2.1972245773362196,8.521531766174993
12760.0,456,0.6931471805599453,5.8544986920348245
12761.0,458,1.0986122886681098,6.664345242806459
12762.0,8,1.0986122886681098,7.549356501658852
12763.0,138,1.0986122886681098,6.703384412991211
12764.0,317,0.6931471805599453,7.435367220848186
12765.0,472,1.9459101490553132,7.248205307972568
12766.0,4,2.4849066497880004,9.21307961681705
12767.0,376,0.6931471805599453,6.857324770182772
12769.0,239,0.6931471805599453,7.042810509975002
12770.0,211,2.0794415416798357,7.998654565443089
12771.0,465,1.0986122886681098,5.574053367981417
12772.0,60,0.6931471805599453,6.795112758210396
12773.0,564,1.0986122886681098,1.7763568394002489e-15
12774.0,536,0.6931471805599453,4.602165676967792
12775.0,17,2.1972245773362196,7.409935639923094
12776.0,668,0.6931471805599453,4.034240638152395
12777.0,458,0.6931471805599453,6.254693821961477
12778.0,20,2.3978952727983707,7.472318806641494
12779.0,21,3.091042453358316,8.765265034863287
12780.0,599,0.6931471805599453,5.824228627732068
12781.0,21,1.791759469228055,6.563460526103777
12782.0,5,2.70805020110221,8.41782358327057
12783.0,2,2.1972245773362196,7.380798035398956
12784.0,9,1.3862943611198906,7.4987312969309565
12785.0,3,1.791759469228055,6.985003315968053
12786.0,610,0.6931471805599453,6.592359367962841
12787.0,10,1.791759469228055,6.757141669672459
12788.0,463,1.6094379124341003,6.100094711633431
12789.0,65,1.3862943611198906,5.614404663504985
12790.0,192,1.3862943611198906,6.335851805707556
12791.0,374,2.1972245773362196,6.657690070101663
12792.0,257,1.3862943611198906,6.7030408631362945
12793.0,335,1.3862943611198906,6.925919309609807
12794.0,53,1.0986122886681098,6.758570581561217
12795.0,19,0.6931471805599453,6.067221159507229
12796.0,628,0.6931471805599453,5.945420608606575
12797.0,360,1.9459101490553132,6.588183422994907
12798.0,10,1.6094379124341003,9.049223987863401
12799.0,529,0.6931471805599453,5.395217191287996
12800.0,470,1.3862943611198906,6.3720391063710204
12801.0,478,1.0986122886681098,6.9400966141528
12802.0,184,2.302585092994046,7.762774679968618
12803.0,393,0.6931471805599453,6.997422293310083
12804.0,466,1.0986122886681098,5.793074582134963
12805.0,382,1.6094379124341003,7.269581930060472
12806.0,435,1.6094379124341003,7.9655316841446515
12807.0,383,1.3862943611198906,5.601934302012123
12808.0,37,1.791759469228055,6.810252697620898
12809.0,168,2.1972245773362196,7.44210600479493
12810.0,535,1.0986122886681098,6.284115504180345
12811.0,261,1.791759469228055,6.942060082674128
12812.0,45,0.6931471805599453,5.440858053330147
12813.0,502,1.3862943611198906,7.4317734965341105
12814.0,102,0.6931471805599453,4.843556966714995
12815.0,148,1.0986122886681098,6.970222907300612
12816.0,96,1.0986122886681098,6.351234695954017
12817.0,281,1.3862943611198906,6.539557053465902
12818.0,178,1.0986122886681098,7.325728500133488
12819.0,458,0.6931471805599453,6.294380000200352
12820.0,3,2.6390573296152584,7.881914838958928
12821.0,214,1.0986122886681098,5.401776074916267
12822.0,71,1.3862943611198906,6.824351930676353
12823.0,75,2.9444389791664403,8.779941997322807
12824.0,60,0.6931471805599453,5.986753467377863
12825.0,521,1.0986122886681098,6.253117019850299
12826.0,3,2.772588722239781,7.9826518943659
12827.0,6,1.3862943611198906,6.066456057398334
12828.0,3,1.9459101490553132,6.927273552128017
12829.0,322,1.6094379124341003,5.847449824468614
12830.0,38,2.0794415416798357,8.817208891026835
12831.0,262,1.3862943611198906,6.113925513056159
12832.0,32,1.0986122886681098,5.950720674536128
12833.0,145,0.6931471805599453,6.0363901104609745
12834.0,283,0.6931471805599453,5.7474165116762626
12835.0,418,3.912023005428146,8.702787719524597
12836.0,59,2.8903717578961645,8.78683399446988
12837.0,173,1.0986122886681098,6.535836159344549
12838.0,34,2.5649493574615367,8.124751903970628
12839.0,3,3.4657359027997265,9.20319792532392
12840.0,144,2.4849066497880004,8.29776024727634
12841.0,5,3.7612001156935624,8.908083264526756
12842.0,70,1.6094379124341003,7.559554284946702
12843.0,66,3.5553480614894135,8.755676091065958
12844.0,29,1.6094379124341003,6.476356788847468
12845.0,267,1.6094379124341003,5.872371278471126
12846.0,682,0.6931471805599453,2.8081971497071487
12847.0,22,1.0986122886681098,7.401170212488334
12848.0,676,0.6931471805599453,5.342334251964811
12849.0,31,1.9459101490553132,8.036431096864632
12850.0,446,0.6931471805599453,5.802118375377063
12851.0,97,1.0986122886681098,5.652945216619142
12852.0,290,1.0986122886681098,5.7062793548547885
12853.0,108,2.833213344056216,8.224029455395218
12854.0,79,2.4849066497880004,7.980492339378866
12855.0,373,1.6094379124341003,6.479952533152258
12856.0,8,2.1972245773362196,7.67956575472505
12857.0,211,2.0794415416798357,8.212093644927387
12858.0,383,1.0986122886681098,5.028671656582354
12859.0,459,0.6931471805599453,6.356281256738337
12860.0,693,0.6931471805599453,4.033709523684745
12861.0,620,0.6931471805599453,4.237723145067448
12862.0,426,1.0986122886681098,6.917032115762346
12863.0,52,2.0794415416798357,7.928964428803325
12864.0,138,1.0986122886681098,5.705680671939281
12865.0,26,1.791759469228055,8.102982955905375
12866.0,283,1.3862943611198906,7.113427084384307
12867.0,26,2.833213344056216,8.970011240907587
12868.0,186,2.1972245773362196,7.717822901048859
12869.0,682,0.6931471805599453,5.825026181941565
12870.0,366,1.6094379124341003,7.407408725744877
12871.0,84,1.3862943611198906,6.613411063656805
12872.0,327,2.6390573296152584,8.210488667252145
12873.0,282,1.3862943611198906,7.614953282764742
12874.0,385,1.3862943611198906,6.839926015954487
12875.0,143,1.791759469228055,7.213760944321279
12876.0,58,1.791759469228055,8.31129753626158
12877.0,4,3.044522437723423,7.991649790563297
12878.0,18,1.3862943611198906,6.736539820528287
12879.0,45,1.6094379124341003,6.316388212083643
12880.0,382,1.0986122886681098,6.463232244470209
12881.0,276,0.6931471805599453,5.700443573390687
12882.0,9,1.0986122886681098,7.288955016552379
12883.0,25,1.6094379124341003,6.5574457470395595
12884.0,88,0.6931471805599453,5.736733574795887
12885.0,63,1.6094379124341003,7.055545775656713
12886.0,68,1.3862943611198906,7.209406822434692
12887.0,384,0.6931471805599453,5.4089638866351
12888.0,214,1.6094379124341003,5.751842213399761
12889.0,381,1.9459101490553132,5.904434988134879
12890.0,24,1.0986122886681098,6.576845542929431
12891.0,186,2.5649493574615367,6.709913910530146
12892.0,397,0.6931471805599453,5.577387462151254
12893.0,31,0.6931471805599453,5.242487481587366
12894.0,575,0.6931471805599453,5.064807772984649
12895.0,42,1.3862943611198906,5.853064177371955
12897.0,205,1.6094379124341003,6.244652219770568
12898.0,464,1.0986122886681098,5.742874974462297
12899.0,414,0.6931471805599453,5.906451172781026
12900.0,422,0.6931471805599453,5.832849751258659
12901.0,9,3.6109179126442243,9.698558358080183
12902.0,265,0.6931471805599453,4.939354092091292
12903.0,429,0.6931471805599453,6.726868692126177
12904.0,18,1.0986122886681098,6.235547334435847
12905.0,577,1.3862943611198906,6.920493798430325
12906.0,12,1.791759469228055,7.979616254055095
12907.0,396,1.3862943611198906,6.089860868964175
12908.0,59,2.0794415416798357,7.149131598557407
12909.0,40,2.6390573296152584,8.018220378070012
12910.0,23,2.70805020110221,8.656610726663983
12911.0,552,0.6931471805599453,7.4274236898079655
12912.0,3,1.791759469228055,7.416558859796489
12913.0,5,2.6390573296152584,8.810140378792292
12914.0,401,0.6931471805599453,5.4160115093646795
12915.0,149,2.1972245773362196,6.99011836940726
12916.0,139,2.1972245773362196,8.440575611290623
12917.0,128,2.1972245773362196,8.3734382877711
12919.0,8,2.1972245773362196,7.171994707307368
12920.0,17,1.6094379124341003,6.192546521619673
12921.0,4,4.6443908991413725,10.452777353354117
12922.0,161,0.6931471805599453,6.007288682454868
12923.0,64,1.3862943611198906,6.673133605335479
12924.0,88,2.70805020110221,7.793236226462763
12925.0,5,1.3862943611198906,6.593496486790971
12926.0,411,1.6094379124341003,7.345661762115635
12927.0,395,0.6931471805599453,5.289831462897738
12928.0,35,2.5649493574615367,8.367739131847895
12929.0,122,1.0986122886681098,4.664382045619937
12930.0,78,1.6094379124341003,6.018349875889364
12931.0,22,4.276666119016055,11.174661003272682
12932.0,539,2.1972245773362196,7.438124673014305
12933.0,24,2.4849066497880004,7.395279521945862
12934.0,737,0.6931471805599453,5.207571753241291
12935.0,2,2.995732273553991,8.338786362068076
12936.0,17,1.791759469228055,6.921559559958534
12937.0,15,2.302585092994046,8.03870890282091
12938.0,26,0.6931471805599453,4.7461487792476635
12939.0,64,3.044522437723423,10.13720698158251
12940.0,46,1.6094379124341003,6.776837610460004
12941.0,724,0.6931471805599453,5.936189652449227
12942.0,131,1.3862943611198906,6.849755334684148
12943.0,301,1.6094379124341003,6.194405391104672
12944.0,36,1.0986122886681098,6.406071078133402
12945.0,288,1.0986122886681098,6.803627336726857
12946.0,437,0.6931471805599453,5.785208840018396
12947.0,144,2.4849066497880004,7.445610295135788
12948.0,16,2.3978952727983707,7.743781278537108
12949.0,31,3.367295829986474,9.641603172905487
12950.0,2,1.3862943611198906,7.519692404116539
12951.0,9,3.044522437723423,8.060041027196023
12952.0,6,1.791759469228055,7.2326175225582015
12953.0,10,1.0986122886681098,6.721196758922804
12954.0,639,0.6931471805599453,5.09650713317022
12955.0,1,2.70805020110221,8.462791914355538
12956.0,306,1.6094379124341003,6.259371116895707
12957.0,4,3.091042453358316,9.062932574402963
12958.0,400,1.0986122886681098,6.2924761355205066
12959.0,484,1.0986122886681098,4.9004483350615
12960.0,414,1.6094379124341003,7.187710072768178
12961.0,379,0.6931471805599453,5.361245216250509
12962.0,7,1.0986122886681098,5.588708266810736
12963.0,8,2.70805020110221,8.16445050600511
12964.0,437,0.6931471805599453,4.892152013325479
12965.0,89,0.6931471805599453,6.65016261231351
12966.0,10,0.6931471805599453,5.0825217528963655
12967.0,3,1.791759469228055,8.253688476882717
12968.0,112,0.6931471805599453,4.919615895709087
12969.0,603,0.6931471805599453,4.8158362157911885
12970.0,7,2.3978952727983707,7.330385552411315
12971.0,4,4.795790545596741,9.647545720029822
12972.0,414,1.9459101490553132,7.018357035309933
12973.0,414,0.6931471805599453,5.957261225766484
12974.0,198,1.0986122886681098,6.016035201042187
12975.0,430,2.1972245773362196,7.598394316780073
12976.0,212,2.1972245773362196,8.057497848751854
12977.0,156,1.6094379124341003,6.251190719483879
12978.0,385,1.9459101490553132,7.822873323527206
12979.0,729,1.0986122886681098,6.174910471563646
12980.0,156,3.295836866004329,9.674727633916374
12981.0,30,1.0986122886681098,5.922168058105325
12982.0,240,2.8903717578961645,7.8489805454007
12983.0,598,0.6931471805599453,6.196607047312639
12984.0,19,0.6931471805599453,4.590056548178043
12985.0,1,1.3862943611198906,7.103831801008427
12986.0,403,2.5649493574615367,7.5971905790294585
12987.0,74,1.9459101490553132,7.169742549319347
12988.0,292,0.6931471805599453,6.284730997853663
12989.0,3,3.6888794541139363,9.460927869440226
12990.0,31,2.0794415416798357,6.863280788880307
12991.0,23,1.3862943611198906,6.640947155181664
12992.0,725,0.6931471805599453,4.547011271814559
12993.0,23,2.3978952727983707,7.08360594464578
12994.0,4,1.791759469228055,6.805966156080103
12995.0,78,1.0986122886681098,5.306880597208525
12996.0,376,0.6931471805599453,5.8763342398543505
12997.0,22,2.833213344056216,7.633422891243834
12998.0,493,1.6094379124341003,6.800593141377683
12999.0,196,1.3862943611198906,6.124420774356607
13000.0,107,1.791759469228055,6.873163834212518
13001.0,4,3.6375861597263857,10.091503283372926
13002.0,318,1.3862943611198906,6.0285917241892655
13003.0,106,1.3862943611198906,5.010968571886377
13004.0,12,3.8501476017100584,9.31874534855622
13005.0,174,1.9459101490553132,6.841647527246012
13006.0,56,0.6931471805599453,4.413646418429337
13007.0,580,0.6931471805599453,5.171903441692378
13008.0,323,2.0794415416798357,6.299463820322658
13009.0,673,0.6931471805599453,5.459585514144159
13010.0,374,1.0986122886681098,5.802480847440477
13011.0,372,0.6931471805599453,4.62595272517062
13012.0,9,2.772588722239781,7.860254499505456
13013.0,1,3.4657359027997265,9.441675877421764
13014.0,3,2.9444389791664403,8.560603194152371
13015.0,53,2.70805020110221,8.77442430377198
13016.0,73,1.3862943611198906,6.673158893621945
13017.0,7,0.6931471805599453,5.3230099791384085
13018.0,16,3.6375861597263857,9.184387490580585
13019.0,379,2.1972245773362196,7.1016347846098204
13020.0,548,1.791759469228055,6.410109090328261
13021.0,4,3.2188758248682006,8.473738567900611
13022.0,430,0.6931471805599453,4.194189897191817
13023.0,64,1.3862943611198906,7.279339524855764
13024.0,464,1.3862943611198906,6.284917436320188
13025.0,732,0.6931471805599453,5.781946495625555
13026.0,1,2.6390573296152584,7.43314631030743
13027.0,114,3.1780538303479458,9.749695141856147
13028.0,23,1.3862943611198906,6.4932696076528895
13029.0,31,1.791759469228055,7.564394064725559
13030.0,11,1.0986122886681098,7.113321245755551
13031.0,407,1.791759469228055,8.137474774308892
13032.0,39,2.4849066497880004,7.943992038890477
13033.0,357,1.0986122886681098,5.400648297645499
13034.0,55,1.3862943611198906,6.828365691312624
13035.0,58,1.6094379124341003,7.192896626524165
13036.0,685,0.6931471805599453,5.730424405602622
13037.0,138,2.833213344056216,8.254151697680765
13038.0,80,1.3862943611198906,6.812851016782114
13039.0,584,1.6094379124341003,6.919417015831408
13040.0,9,1.0986122886681098,6.519132538569087
13041.0,451,1.6094379124341003,6.684774214466232
13042.0,584,1.6094379124341003,7.32895593147636
13043.0,254,1.0986122886681098,6.158185884109092
13044.0,291,2.6390573296152584,8.481607463691228
13045.0,99,1.3862943611198906,6.696935477356759
13046.0,31,1.3862943611198906,6.856725107869358
13047.0,32,3.7612001156935624,9.044016566049123
13048.0,14,2.6390573296152584,8.303049023898827
13049.0,64,1.791759469228055,7.2335564965453845
13050.0,9,4.060443010546419,9.377839280767349
13051.0,579,1.0986122886681098,5.054971107916307
13052.0,212,2.0794415416798357,8.06133859089476
13053.0,622,0.6931471805599453,4.857095538727753
13055.0,64,1.9459101490553132,7.737838674175967
13056.0,551,0.6931471805599453,5.349390636732037
13057.0,530,1.6094379124341003,6.294786181547443
13058.0,25,1.3862943611198906,5.607271574275358
13059.0,250,2.5649493574615367,7.729128553926243
13060.0,254,0.6931471805599453,5.731819083350057
13061.0,72,0.6931471805599453,5.519899699795292
13062.0,191,0.6931471805599453,5.85214500685857
13063.0,481,0.6931471805599453,5.243861180751978
13064.0,13,1.9459101490553132,7.427584250701029
13065.0,373,1.9459101490553132,7.136451386285992
13066.0,24,1.3862943611198906,6.068194079966656
13067.0,82,1.3862943611198906,6.233449479555548
13068.0,10,1.0986122886681098,5.84354441703136
13069.0,1,3.7612001156935624,9.07663410691951
13070.0,192,1.791759469228055,6.61324998118223
13071.0,612,0.6931471805599453,4.869225327808716
13072.0,267,0.6931471805599453,5.182625892051845
13073.0,411,1.0986122886681098,6.038061832484764
13074.0,511,1.791759469228055,7.218059529470198
13075.0,130,0.6931471805599453,6.825036493805135
13076.0,458,0.6931471805599453,4.915591745409362
13077.0,1,2.70805020110221,8.019997588778466
13078.0,1,4.564348191467836,10.271071822790395
13079.0,4,1.9459101490553132,6.040683190895481
13080.0,179,1.791759469228055,5.567695438201781
13081.0,1,3.8066624897703196,10.973857247380234
13082.0,126,3.258096538021482,8.891500566340472
13083.0,4,1.3862943611198906,5.982499480722332
13084.0,488,1.0986122886681098,4.7660127111049215
13085.0,158,2.3978952727983707,7.286506733571878
13086.0,383,0.6931471805599453,6.087524445802853
13087.0,726,0.6931471805599453,5.751429128123554
13088.0,417,0.6931471805599453,5.468524168478886
13089.0,3,5.5134287461649825,11.637045623028063
13090.0,9,3.4339872044851463,9.530413155358334
13092.0,71,2.772588722239781,7.605058809938331
13093.0,267,4.48863636973214,10.898122257743607
13094.0,21,2.8903717578961645,7.703305606492761
13095.0,71,0.6931471805599453,4.32280727501391
13096.0,394,0.6931471805599453,6.041919990596475
13097.0,33,3.713572066704308,9.462089261420724
13098.0,1,3.7376696182833684,10.26325351435316
13099.0,99,0.6931471805599453,5.339267352876991
13101.0,234,1.6094379124341003,6.545924207894034
13102.0,1,3.7612001156935624,9.344969162239593
13103.0,40,1.3862943611198906,6.566165972461445
13104.0,3,2.302585092994046,7.444307127319008
13105.0,436,0.6931471805599453,4.290459441148391
13106.0,129,1.3862943611198906,6.375808158594035
13107.0,44,2.772588722239781,8.539076006561844
13108.0,373,1.0986122886681098,7.002628999915781
13109.0,3,2.0794415416798357,7.010835196050823
13110.0,31,2.70805020110221,7.971489677442211
13111.0,719,0.6931471805599453,5.777280737165245
13113.0,1,4.110873864173311,9.717233272714461
13114.0,731,0.6931471805599453,5.461201229449516
13115.0,9,3.1780538303479458,8.589597570421695
13116.0,117,1.0986122886681098,6.186599494002879
13117.0,22,2.995732273553991,7.879711533110153
13118.0,20,2.5649493574615367,7.75580999573843
13119.0,669,0.6931471805599453,4.911919321157098
13120.0,239,0.6931471805599453,3.4531571205928664
13121.0,269,1.0986122886681098,5.544122200405325
13122.0,94,1.0986122886681098,6.828051680471256
13123.0,473,1.0986122886681098,6.229989200460494
13124.0,90,1.6094379124341003,8.472917322466122
13125.0,524,0.6931471805599453,5.072482697422336
13126.0,5,2.995732273553991,8.269621180120284
13127.0,78,0.6931471805599453,5.561335263505108
13128.0,631,0.6931471805599453,5.577841251298354
13129.0,452,1.0986122886681098,5.456388921118531
13130.0,94,0.6931471805599453,4.174387269895637
13131.0,23,2.1972245773362196,8.09583342992485
13132.0,262,0.6931471805599453,4.360547602996758
13133.0,274,1.3862943611198906,5.305541211637356
13134.0,73,2.302585092994046,7.792877273364176
13135.0,197,1.0986122886681098,8.12339476217512
13136.0,50,3.2188758248682006,8.71256258705945
13137.0,11,2.8903717578961645,8.944859355479252
13138.0,22,2.1972245773362196,7.283097892670836
13139.0,16,2.302585092994046,9.011258746606448
13140.0,108,1.791759469228055,7.103881116752489
13141.0,85,3.091042453358316,8.927663087984556
13142.0,19,0.6931471805599453,5.7303919480814
13143.0,582,1.0986122886681098,5.991964422149633
13144.0,333,1.0986122886681098,4.9152251092915975
13145.0,40,2.1972245773362196,7.258954257150119
13146.0,26,0.6931471805599453,5.437687927995845
13147.0,10,1.6094379124341003,6.57060281105606
13148.0,29,3.6109179126442243,9.002651775216833
13149.0,14,1.6094379124341003,7.424797539358498
13150.0,471,1.6094379124341003,6.0776881138566
13151.0,203,1.791759469228055,7.829109171398687
13152.0,417,2.302585092994046,7.65727334113768
13153.0,6,0.6931471805599453,6.188715766456242
13154.0,144,1.791759469228055,6.906184045240652
13155.0,33,1.9459101490553132,7.468045125403372
13156.0,385,1.3862943611198906,7.369940927299805
13157.0,49,2.3978952727983707,8.642716857609225
13158.0,95,1.791759469228055,7.319321735948278
13159.0,9,1.791759469228055,7.2303821087812965
13160.0,22,0.6931471805599453,4.530446639792155
13161.0,313,1.0986122886681098,6.173536072646727
13162.0,122,2.995732273553991,9.117999180361299
13164.0,569,1.3862943611198906,5.698635920503322
13165.0,46,1.3862943611198906,7.280807382151422
13166.0,282,1.3862943611198906,6.7829627340148795
13167.0,19,1.791759469228055,7.026560014747387
13168.0,36,1.9459101490553132,7.532227394692109
13169.0,64,1.3862943611198906,6.734686780300234
13170.0,27,0.6931471805599453,4.7622594012308666
13171.0,8,1.791759469228055,6.058679171784174
13172.0,400,0.6931471805599453,4.257030144499196
13173.0,4,2.6390573296152584,7.871501952012587
13174.0,16,2.5649493574615367,9.15860908694789
13175.0,554,1.6094379124341003,6.677209397901166
13176.0,46,0.6931471805599453,6.202211578085641
13177.0,65,1.0986122886681098,6.240665632741481
13178.0,26,3.258096538021482,9.54673331973983
13179.0,619,0.6931471805599453,6.3514265826367975
13180.0,607,0.6931471805599453,4.467056883858457
13181.0,381,0.6931471805599453,5.888018863654928
13182.0,45,0.6931471805599453,4.805495367221621
13183.0,8,2.9444389791664403,8.855361132375007
13184.0,15,2.5649493574615367,7.408403286067493
13185.0,268,0.6931471805599453,4.282206299391671
13186.0,40,1.791759469228055,7.339985647010425
13187.0,337,1.791759469228055,5.855959780088937
13188.0,11,0.6931471805599453,4.750135956238277
13189.0,19,1.0986122886681098,5.567122383230129
13190.0,544,1.6094379124341003,6.253367166572276
13191.0,658,0.6931471805599453,5.1101185725812055
13192.0,95,2.1972245773362196,7.8420941587767725
13193.0,61,0.6931471805599453,4.778114580969449
13194.0,136,1.0986122886681098,6.160743078929981
13195.0,414,0.6931471805599453,5.155485717440494
13196.0,11,2.1972245773362196,8.026379323404344
13197.0,610,0.6931471805599453,5.924282535024993
13198.0,10,2.5649493574615367,8.499697022199479
13199.0,4,4.248495242049359,9.705401181495757
13200.0,19,1.6094379124341003,6.769745301020691
13201.0,502,1.6094379124341003,7.124164203520231
13202.0,379,2.1972245773362196,7.360326594517573
13203.0,10,2.4849066497880004,7.875328305183342
13204.0,731,0.6931471805599453,6.874880785908055
13205.0,443,0.6931471805599453,7.938873572287031
13206.0,400,2.772588722239781,9.021734711497606
13207.0,15,1.6094379124341003,6.285737352883712
13208.0,59,2.3978952727983707,7.5865499533176814
13209.0,30,2.833213344056216,9.04062620697983
13210.0,94,0.6931471805599453,5.8706519268912345
13211.0,10,2.5649493574615367,7.903917626971426
13212.0,9,1.6094379124341003,6.661317511864845
13213.0,57,2.70805020110221,8.252086369573993
13214.0,418,2.0794415416798357,8.091085483333597
13215.0,402,0.6931471805599453,4.414009680526933
13216.0,268,0.6931471805599453,5.813354111085492
13217.0,122,1.9459101490553132,5.587697995635399
13218.0,127,0.6931471805599453,4.153242203469586
13219.0,618,0.6931471805599453,4.346787982581173
13220.0,78,1.791759469228055,7.198250889720467
13221.0,240,1.0986122886681098,6.743364009514037
13222.0,577,0.6931471805599453,4.4942386252808095
13223.0,200,1.9459101490553132,6.877419775186018
13224.0,60,1.3862943611198906,7.674083216250105
13225.0,3,2.8903717578961645,9.672832737175478
13226.0,273,1.0986122886681098,5.747671760225922
13227.0,202,0.6931471805599453,5.5556690891919835
13228.0,81,0.6931471805599453,5.883322388488279
13229.0,226,0.6931471805599453,5.087287645617338
13230.0,4,3.4657359027997265,8.751192801901722
13232.0,13,2.0794415416798357,7.214210036757201
13233.0,74,1.6094379124341003,7.071114855037561
13234.0,673,1.0986122886681098,5.880393311842194
13235.0,212,1.0986122886681098,4.626638092603333
13236.0,25,1.3862943611198906,6.590671858558904
13237.0,388,0.6931471805599453,6.467698726104354
13238.0,11,2.0794415416798357,6.895409381048035
13239.0,262,1.9459101490553132,7.365711630317196
13240.0,96,2.302585092994046,7.415879256586422
13241.0,412,0.6931471805599453,4.758577732617404
13242.0,112,2.0794415416798357,6.551651600411697
13243.0,203,1.791759469228055,7.153865075522958
13244.0,93,0.6931471805599453,4.810068296960951
13245.0,51,1.0986122886681098,6.897927140663157
13246.0,18,2.70805020110221,8.095196181353483
13247.0,18,1.6094379124341003,6.218839134950008
13248.0,125,1.0986122886681098,6.145643797955656
13249.0,92,2.302585092994046,7.383945978772432
13250.0,453,1.3862943611198906,5.519619222982875
13251.0,402,0.6931471805599453,5.536073630230092
13252.0,394,1.3862943611198906,5.83568754553614
13253.0,157,1.6094379124341003,7.990275447898748
13254.0,376,0.6931471805599453,3.959097412814075
13255.0,4,1.6094379124341003,6.798620984904737
13257.0,428,1.3862943611198906,4.778703236748966
13258.0,12,1.791759469228055,6.943296152901229
13259.0,62,2.302585092994046,7.268487979081614
13260.0,61,0.6931471805599453,6.325469456665338
13261.0,269,1.0986122886681098,6.8512907420010105
13262.0,263,1.3862943611198906,6.353413061299374
13263.0,1,3.6888794541139363,9.071732113851352
13264.0,443,0.6931471805599453,6.584183472833434
13265.0,53,1.791759469228055,7.653807953637001
13266.0,11,3.4339872044851463,8.693882248758488
13267.0,3,3.9318256327243257,9.160436638017995
13268.0,18,2.772588722239781,8.061057752733003
13269.0,1,3.4339872044851463,9.089571758915682
13270.0,366,0.6931471805599453,7.074116816197362
13271.0,37,1.0986122886681098,5.188837265929216
13272.0,31,1.0986122886681098,5.626037126031348
13273.0,113,0.6931471805599453,4.941499555261394
13274.0,409,0.6931471805599453,5.891229761312137
13275.0,384,1.0986122886681098,5.491661286623727
13276.0,64,2.0794415416798357,7.559851272092468
13277.0,16,2.0794415416798357,6.262064039578487
13278.0,41,1.791759469228055,7.264870126149255
13279.0,64,1.0986122886681098,4.846546505563361
13280.0,122,2.1972245773362196,7.739851027739871
13281.0,437,1.3862943611198906,5.7283124723994785
13282.0,18,2.0794415416798357,7.114680013472974
13283.0,60,1.6094379124341003,5.925217901289056
13284.0,323,1.0986122886681098,5.283964860323636
13285.0,23,1.9459101490553132,8.121358561033485
13286.0,600,0.6931471805599453,6.601107828643053
13287.0,583,2.0794415416798357,6.255116443759684
13288.0,443,1.9459101490553132,6.794765736159819
13289.0,724,0.6931471805599453,5.733179451506989
13291.0,156,2.4849066497880004,8.108274125256557
13292.0,39,1.9459101490553132,6.896481973383678
13293.0,392,2.0794415416798357,7.074404666381796
13294.0,190,1.3862943611198906,7.432797368219404
13295.0,360,2.302585092994046,6.965099231164339
13296.0,137,1.9459101490553132,6.676466142281509
13297.0,8,2.1972245773362196,8.378774446547277
13298.0,1,0.6931471805599453,5.8888779583328805
13299.0,268,1.791759469228055,7.068427504371035
13300.0,165,1.791759469228055,7.1453617364264534
13301.0,104,1.6094379124341003,6.428250657915328
13302.0,155,1.0986122886681098,5.076423034634259
13303.0,400,0.6931471805599453,4.138680376042152
13304.0,351,2.0794415416798357,7.022680902789541
13305.0,4,2.833213344056216,8.231032627549666
13306.0,430,0.6931471805599453,4.000949214622548
13307.0,120,1.3862943611198906,5.614368213050261
13308.0,23,1.791759469228055,7.41063138892493
13309.0,7,1.9459101490553132,7.442709453846698
13310.0,9,2.1972245773362196,7.309078487922966
13311.0,4,1.0986122886681098,6.396212731621162
13312.0,451,0.6931471805599453,4.8342958089798485
13313.0,22,2.772588722239781,8.138643589292917
13314.0,2,1.6094379124341003,6.362441724757473
13315.0,689,0.6931471805599453,5.7406285757768645
13316.0,37,2.5649493574615367,9.465597130163655
13317.0,64,3.4657359027997265,8.711036615829553
13318.0,1,1.3862943611198906,6.464214402021743
13319.0,5,4.3694478524670215,9.985394214275145
13320.0,70,2.302585092994046,7.678765871197221
13321.0,72,1.0986122886681098,6.342755020769874
13322.0,17,0.6931471805599453,5.300714491147758
13323.0,3,1.791759469228055,6.670576188703463
13324.0,32,3.1780538303479458,9.251709736662052
13325.0,82,0.6931471805599453,6.516636764580894
13326.0,432,0.6931471805599453,5.644598481302753
13327.0,39,3.1354942159291497,9.184204793811551
13328.0,316,0.6931471805599453,7.17738539082617
13329.0,32,2.70805020110221,8.512787500597248
13330.0,93,1.9459101490553132,7.93993569970672
13331.0,402,0.6931471805599453,5.573673789309181
13332.0,14,0.6931471805599453,5.86334704432754
13333.0,411,1.3862943611198906,6.924356709479563
13334.0,82,1.9459101490553132,8.741615924228828
13336.0,77,0.6931471805599453,6.679749928251019
13337.0,519,1.0986122886681098,7.345719845180888
13338.0,154,2.3978952727983707,7.707341393497809
13339.0,201,0.6931471805599453,6.758233867538541
13340.0,45,2.5649493574615367,10.003403473249906
13341.0,261,0.6931471805599453,6.65524728153801
13343.0,173,1.0986122886681098,5.720082242069654
13344.0,68,1.3862943611198906,7.841775903285653
13345.0,277,1.0986122886681098,5.936480238775222
13346.0,463,1.9459101490553132,5.705114919889979
13347.0,70,0.6931471805599453,5.835862815013409
13348.0,64,0.6931471805599453,5.458563715690134
13349.0,11,0.6931471805599453,5.514718236994854
13350.0,16,1.3862943611198906,6.815332925390937
13351.0,66,0.6931471805599453,5.926766013169045
13352.0,8,1.0986122886681098,5.96686443023975
13354.0,71,0.6931471805599453,6.612753146812557
13355.0,122,0.6931471805599453,6.515749190558129
13356.0,80,0.6931471805599453,6.645403014442647
13357.0,257,1.791759469228055,8.253060965024673
13358.0,269,0.6931471805599453,6.086842906406214
13359.0,59,1.6094379124341003,6.91071090680777
13360.0,428,2.0794415416798357,7.289678778507267
13361.0,472,1.0986122886681098,7.280352783464685
13362.0,3,2.3978952727983707,8.58645242742501
13363.0,18,1.3862943611198906,7.452901166751566
13365.0,9,1.6094379124341003,7.680323435518978
13366.0,50,0.6931471805599453,4.045854353061666
13367.0,432,0.6931471805599453,6.236760903063325
13368.0,257,1.791759469228055,6.991268879209954
13369.0,354,1.0986122886681098,6.350938071365153
13370.0,366,1.0986122886681098,7.274922980891271
13371.0,499,1.6094379124341003,7.728618224136545
13372.0,90,0.6931471805599453,5.939223435262291
13373.0,61,1.9459101490553132,8.934348370277531
13374.0,415,1.0986122886681098,6.049261645834199
13375.0,81,1.3862943611198906,7.488562085694379
13376.0,99,1.3862943611198906,6.928302726869797
13377.0,397,1.6094379124341003,7.3108375503885075
13379.0,26,1.3862943611198906,6.351862551846838
13380.0,433,0.6931471805599453,4.14946386144318
13381.0,21,2.772588722239781,9.010183100245063
13382.0,281,1.791759469228055,7.236036921219625
13383.0,544,0.6931471805599453,5.724499716244923
13384.0,31,2.772588722239781,8.800278213605347
13385.0,330,0.6931471805599453,6.283331600299074
13386.0,414,1.0986122886681098,6.729178700993051
13387.0,417,0.6931471805599453,5.249337184326318
13388.0,121,1.6094379124341003,7.035884606692665
13389.0,11,1.3862943611198906,6.683310881934879
13390.0,75,0.6931471805599453,6.30093257288162
13391.0,204,0.6931471805599453,4.107589788972121
13392.0,677,0.6931471805599453,4.523309159507771
13393.0,584,1.9459101490553132,7.009273422172485
13394.0,2,3.2188758248682006,8.752246341083728
13395.0,185,1.3862943611198906,7.074311547447687
13396.0,22,1.6094379124341003,7.190140849699584
13397.0,73,2.6390573296152584,8.0375787256826
13398.0,192,1.0986122886681098,6.509275715047685
13399.0,464,1.3862943611198906,5.621849091893515
13400.0,574,1.0986122886681098,5.710195202428391
13402.0,127,1.6094379124341003,7.3370215455429095
13403.0,18,1.3862943611198906,5.440250862436703
13404.0,1,1.0986122886681098,5.5353243745214
13405.0,74,2.302585092994046,7.088042267444902
13406.0,427,1.3862943611198906,6.324753149912172
13407.0,579,1.9459101490553132,7.6558119575766215
13408.0,2,4.912654885736052,10.836711150820042
13410.0,9,2.5649493574615367,7.6840986512924285
13411.0,107,0.6931471805599453,5.368542811437534
13412.0,620,0.6931471805599453,6.191032361893486
13413.0,640,2.1972245773362196,5.848748244906387
13414.0,134,2.0794415416798357,7.817319438106586
13415.0,473,1.791759469228055,6.526377722403033
13416.0,44,1.3862943611198906,6.847792937809454
13417.0,5,2.0794415416798357,7.374560047323473
13418.0,12,3.6375861597263857,9.385734657198544
13419.0,64,0.6931471805599453,5.40294761562612
13420.0,135,1.6094379124341003,4.9512390841395995
13421.0,40,2.4849066497880004,8.316256238288437
13422.0,51,1.0986122886681098,7.86424701260044
13423.0,429,0.6931471805599453,5.3846326679999565
13424.0,444,1.0986122886681098,6.326006350212247
13425.0,108,2.1972245773362196,8.12472229171352
13426.0,1,3.2188758248682006,8.99686988535766
13427.0,19,1.9459101490553132,6.915257070052459
13428.0,10,1.3862943611198906,6.216566180128353
13429.0,11,1.6094379124341003,6.915525016246498
13430.0,19,1.6094379124341003,6.476495326048776
13431.0,67,2.302585092994046,8.098715789427086
13432.0,571,1.0986122886681098,6.0870019738170456
13433.0,437,1.791759469228055,6.489007343417055
13434.0,74,1.791759469228055,7.419296646542416
13435.0,5,2.4849066497880004,8.403090126354611
13436.0,2,0.6931471805599453,5.287711320760812
13437.0,14,2.0794415416798357,8.134191872452362
13438.0,547,0.6931471805599453,3.8607297110405954
13439.0,255,1.3862943611198906,6.895287882976667
13440.0,423,2.3978952727983707,7.102458202664497
13441.0,92,1.0986122886681098,6.581886625145115
13442.0,667,1.3862943611198906,6.042323997398791
13443.0,449,2.0794415416798357,7.129866297417695
13444.0,374,1.0986122886681098,6.449964765095288
13445.0,626,0.6931471805599453,5.492649836008127
13446.0,420,2.9444389791664403,8.191424269411483
13447.0,23,1.6094379124341003,7.0078087370891105
13448.0,17,2.995732273553991,9.041773780414564
13449.0,24,0.6931471805599453,5.679762968811981
13450.0,27,2.70805020110221,8.323254010608025
13451.0,26,2.6390573296152584,8.870799231081802
13452.0,259,1.3862943611198906,6.594139824503851
13453.0,166,1.791759469228055,6.633305275299074
13454.0,641,0.6931471805599453,5.397574293145378
13455.0,25,2.4849066497880004,7.928341159211854
13456.0,18,2.0794415416798357,7.460962001233903
13457.0,689,1.6094379124341003,4.971686543957681
13458.0,7,3.2188758248682006,9.380219846080232
13459.0,625,1.0986122886681098,7.057390063198797
13460.0,29,1.0986122886681098,5.217324207338505
13461.0,39,2.1972245773362196,8.328330286578861
13462.0,183,1.9459101490553132,7.044556320474283
13464.0,58,2.0794415416798357,8.034271279301839
13465.0,446,1.0986122886681098,6.8374615617621375
13466.0,100,2.0794415416798357,6.859877198737673
13467.0,11,1.0986122886681098,6.989067949142608
13468.0,2,4.477336814478207,9.47980322787508
13469.0,653,0.6931471805599453,4.423648309364701
13470.0,99,1.0986122886681098,5.111987788356544
13471.0,1,1.6094379124341003,7.836993824962504
13472.0,464,1.0986122886681098,6.385599038873762
13473.0,61,2.3978952727983707,7.788203265938734
13474.0,236,1.3862943611198906,6.4994712013101745
13475.0,191,1.6094379124341003,7.2673718919667785
13476.0,179,2.0794415416798357,7.558396756713509
13477.0,38,2.6390573296152584,7.94524365454199
13478.0,469,2.0794415416798357,7.63483517739876
13479.0,198,2.0794415416798357,6.69641677311769
13480.0,417,1.0986122886681098,6.443845047224953
13481.0,46,2.70805020110221,8.242714239564867
13482.0,232,1.0986122886681098,5.82034995701211
13483.0,66,0.6931471805599453,4.951168335262708
13484.0,241,1.6094379124341003,6.644206313032888
13485.0,233,2.772588722239781,7.992579615873861
13486.0,78,1.3862943611198906,7.024123981607583
13487.0,58,1.791759469228055,6.742727322153176
13488.0,17,3.4011973816621555,9.649545174217359
13489.0,105,1.6094379124341003,6.110402471179496
13490.0,654,0.6931471805599453,5.045036720813588
13491.0,52,3.332204510175204,8.42673442445488
13492.0,136,1.3862943611198906,7.147433378135437
13493.0,275,1.0986122886681098,6.429122525704993
13494.0,312,0.6931471805599453,5.759721626980309
13495.0,8,2.6390573296152584,8.565528013838112
13496.0,11,1.3862943611198906,6.427992180667964
13497.0,283,2.0794415416798357,7.144667604182172
13498.0,730,0.6931471805599453,5.794171474383882
13499.0,18,2.0794415416798357,7.045741733066898
13500.0,23,1.791759469228055,7.270521632557186
13501.0,243,1.791759469228055,7.95200289473821
13502.0,17,1.9459101490553132,6.653636923368497
13503.0,71,2.5649493574615367,7.492504000670805
13504.0,64,0.6931471805599453,5.693496420787701
13505.0,68,2.1972245773362196,8.362614419970836
13506.0,312,2.1972245773362196,7.3843931032108845
13507.0,3,1.6094379124341003,7.816078353206984
13508.0,244,1.0986122886681098,5.663134076178392
13509.0,9,2.1972245773362196,7.017255215404227
13510.0,1,2.8903717578961645,8.409472114045816
13511.0,484,1.0986122886681098,5.503744912056466
13512.0,261,1.6094379124341003,6.571429031703961
13513.0,127,1.6094379124341003,6.68209606604297
13514.0,74,1.6094379124341003,6.705516688347823
13515.0,73,1.9459101490553132,7.1442651023516675
13516.0,21,1.6094379124341003,7.430268337823136
13517.0,60,1.791759469228055,7.654476401275272
13518.0,86,0.6931471805599453,6.492906279563631
13519.0,50,1.3862943611198906,5.805917794958333
13520.0,59,2.772588722239781,8.807120242017758
13521.0,1,1.3862943611198906,6.998189956453345
13522.0,30,0.6931471805599453,4.842611042003125
13523.0,33,2.0794415416798357,8.495564978752668
13524.0,41,1.791759469228055,6.523826588404497
13525.0,15,1.0986122886681098,6.445370552049637
13526.0,738,1.6094379124341003,6.84970234753352
13527.0,34,2.70805020110221,8.444846129488125
13529.0,79,1.0986122886681098,5.732564276081653
13530.0,634,0.6931471805599453,6.001365371785244
13531.0,205,1.9459101490553132,7.461364492082669
13532.0,34,0.6931471805599453,5.353326249578836
13533.0,183,1.3862943611198906,5.605029709281564
13534.0,2,4.110873864173311,8.899116690941367
13535.0,403,0.6931471805599453,4.505349850705881
13536.0,1,2.0794415416798357,8.145923691744827
13537.0,426,1.0986122886681098,6.577652712868601
13538.0,43,2.5649493574615367,8.043576643432518
13539.0,86,2.302585092994046,7.334499048694683
13540.0,467,1.3862943611198906,6.451086346168101
13541.0,423,1.3862943611198906,6.577722265989826
13542.0,377,2.9444389791664403,8.286967118151123
13543.0,634,1.0986122886681098,7.272821913983301
13544.0,40,2.0794415416798357,6.711131937477322
13545.0,391,1.3862943611198906,5.853207721476128
13546.0,12,1.791759469228055,6.9968095678056486
13547.0,408,0.6931471805599453,5.173490833601192
13548.0,96,1.3862943611198906,6.813433610439527
13549.0,26,2.302585092994046,6.912464174709871
13550.0,383,0.6931471805599453,5.8593892367381235
13551.0,319,1.0986122886681098,5.5020742040620565
13552.0,66,3.4965075614664802,8.79779475613041
13553.0,675,0.6931471805599453,6.251518452442289
13554.0,380,2.3978952727983707,7.350766622164264
13555.0,74,2.833213344056216,9.094630934927421
13556.0,429,1.0986122886681098,5.307376211036383
13557.0,28,2.833213344056216,8.000040929949979
13558.0,6,1.6094379124341003,6.406978991069148
13559.0,513,1.0986122886681098,6.898714534329988
13560.0,7,0.6931471805599453,5.166898027681201
13561.0,216,2.4849066497880004,7.507536388732624
13562.0,82,2.1972245773362196,8.484500563869632
13563.0,84,1.0986122886681098,6.657407526177046
13564.0,144,4.007333185232471,9.666987701636872
13565.0,19,1.3862943611198906,6.030204375423913
13566.0,41,1.791759469228055,7.4437338971514055
13567.0,428,1.791759469228055,6.984336618411065
13568.0,173,0.6931471805599453,5.267084664116938
13569.0,17,1.6094379124341003,6.796577878002746
13570.0,243,0.6931471805599453,5.482678508639762
13571.0,13,3.295836866004329,8.422341706395374
13572.0,206,0.6931471805599453,7.233635907747459
13573.0,50,1.9459101490553132,6.821619881846465
13574.0,411,0.6931471805599453,6.04559755568791
13575.0,23,1.791759469228055,6.597241195280628
13576.0,10,3.4965075614664802,9.351592507809151
13577.0,25,2.70805020110221,8.116004924570314
13578.0,409,0.6931471805599453,5.001661819297148
13579.0,15,1.9459101490553132,7.33748363922598
13580.0,406,0.6931471805599453,4.689051669968793
13581.0,309,1.0986122886681098,5.640239013837417
13582.0,390,1.0986122886681098,5.491743703074097
13583.0,156,1.0986122886681098,7.276577840939809
13584.0,307,1.791759469228055,5.852633421388556
13585.0,531,1.6094379124341003,6.5153939402509495
13586.0,541,0.6931471805599453,4.886809034892587
13587.0,32,1.9459101490553132,7.177095157186053
13588.0,16,2.6390573296152584,7.802258374733019
13589.0,15,1.9459101490553132,7.022636330174057
13590.0,11,3.091042453358316,8.748192207615983
13591.0,65,2.1972245773362196,7.641175503416498
13592.0,36,1.6094379124341003,5.5172922409900265
13593.0,108,2.833213344056216,8.608168534833
13594.0,53,1.3862943611198906,6.2332728236513475
13595.0,517,1.3862943611198906,6.708352668049725
13596.0,6,1.0986122886681098,6.54827640771067
13597.0,388,1.3862943611198906,5.922141263898231
13598.0,47,1.9459101490553132,6.656520847501402
13599.0,1,3.970291913552122,9.18925360051971
13600.0,312,1.0986122886681098,6.252712804455737
13601.0,45,1.6094379124341003,7.078459616435901
13602.0,65,1.6094379124341003,6.933588704013108
13603.0,26,0.6931471805599453,5.108003959824529
13604.0,652,1.0986122886681098,6.571429031703961
13605.0,387,1.0986122886681098,6.260861714939627
13606.0,29,1.3862943611198906,5.640274533399819
13607.0,40,1.3862943611198906,6.967541902717415
13608.0,541,0.6931471805599453,5.468903667123571
13609.0,593,0.6931471805599453,5.126045145607083
13610.0,12,2.8903717578961645,7.67095543558625
13611.0,89,2.70805020110221,8.096217412376085
13612.0,518,1.0986122886681098,6.65774143314853
13613.0,453,1.791759469228055,6.947792966013668
13614.0,24,1.9459101490553132,7.766497403253599
13615.0,313,2.5649493574615367,8.73443616853189
13616.0,568,1.0986122886681098,5.666772649022301
13617.0,40,2.302585092994046,7.142669285895262
13618.0,174,0.6931471805599453,5.183691840706733
13619.0,545,1.0986122886681098,5.449707095598856
13620.0,528,0.6931471805599453,4.730392150741473
13621.0,117,0.6931471805599453,5.3699401102210045
13622.0,689,1.0986122886681098,6.480734507908256
13623.0,31,2.772588722239781,7.802765171542872
13624.0,381,1.0986122886681098,6.059543667918576
13625.0,597,0.6931471805599453,5.711287574141974
13626.0,253,1.3862943611198906,6.537401490485245
13627.0,59,2.3978952727983707,7.704609108315726
13628.0,676,0.6931471805599453,5.740242971658976
13629.0,23,2.995732273553991,9.500907777847132
13630.0,5,2.4849066497880004,7.599241080215416
13631.0,100,2.5649493574615367,8.013928908524072
13632.0,25,2.3978952727983707,8.19855694364255
13634.0,33,2.8903717578961645,8.416388946839623
13635.0,68,1.9459101490553132,7.989296007592569
13636.0,37,1.9459101490553132,6.8486632321724485
13637.0,52,1.3862943611198906,6.698884386954646
13638.0,16,0.6931471805599453,4.817374117263916
13639.0,74,1.0986122886681098,7.20583560175816
13640.0,611,0.6931471805599453,6.0063531596017325
13641.0,641,2.0794415416798357,6.827434199233356
13642.0,216,1.791759469228055,6.220530526173958
13643.0,31,2.772588722239781,7.655944468710117
13644.0,9,1.791759469228055,7.862697331167
13645.0,120,0.6931471805599453,5.533784667551078
13646.0,400,1.3862943611198906,5.781669013313272
13647.0,10,2.302585092994046,8.027731067653844
13648.0,400,2.4849066497880004,7.426555024760542
13649.0,257,1.9459101490553132,7.426477641274734
13650.0,17,2.833213344056216,8.038996087141975
13651.0,35,1.6094379124341003,5.346869407130202
13652.0,46,1.791759469228055,7.85238076328356
13653.0,488,0.6931471805599453,5.0317442573064906
13654.0,43,2.4849066497880004,8.74973246437081
13655.0,114,2.1972245773362196,7.723252826819543
13656.0,165,2.0794415416798357,6.960679742290024
13657.0,11,1.0986122886681098,5.948400457636955
13658.0,10,2.6390573296152584,8.660959280398819
13659.0,197,2.8903717578961645,8.459061833831752
13660.0,396,1.0986122886681098,5.71929486628671
13661.0,603,0.6931471805599453,5.787633306826145
13662.0,86,2.8903717578961645,7.688972858902848
13663.0,179,1.9459101490553132,7.60818090726078
13665.0,386,1.3862943611198906,7.4458029964289425
13666.0,60,1.791759469228055,4.859036909945142
13667.0,149,0.6931471805599453,5.723650459293667
13668.0,3,3.871201010907891,9.453297530918444
13669.0,51,1.3862943611198906,6.0271935945622275
13670.0,75,0.6931471805599453,5.859931157146132
13671.0,395,0.6931471805599453,5.27785952464564
13672.0,301,2.0794415416798357,5.094179556473186
13673.0,19,1.0986122886681098,5.986250980055095
13674.0,430,1.0986122886681098,5.37934420519041
13675.0,151,1.0986122886681098,6.189946485351331
13676.0,539,1.3862943611198906,5.037926154332159
13677.0,405,1.0986122886681098,6.32290629486736
13678.0,152,0.6931471805599453,5.453610250954072
13679.0,494,1.3862943611198906,5.642828631985861
13680.0,1,2.6390573296152584,9.201961365945296
13681.0,18,1.6094379124341003,6.720015067761323
13682.0,187,0.6931471805599453,4.102643365036796
13683.0,458,0.6931471805599453,5.559141984829935
13684.0,286,1.9459101490553132,6.305398990703829
13685.0,3,2.0794415416798357,8.045729296501372
13686.0,183,1.3862943611198906,6.016254715915201
13687.0,438,0.6931471805599453,9.382766463078516
13688.0,635,0.6931471805599453,5.930918047239948
13689.0,63,1.0986122886681098,7.139263746627974
13690.0,59,0.6931471805599453,5.1547356380700124
13691.0,396,0.6931471805599453,5.3649474488457995
13692.0,25,2.1972245773362196,8.012167382826117
13693.0,325,2.6390573296152584,7.575235872792832
13694.0,4,5.10594547390058,12.159120022048285
13695.0,31,2.833213344056216,7.92722695296845
13696.0,422,1.6094379124341003,7.605740736182331
13697.0,39,0.6931471805599453,5.025852259901116
13698.0,597,1.0986122886681098,6.145322326901356
13699.0,155,1.3862943611198906,6.568639551415507
13700.0,26,2.70805020110221,7.858335353997809
13701.0,437,1.0986122886681098,5.078605420535523
13702.0,446,0.6931471805599453,4.9139775400548205
13703.0,318,1.3862943611198906,4.61015772749913
13704.0,5,2.3978952727983707,7.7390587657470284
13705.0,8,2.0794415416798357,7.618904447051197
13706.0,303,1.0986122886681098,6.449158345318021
13707.0,267,1.791759469228055,8.12173583825502
13708.0,271,0.6931471805599453,5.696690720842445
13709.0,4,3.1354942159291497,8.924497939681663
13710.0,32,1.3862943611198906,6.23542981411449
13711.0,219,2.772588722239781,7.3985475688412246
13712.0,247,1.0986122886681098,6.643034239500869
13713.0,408,1.3862943611198906,6.612390436150933
13714.0,465,0.6931471805599453,5.089754498548855
13715.0,281,3.091042453358316,9.040659385480165
13716.0,269,0.6931471805599453,4.936486295459933
13717.0,32,2.4849066497880004,7.466828062374416
13718.0,246,1.0986122886681098,5.728637675654378
13719.0,15,2.4849066497880004,7.943161491746454
13720.0,117,1.6094379124341003,6.685736095329637
13721.0,36,1.0986122886681098,6.61007674127968
13722.0,120,2.4849066497880004,8.635893139912866
13723.0,217,1.9459101490553132,7.098540914188221
13724.0,637,0.6931471805599453,5.366022742902049
13725.0,50,2.4849066497880004,7.501529537967584
13726.0,39,1.0986122886681098,6.985327244577022
13727.0,29,2.302585092994046,6.973823878951841
13728.0,37,2.833213344056216,7.957236845497527
13729.0,436,1.791759469228055,6.51830622638266
13730.0,136,1.0986122886681098,6.624861723262153
13731.0,219,1.0986122886681098,6.416062123365316
13732.0,28,0.6931471805599453,6.200225158054739
13733.0,411,1.3862943611198906,6.185241077789379
13734.0,509,1.9459101490553132,8.146793057944725
13735.0,25,3.1354942159291497,9.156286428395536
13736.0,5,2.5649493574615367,7.906919170556934
13737.0,200,0.6931471805599453,5.830708768228588
13738.0,396,0.6931471805599453,6.091151498494956
13739.0,18,1.0986122886681098,5.680854970012496
13740.0,241,1.791759469228055,7.376989862588066
13741.0,72,1.6094379124341003,6.503284676189586
13742.0,17,2.70805020110221,8.04026000817331
13743.0,3,2.1972245773362196,7.201282733849437
13744.0,95,1.0986122886681098,7.053896828321335
13745.0,151,1.6094379124341003,6.636300823635007
13746.0,414,0.6931471805599453,5.1800404589569835
13747.0,374,1.0986122886681098,5.523059639225943
13748.0,96,2.302585092994046,7.727248725858954
13750.0,54,2.6390573296152584,8.178807124589751
13751.0,288,0.6931471805599453,5.694573535570891
13752.0,124,2.0794415416798357,7.372576754031013
13753.0,288,1.6094379124341003,7.647580871722489
13754.0,152,1.3862943611198906,6.104904833330228
13755.0,4,2.3978952727983707,7.675861498007538
13756.0,2,3.258096538021482,9.121312417605916
13757.0,675,0.6931471805599453,5.280916851867869
13758.0,12,2.995732273553991,9.133906311961109
13759.0,33,1.0986122886681098,6.492860854269306
13760.0,54,1.9459101490553132,7.214975237806959
13761.0,50,1.9459101490553132,7.577208972659349
13762.0,204,1.9459101490553132,7.680988243210912
13763.0,63,1.9459101490553132,8.55313738880332
13764.0,71,1.9459101490553132,7.991003475467276
13765.0,653,0.6931471805599453,5.86879113553233
13766.0,495,0.6931471805599453,5.254104211871711
13767.0,2,4.574710978503383,10.466431510250912
13768.0,564,2.1972245773362196,6.632093999756983
13769.0,2,3.4011973816621555,8.660016529889246
13770.0,422,1.6094379124341003,6.66742741958036
13771.0,64,2.3978952727983707,8.65295933512342
13772.0,34,2.302585092994046,8.037775791343254
13773.0,397,1.0986122886681098,5.7122135001340535
13774.0,82,0.6931471805599453,5.846438775057725
13775.0,591,0.6931471805599453,6.9571738171118644
13777.0,1,4.30406509320417,10.933420670508047
13778.0,103,1.791759469228055,7.018885120030572
13779.0,516,0.6931471805599453,5.088398482561978
13780.0,7,1.3862943611198906,6.602343628980946
13781.0,251,1.6094379124341003,6.648829097528155
13782.0,13,2.70805020110221,7.488164799545207
13783.0,488,1.6094379124341003,7.341542178594752
13784.0,10,2.772588722239781,7.9718382327530115
13785.0,429,1.6094379124341003,6.298011307127966
13786.0,367,2.1972245773362196,7.914767496871977
13787.0,76,2.302585092994046,7.0687680748298405
13788.0,505,0.6931471805599453,1.55814461804655
13789.0,388,0.6931471805599453,5.482553755546763
13790.0,4,0.6931471805599453,5.857361562584502
13791.0,43,1.3862943611198906,6.955287509427453
13792.0,66,1.3862943611198906,5.953113455724059
13793.0,647,0.6931471805599453,4.574710978503383
13794.0,547,0.6931471805599453,4.844423279035369
13795.0,388,1.6094379124341003,6.7301824292103865
13796.0,499,0.6931471805599453,5.6722918075648305
13797.0,437,1.6094379124341003,7.064288831796903
13798.0,1,4.836281906951478,11.20605336954192
13799.0,117,2.6390573296152584,7.621106966857981
13800.0,310,1.3862943611198906,7.426882350187425
13801.0,67,0.6931471805599453,5.786283696167945
13802.0,138,3.2188758248682006,10.146141923869033
13803.0,255,1.6094379124341003,7.185470345441721
13804.0,31,2.302585092994046,8.07387667223265
13805.0,52,1.0986122886681098,6.830442175879467
13806.0,64,0.6931471805599453,5.550553592065519
13807.0,367,1.6094379124341003,6.2361738763367525
13808.0,6,1.791759469228055,7.466605059322925
13809.0,305,1.3862943611198906,6.523121680453905
13810.0,29,1.6094379124341003,6.80296126949605
13811.0,184,1.6094379124341003,6.384772724945515
13812.0,42,1.3862943611198906,6.29156913955832
13813.0,40,2.5649493574615367,7.896336904550998
13814.0,56,1.791759469228055,7.714262394360815
13815.0,22,2.3978952727983707,8.893818398811218
13816.0,24,1.6094379124341003,6.320840234108892
13817.0,29,1.0986122886681098,5.950590467898009
13818.0,430,0.6931471805599453,4.131640346965797
13819.0,302,2.0794415416798357,7.8755372856444295
13820.0,418,1.791759469228055,6.463653287259055
13821.0,145,2.0794415416798357,7.2356407546660275
13822.0,6,1.0986122886681098,6.450470422144176
13823.0,19,2.1972245773362196,8.119562315416589
13824.0,33,2.70805020110221,8.093877709125078
13825.0,622,1.0986122886681098,5.5474794802608
13826.0,158,1.0986122886681098,5.168493378711836
13827.0,58,1.3862943611198906,6.023568651008515
13828.0,22,0.6931471805599453,5.349438146055751
13830.0,574,1.0986122886681098,4.919615895709088
13831.0,16,3.044522437723423,8.855118657302395
13832.0,18,1.3862943611198906,6.402646615545375
13833.0,159,1.0986122886681098,6.55444609309113
13834.0,577,1.3862943611198906,5.517011031788615
13835.0,25,2.1972245773362196,6.952556545686677
13836.0,399,1.3862943611198906,6.402779180005038
13837.0,212,1.0986122886681098,5.606684030192651
13838.0,6,2.3978952727983707,7.5843105722991195
13839.0,486,0.6931471805599453,4.948405217560122
13840.0,416,0.6931471805599453,6.4806578707468585
13841.0,253,0.6931471805599453,4.454347296253507
13842.0,59,2.995732273553991,8.631585596487005
13843.0,381,0.6931471805599453,5.770662003495746
13844.0,11,0.6931471805599453,5.893355453997663
13845.0,65,0.6931471805599453,5.749329289612172
13846.0,25,1.791759469228055,7.163435717908118
13847.0,720,0.6931471805599453,5.74210534897536
13848.0,92,2.1972245773362196,8.112527763478637
13849.0,52,1.9459101490553132,8.1446211266101
13850.0,88,1.0986122886681098,7.370110987293602
13851.0,96,2.302585092994046,8.415771574767053
13852.0,607,1.0986122886681098,5.144291678908929
13853.0,9,1.0986122886681098,6.964078900035081
13854.0,9,3.828641396489095,9.40584218630444
13855.0,501,1.791759469228055,7.134843041658069
13856.0,169,2.772588722239781,6.965910973150485
13857.0,393,2.0794415416798357,6.905863490678519
13858.0,57,0.6931471805599453,5.38068045697316
13859.0,326,1.0986122886681098,6.247772044800624
13860.0,1,1.9459101490553132,7.123672785204607
13861.0,429,1.3862943611198906,5.530658490216289
13862.0,18,2.4849066497880004,7.837964694993497
13863.0,245,1.9459101490553132,7.10548255592594
13864.0,387,0.6931471805599453,6.497378126512952
13865.0,58,1.6094379124341003,6.219715035790337
13866.0,74,0.6931471805599453,4.988185165258664
13867.0,31,1.3862943611198906,6.923914020481024
13868.0,7,1.0986122886681098,8.068885298365506
13869.0,123,2.3978952727983707,9.001169989634596
13870.0,2,2.9444389791664403,8.646613143641042
13871.0,23,3.091042453358316,8.962641542390813
13872.0,513,1.9459101490553132,6.793824812641244
13873.0,120,2.302585092994046,6.939273325698682
13874.0,358,2.3978952727983707,7.5959904151810616
13875.0,54,2.70805020110221,8.479568164478277
13876.0,64,0.6931471805599453,4.8178592793984425
13877.0,86,1.791759469228055,6.103296577270926
13878.0,55,1.6094379124341003,7.813615804881473
13879.0,646,0.6931471805599453,5.982676041074902
13880.0,21,2.8903717578961645,8.38769024512352
13881.0,4,3.9512437185814275,10.700848341306921
13882.0,3,1.9459101490553132,7.031988578000526
13883.0,1,3.295836866004329,8.755223778868276
13884.0,7,2.70805020110221,7.524766278115626
13885.0,189,1.0986122886681098,6.230087669270578
13886.0,71,0.6931471805599453,5.499460677582579
13887.0,204,0.6931471805599453,5.859503349652977
13888.0,120,2.0794415416798357,7.682505487743709
13889.0,93,2.1972245773362196,7.526572154982035
13890.0,1,3.1354942159291497,7.958482493763004
13891.0,378,1.3862943611198906,6.76222070699491
13892.0,27,1.9459101490553132,7.145708621949827
13893.0,298,0.6931471805599453,6.711862042158088
13894.0,22,1.791759469228055,6.285942227026518
13895.0,21,2.1972245773362196,8.275024810242982
13896.0,626,0.6931471805599453,5.964992226776867
13897.0,50,1.3862943611198906,7.05765694451998
13898.0,326,1.0986122886681098,6.532916364415733
13899.0,16,1.0986122886681098,5.9649152118744455
13900.0,183,2.0794415416798357,7.383424080791639
13901.0,72,3.044522437723423,8.630582589165916
13902.0,632,2.1972245773362196,10.322601095568654
13903.0,400,0.6931471805599453,5.114694964021034
13904.0,37,1.0986122886681098,5.810062567373411
13905.0,571,1.3862943611198906,5.503093260504062
13906.0,409,0.6931471805599453,3.7612001156935624
13907.0,692,0.6931471805599453,4.925803358579558
13908.0,80,1.791759469228055,7.761340475440168
13909.0,423,1.0986122886681098,5.661570625846892
13911.0,57,3.1354942159291497,8.343087392666542
13912.0,424,0.6931471805599453,4.835885002798619
13913.0,507,0.6931471805599453,3.76630335107874
13914.0,4,1.3862943611198906,6.42154096368842
13915.0,394,1.0986122886681098,3.4719664525503626
13916.0,464,1.791759469228055,7.140064695120641
13917.0,50,1.0986122886681098,5.609618304598452
13918.0,50,1.0986122886681098,7.101544167216986
13919.0,53,1.791759469228055,7.1906986414617435
13920.0,432,1.791759469228055,7.459269768407129
13921.0,399,1.791759469228055,6.581678818543044
13922.0,352,1.791759469228055,6.716231511423383
13923.0,54,0.6931471805599453,5.864000425598742
13924.0,2,2.4849066497880004,7.4283807272262745
13925.0,36,1.9459101490553132,6.425921953982822
13926.0,23,0.6931471805599453,5.415433513216716
13927.0,75,1.3862943611198906,6.5380819349720305
13928.0,11,1.6094379124341003,6.143262461351643
13929.0,169,2.70805020110221,8.107448940823184
13930.0,58,1.0986122886681098,5.824051307047146
13931.0,86,2.5649493574615367,8.566322345741062
13932.0,295,0.6931471805599453,5.731397641689174
13933.0,109,1.0986122886681098,6.413114635600407
13934.0,264,0.6931471805599453,6.8277375709961055
13935.0,597,1.3862943611198906,8.718977448456672
13936.0,171,1.6094379124341003,6.830182850987146
13937.0,169,1.3862943611198906,6.766629406877568
13938.0,35,0.6931471805599453,4.2857910267930555
13939.0,23,2.3978952727983707,7.336064137115575
13940.0,17,1.6094379124341003,6.73356854461668
13941.0,22,2.8903717578961645,9.291657651653
13942.0,535,0.6931471805599453,5.771441123130016
13943.0,578,0.6931471805599453,5.511572185111876
13944.0,653,0.6931471805599453,5.3054419264903325
13945.0,395,1.0986122886681098,6.7512768921457
13946.0,79,2.0794415416798357,7.465328983283335
13947.0,65,0.6931471805599453,4.517431271680085
13948.0,361,1.791759469228055,6.287598303249565
13949.0,3,1.9459101490553132,7.794954939211736
13950.0,11,1.791759469228055,6.592441612695797
13951.0,176,1.3862943611198906,6.5153791354156905
13952.0,211,2.8903717578961645,9.456566733526893
13953.0,7,2.5649493574615367,8.801120222516522
13954.0,2,1.3862943611198906,5.939091722869282
13955.0,154,1.3862943611198906,6.302930282595254
13956.0,5,1.791759469228055,6.934806084458451
13957.0,418,1.3862943611198906,6.129594724095235
13958.0,372,2.5649493574615367,8.390116351845704
13959.0,79,1.9459101490553132,6.982101794110792
13960.0,21,1.0986122886681098,5.443369638247176
13961.0,385,1.0986122886681098,6.214007918350159
13962.0,22,1.3862943611198906,5.896604266084022
13963.0,308,2.9444389791664403,7.972679786227525
13964.0,387,1.3862943611198906,6.047135744478443
13965.0,455,1.791759469228055,6.657574493599522
13966.0,435,0.6931471805599453,5.970904633142621
13967.0,146,1.0986122886681098,5.119788607992779
13968.0,423,0.6931471805599453,4.825590031380704
13969.0,7,3.6888794541139363,9.489014746656602
13970.0,386,1.0986122886681098,6.742349834564496
13971.0,9,2.9444389791664403,8.43268703736981
13972.0,71,1.0986122886681098,5.253581472706645
13973.0,287,0.6931471805599453,5.582367852765768
13974.0,49,1.6094379124341003,6.499064975518278
13975.0,31,2.70805020110221,8.580785640168427
13976.0,207,1.6094379124341003,7.084528136845675
13977.0,411,0.6931471805599453,6.255385291938897
13978.0,15,1.0986122886681098,5.287205861793318
13979.0,73,2.4849066497880004,8.110075718905614
13980.0,60,2.302585092994046,6.6255515065383825
13981.0,401,1.0986122886681098,5.794201926444727
13982.0,39,2.6390573296152584,8.393847462630829
13983.0,30,3.4339872044851463,8.85286653758086
13984.0,27,2.6390573296152584,7.388402068326353
13985.0,4,3.2188758248682006,9.208669977644039
13986.0,17,0.6931471805599453,5.7728731191409945
13987.0,380,1.0986122886681098,6.527285176763272
13988.0,20,2.4849066497880004,8.457366750968285
13989.0,66,1.791759469228055,7.614341746408589
13990.0,213,0.6931471805599453,5.7439642642890325
13991.0,12,2.0794415416798357,6.747152160205322
13992.0,30,1.3862943611198906,5.395897694886901
13993.0,32,3.2188758248682006,8.808572420952252
13994.0,4,1.9459101490553132,7.746793407219949
13995.0,15,2.9444389791664403,8.252513849223089
13996.0,386,1.0986122886681098,6.798788267730199
13997.0,519,1.3862943611198906,5.948844061271341
13998.0,447,1.3862943611198906,6.341593110176681
13999.0,10,3.6109179126442243,9.152606380758645
14000.0,206,2.1972245773362196,7.538276774433291
14001.0,46,2.3978952727983707,8.415899948733873
14002.0,134,1.0986122886681098,6.274253417348632
14003.0,733,0.6931471805599453,5.3490580082512205
14004.0,43,2.4849066497880004,8.74184760080936
14005.0,10,1.791759469228055,7.964058356660503
14006.0,116,2.0794415416798357,7.69515298720424
14007.0,513,0.6931471805599453,4.388008706351429
14008.0,375,1.0986122886681098,6.2040323720500075
14009.0,198,1.6094379124341003,6.9950607793799024
14010.0,565,1.3862943611198906,5.666772649022301
14011.0,480,1.3862943611198906,6.115715509445839
14012.0,278,0.6931471805599453,5.7984864101254985
14013.0,110,1.9459101490553132,6.914949339562377
14014.0,77,1.3862943611198906,7.575179441266062
14015.0,53,0.6931471805599453,6.8225676924206855
14016.0,154,2.6390573296152584,9.339675095892309
14017.0,571,0.6931471805599453,5.441334873382962
14018.0,645,0.6931471805599453,5.908490463814726
14019.0,47,1.6094379124341003,7.244198943766608
14020.0,17,1.791759469228055,7.101890116728281
14021.0,155,2.0794415416798357,7.448671602342143
14022.0,225,1.0986122886681098,6.676012358854464
14023.0,7,1.0986122886681098,6.371731498193053
14024.0,122,1.3862943611198906,6.471944359021592
14025.0,465,2.3978952727983707,8.286546562280877
14026.0,471,1.0986122886681098,6.571037012097961
14027.0,61,0.6931471805599453,4.661739537475985
14028.0,499,1.791759469228055,8.063535240706589
14029.0,63,1.0986122886681098,6.149877558850261
14030.0,18,3.1354942159291497,9.005354713771176
14031.0,7,4.02535169073515,10.546050923806543
14032.0,2,3.258096538021482,8.473673812222716
14033.0,555,0.6931471805599453,4.704472387061954
14034.0,22,1.6094379124341003,6.240314830765597
14035.0,29,2.4849066497880004,7.956291076516906
14036.0,285,0.6931471805599453,6.441982686264217
14037.0,176,2.0794415416798357,6.629297201057888
14038.0,78,2.1972245773362196,8.007010694133402
14039.0,33,1.0986122886681098,5.592031211231537
14040.0,41,3.7612001156935624,9.430185690094241
14041.0,266,0.6931471805599453,4.958710221231336
14042.0,725,0.6931471805599453,6.070691537559284
14043.0,491,1.3862943611198906,5.711419901785413
14044.0,27,2.4849066497880004,8.04146118630945
14045.0,109,2.995732273553991,9.175917650032108
14046.0,284,0.6931471805599453,5.049791902630777
14047.0,9,2.995732273553991,8.33320544730281
14048.0,277,1.6094379124341003,6.572128684704628
14049.0,17,2.9444389791664403,9.477694474163329
14050.0,32,1.0986122886681098,6.616546996753798
14051.0,1,3.7612001156935624,10.003581725321427
14052.0,20,1.0986122886681098,6.177549845465586
14053.0,124,1.6094379124341003,6.351409139914337
14054.0,65,0.6931471805599453,4.53753353727228
14055.0,106,1.3862943611198906,7.327754256867339
14056.0,1,3.4011973816621555,9.002750236755375
14057.0,24,3.1780538303479458,9.028732160690812
14058.0,463,1.0986122886681098,6.153136868334086
14059.0,267,0.6931471805599453,5.218191322068752
14060.0,5,3.4965075614664802,9.159482772133662
14061.0,507,1.3862943611198906,6.822665690537023
14062.0,10,3.332204510175204,10.143914088924172
14064.0,29,3.091042453358316,8.019859474498546
14065.0,389,1.6094379124341003,6.791637106671351
14066.0,267,0.6931471805599453,5.034026246886832
14067.0,64,1.0986122886681098,5.928790952579924
14068.0,320,1.791759469228055,7.317192487842702
14069.0,515,1.0986122886681098,5.442677417054872
14070.0,685,0.6931471805599453,5.791640715177885
14071.0,4,2.302585092994046,7.1765679385576755
14072.0,667,0.6931471805599453,5.9708791134988735
14073.0,21,1.0986122886681098,4.945492145764051
14074.0,623,0.6931471805599453,5.39544407727876
14075.0,5,1.9459101490553132,7.459264007623663
14076.0,129,0.6931471805599453,4.815998211579652
14077.0,41,1.9459101490553132,6.423376825230995
14078.0,102,2.302585092994046,7.4346294334096354
14079.0,125,1.0986122886681098,6.4292838993175305
14080.0,33,1.9459101490553132,6.9816839493479685
14081.0,267,2.833213344056216,8.566183335588336
14082.0,365,1.0986122886681098,6.026735161189901
14083.0,4,2.4849066497880004,7.250110178761505
14084.0,512,0.6931471805599453,5.020585624949423
14085.0,2,3.5553480614894135,9.219619190286549
14086.0,463,0.6931471805599453,3.7123518102990785
14087.0,3,1.791759469228055,6.690183675494753
14088.0,10,3.044522437723423,11.041336900377768
14089.0,57,0.6931471805599453,5.087596335232384
14090.0,325,0.6931471805599453,4.34795265434013
14091.0,654,1.0986122886681098,9.162313316565184
14092.0,8,3.332204510175204,8.883326860241208
14093.0,12,0.6931471805599453,6.095486667514328
14094.0,440,1.0986122886681098,5.81493617735479
14095.0,723,0.6931471805599453,1.3737155789130306
14096.0,4,3.5553480614894135,10.952943034829767
14097.0,481,1.0986122886681098,6.0494032120284285
14098.0,37,0.6931471805599453,4.999574346736831
14099.0,16,3.1354942159291497,8.648486331020282
14100.0,138,0.6931471805599453,5.277604324950495
14101.0,74,2.70805020110221,9.204637139419393
14102.0,5,2.1972245773362196,7.182146923662347
14104.0,155,1.791759469228055,6.6497355632804975
14105.0,85,2.302585092994046,8.649094756593273
14106.0,737,0.6931471805599453,5.374352052824034
14107.0,52,2.6390573296152584,8.48770258684918
14108.0,31,1.791759469228055,6.949098737516397
14109.0,23,1.0986122886681098,4.396915247167632
14110.0,4,3.58351893845611,9.46951493937982
14111.0,14,1.791759469228055,6.536111719349483
14112.0,23,3.332204510175204,8.61713082981817
14113.0,4,3.4657359027997265,8.725466730063719
14114.0,274,2.0794415416798357,7.218975639511439
14115.0,502,1.0986122886681098,6.435621382327132
14116.0,20,1.791759469228055,7.2325452572578
14117.0,144,0.6931471805599453,4.51085950651685
14118.0,429,0.6931471805599453,6.130030121946894
14119.0,354,1.3862943611198906,5.102728182753178
14121.0,4,1.9459101490553132,7.916187539419835
14122.0,395,1.791759469228055,5.73905308873812
14123.0,733,0.6931471805599453,6.0803450096018565
14124.0,84,0.6931471805599453,6.041634711020558
14125.0,11,1.3862943611198906,7.916234961051038
14126.0,8,1.791759469228055,7.012979785391125
14127.0,123,1.9459101490553132,7.55017742471711
14128.0,61,1.6094379124341003,6.813840125675712
14129.0,2,2.302585092994046,7.860316221709267
14130.0,319,1.6094379124341003,7.540977280558469
14131.0,649,0.6931471805599453,5.241058947707755
14132.0,2,2.5649493574615367,8.183433672048245
14133.0,130,1.9459101490553132,6.798877473796271
14134.0,383,2.772588722239781,9.316891678361227
14135.0,2,3.258096538021482,9.170148387291382
14136.0,401,2.0794415416798357,7.349205100809812
14137.0,682,1.0986122886681098,5.687314281948893
14138.0,2,1.0986122886681098,6.890995617166797
14139.0,46,1.6094379124341003,6.99191258698886
14140.0,4,1.3862943611198906,6.8255143235982265
14141.0,3,1.9459101490553132,6.779955997800261
14142.0,373,1.6094379124341003,6.876006580667557
14143.0,134,0.6931471805599453,4.760463070394127
14144.0,486,0.6931471805599453,3.4531571205928664
14145.0,47,2.1972245773362196,8.854672064066497
14146.0,9,2.6390573296152584,9.013092367972753
14147.0,49,2.5649493574615367,7.611001294219497
14148.0,234,1.0986122886681098,6.146950049948197
14149.0,213,1.3862943611198906,5.562334111071826
14150.0,36,1.0986122886681098,6.49169423166057
14151.0,673,1.3862943611198906,6.503838970863823
14152.0,75,2.302585092994046,7.5890525255848456
14153.0,483,0.6931471805599453,5.457029057702857
14154.0,239,2.3978952727983707,8.74267001852412
14155.0,266,0.6931471805599453,4.785406236291025
14156.0,10,5.313205979041787,12.600024024314413
14157.0,20,1.9459101490553132,6.878666266372161
14158.0,40,0.6931471805599453,6.231779816930511
14159.0,20,3.258096538021482,8.932328723220417
14160.0,610,2.0794415416798357,9.038658413386564
14161.0,216,2.0794415416798357,8.10768391667899
14162.0,174,1.0986122886681098,5.67112153241664
14163.0,87,1.791759469228055,7.861580688064839
14164.0,71,1.0986122886681098,7.398033237980444
14165.0,276,0.6931471805599453,4.816564990267753
14166.0,505,1.0986122886681098,5.552378020496968
14167.0,39,2.1972245773362196,7.168186907881249
14168.0,421,1.3862943611198906,5.72652196162569
14169.0,431,1.0986122886681098,6.438439413172899
14170.0,375,1.3862943611198906,6.3941424412081105
14171.0,98,1.0986122886681098,6.214188010197488
14172.0,605,1.6094379124341003,5.9686308306990385
14173.0,11,2.0794415416798357,6.34203338667743
14174.0,33,0.6931471805599453,4.908676393786758
14175.0,51,2.8903717578961645,8.902651491384733
14176.0,297,1.9459101490553132,6.817950914322066
14177.0,85,2.70805020110221,7.707687460139315
14178.0,9,2.0794415416798357,7.391372077147292
14179.0,41,1.0986122886681098,6.580333958961338
14180.0,11,3.7612001156935624,8.717968426868438
14181.0,411,1.0986122886681098,5.741559838990231
14182.0,444,1.791759469228055,6.493859734395947
14183.0,411,1.0986122886681098,5.660492158557335
14184.0,67,0.6931471805599453,6.1178548779353035
14185.0,331,0.6931471805599453,5.291544482260608
14186.0,427,1.791759469228055,7.34706127025902
14187.0,474,0.6931471805599453,4.824305715904762
14188.0,9,2.3978952727983707,7.610808234947226
14189.0,2,3.258096538021482,8.659667972453944
14190.0,666,0.6931471805599453,4.393213824064446
14191.0,2,2.8903717578961645,8.458379054682153
14192.0,388,0.6931471805599453,5.686093611785117
14193.0,68,1.3862943611198906,7.0993586263743325
14194.0,5,4.007333185232471,9.822487344939145
14195.0,202,2.3978952727983707,7.775796500507241
14196.0,107,0.6931471805599453,5.818657582682612
14197.0,411,0.6931471805599453,5.968835429047621
14198.0,4,2.6390573296152584,7.3320944788555975
14199.0,218,1.9459101490553132,6.821652579928726
14200.0,617,0.6931471805599453,5.940697430054329
14201.0,60,2.5649493574615367,7.034511270326383
14202.0,381,1.3862943611198906,6.743776460835899
14203.0,397,0.6931471805599453,5.82994511794329
14204.0,2,1.6094379124341003,6.9697530752099555
14205.0,11,2.5649493574615367,7.554533861014469
14206.0,239,1.791759469228055,7.044216126560473
14207.0,688,0.6931471805599453,5.067645548813036
14208.0,95,1.0986122886681098,6.342209443015913
14209.0,11,2.995732273553991,8.50479059621918
14210.0,91,3.091042453358316,8.668251093533248
14211.0,53,3.295836866004329,8.36699568748253
14212.0,90,1.0986122886681098,7.692177235317669
14214.0,31,2.0794415416798357,6.9089845231518545
14215.0,12,2.3978952727983707,8.133155859921679
14216.0,3,1.9459101490553132,7.670143966783269
14217.0,2,3.5263605246161616,8.073362444474524
14218.0,43,0.6931471805599453,5.1386179877903615
14219.0,4,1.3862943611198906,6.4533572465147895
14220.0,247,1.6094379124341003,7.323830566202317
14221.0,42,2.995732273553991,8.780724466969012
14222.0,177,0.6931471805599453,6.528206424753791
14223.0,92,1.6094379124341003,6.883698214388345
14224.0,110,2.302585092994046,7.549030050131371
14225.0,435,1.791759469228055,7.608930151229312
14226.0,29,2.302585092994046,7.9959063729950515
14227.0,26,3.1354942159291497,8.752788496869584
14228.0,438,1.3862943611198906,6.615395616979245
14229.0,52,2.4849066497880004,7.811969381030831
14230.0,436,1.3862943611198906,6.888368565181947
14231.0,179,1.9459101490553132,7.032597782301455
14232.0,32,2.1972245773362196,7.623118838062197
14233.0,44,2.3978952727983707,7.925865865766093
14234.0,22,1.6094379124341003,6.654745128061633
14235.0,10,2.3978952727983707,8.448483851159079
14236.0,81,2.0794415416798357,7.458036203768139
14237.0,373,1.3862943611198906,6.44260385870732
14238.0,326,1.3862943611198906,6.075874626989435
14239.0,43,3.2188758248682006,8.343962982794052
14240.0,30,1.3862943611198906,7.129690100076217
14241.0,184,1.0986122886681098,5.8132346082172806
14242.0,235,1.0986122886681098,5.640310051700627
14243.0,9,3.1780538303479458,8.904678969011949
14244.0,659,1.0986122886681098,5.8744249850066295
14245.0,176,1.791759469228055,7.425643900948446
14246.0,111,1.3862943611198906,7.296453945912696
14247.0,278,1.9459101490553132,6.647312167917105
14248.0,318,1.3862943611198906,6.941141697999771
14249.0,411,2.5649493574615367,8.63523592668109
14250.0,7,1.3862943611198906,7.552263533935522
14251.0,2,1.791759469228055,7.965788599152331
14252.0,381,0.6931471805599453,5.863602766103642
14253.0,493,1.0986122886681098,5.898252165385803
14254.0,433,0.6931471805599453,6.400307277954197
14256.0,254,2.302585092994046,7.782532110357626
14257.0,51,2.3978952727983707,8.68996933536666
14258.0,9,3.4965075614664802,10.342656581681215
14259.0,142,0.6931471805599453,4.795790545596741
14260.0,471,1.3862943611198906,6.71572272269298
14261.0,51,1.0986122886681098,7.060004151519799
14262.0,8,2.1972245773362196,7.870635660430322
14263.0,423,0.6931471805599453,5.780527443067584
14264.0,155,2.1972245773362196,7.287806848028212
14265.0,109,1.6094379124341003,7.225736171057181
14266.0,428,0.6931471805599453,3.727138166231027
14267.0,151,2.302585092994046,7.139017782228097
14268.0,471,0.6931471805599453,5.87450929374528
14269.0,435,1.0986122886681098,5.570936561322772
14270.0,332,0.6931471805599453,6.201826764057459
14271.0,226,1.0986122886681098,5.39421828092524
14272.0,74,1.6094379124341003,6.826339128567769
14273.0,51,1.6094379124341003,6.329667428156979
14274.0,686,0.6931471805599453,5.551407994230199
14275.0,396,1.9459101490553132,7.082027862862419
14276.0,88,2.6390573296152584,7.5654410712639235
14277.0,15,2.70805020110221,8.372276083981998
14278.0,410,0.6931471805599453,5.331897199811232
14279.0,521,1.0986122886681098,5.261964537082238
14280.0,197,0.6931471805599453,4.905571030847647
14281.0,408,0.6931471805599453,5.50594110620421
14282.0,3,3.295836866004329,8.967715791647521
14283.0,463,1.6094379124341003,6.444830535200694
14284.0,31,1.6094379124341003,7.157618654995728
14285.0,21,2.302585092994046,8.058213376040488
14286.0,24,2.5649493574615367,9.035713137814923
14287.0,8,1.6094379124341003,5.025392535071163
14288.0,212,1.0986122886681098,6.027917009110294
14289.0,9,1.9459101490553132,6.815925037163848
14290.0,11,2.70805020110221,8.345201299459811
14291.0,2,3.258096538021482,8.96768265175767
14292.0,8,3.332204510175204,9.092558586319019
14293.0,3,2.3978952727983707,8.06316684293359
14294.0,407,0.6931471805599453,5.930492990116498
14295.0,40,2.1972245773362196,7.748054419651688
14296.0,414,1.3862943611198906,6.108024613019408
14297.0,18,1.9459101490553132,7.158560688846258
14298.0,3,4.442651256490317,11.412998052132217
14299.0,8,3.7376696182833684,9.459445583957052
14300.0,19,0.6931471805599453,3.7887247890836524
14301.0,108,2.0794415416798357,7.579285487317115
14302.0,431,1.3862943611198906,6.611906617197296
14303.0,407,1.0986122886681098,5.630996704930548
14304.0,223,1.791759469228055,7.329625091115578
14305.0,71,1.791759469228055,7.498182897937567
14306.0,51,2.0794415416798357,8.052773940464402
14307.0,89,2.4849066497880004,8.529927761487539
14309.0,8,2.5649493574615367,8.229233747167122
14310.0,433,0.6931471805599453,6.2007119932300805
14311.0,225,1.3862943611198906,6.07970433595739
14312.0,47,2.4849066497880004,8.0363437585012
14314.0,107,1.3862943611198906,5.406723240391823
14315.0,21,2.3978952727983707,8.061398534894462
14316.0,422,1.9459101490553132,7.212545174534084
14317.0,65,0.6931471805599453,6.233586857019973
14318.0,460,0.6931471805599453,5.069029980473338
14319.0,424,1.0986122886681098,6.1695061245097715
14320.0,207,2.0794415416798357,7.094334426028733
14321.0,11,2.1972245773362196,7.696021712030038
14322.0,427,1.9459101490553132,5.954022251632112
14323.0,115,1.6094379124341003,6.354822112510577
14324.0,410,1.0986122886681098,6.554801972579857
14325.0,570,0.6931471805599453,5.507280854288412
14326.0,235,1.6094379124341003,6.829772115657053
14327.0,163,1.9459101490553132,7.54746476230219
14329.0,9,3.367295829986474,9.18363904326575
14330.0,624,0.6931471805599453,5.3064343346499845
14331.0,124,1.0986122886681098,6.139151525006747
14332.0,23,1.791759469228055,7.572765296292786
14333.0,64,1.0986122886681098,5.864908768219885
14334.0,17,2.70805020110221,8.364969320766026
14335.0,16,1.0986122886681098,6.151156985841575
14336.0,17,1.6094379124341003,7.387653544460817
14338.0,158,1.791759469228055,6.796935443876893
14339.0,235,1.791759469228055,6.399692501705074
14340.0,219,0.6931471805599453,4.9104465668408235
14341.0,45,3.044522437723423,8.399415905743323
14342.0,21,2.302585092994046,6.737844390264654
14343.0,421,1.6094379124341003,6.993850403006858
14344.0,127,3.044522437723423,8.112137999281039
14345.0,39,0.6931471805599453,4.700298531079668
14346.0,121,1.791759469228055,7.747920620466801
14347.0,737,0.6931471805599453,4.426043520090656
14348.0,260,0.6931471805599453,6.017546438106483
14349.0,10,0.6931471805599453,4.901564199041894
14350.0,271,1.6094379124341003,6.855198028243461
14351.0,165,0.6931471805599453,3.9512437185814275
14352.0,157,1.6094379124341003,6.984679282395341
14353.0,215,1.3862943611198906,5.933570568689079
14354.0,6,1.0986122886681098,5.103639787544498
14355.0,366,1.3862943611198906,6.923087142979119
14356.0,60,1.6094379124341003,6.504198349143274
14357.0,43,0.6931471805599453,5.423936287972195
14358.0,389,1.3862943611198906,5.954022251632112
14359.0,19,1.9459101490553132,6.78398183661347
14360.0,32,1.6094379124341003,7.663515690998327
14361.0,579,0.6931471805599453,5.373934913006625
14362.0,22,0.6931471805599453,5.088830141681313
14363.0,402,1.0986122886681098,5.431404910686392
14364.0,109,2.1972245773362196,8.221035300483413
14365.0,395,1.0986122886681098,6.454695292066289
14366.0,525,0.6931471805599453,4.919980925828125
14367.0,8,2.995732273553991,9.123563876490643
14368.0,320,0.6931471805599453,5.049856007249537
14369.0,642,1.0986122886681098,6.153009252203234
14370.0,451,2.302585092994046,6.996800419804716
14371.0,295,0.6931471805599453,4.620058798481842
14372.0,443,1.3862943611198906,6.7228463778978425
14373.0,358,0.6931471805599453,4.350922889622548
14374.0,541,0.6931471805599453,4.6913478822291435
14375.0,185,1.3862943611198906,7.033497665906664
14376.0,683,0.6931471805599453,5.377405772867
14377.0,191,1.0986122886681098,6.426569360333832
14378.0,622,0.6931471805599453,4.8846940707384086
14379.0,44,1.6094379124341003,7.146701310799781
14381.0,52,1.0986122886681098,6.449427224173901
14382.0,26,1.3862943611198906,7.1243574822529245
14383.0,38,1.3862943611198906,7.129850280760371
14384.0,501,0.6931471805599453,4.085976312551584
14385.0,9,1.3862943611198906,5.3137477042033945
14386.0,297,0.6931471805599453,4.96563792816552
14387.0,33,1.3862943611198906,7.479615793333997
14388.0,9,3.044522437723423,8.793354149980875
14389.0,9,2.4849066497880004,7.50772849640133
14390.0,10,2.9444389791664403,8.75215937913111
14391.0,577,0.6931471805599453,4.91705694713669
14392.0,432,0.6931471805599453,5.588745664667843
14393.0,218,0.6931471805599453,4.233381604239311
14394.0,565,0.6931471805599453,4.551769409260976
14395.0,2,3.2188758248682006,9.007221237086616
14396.0,65,2.0794415416798357,7.660552488950523
14397.0,1,3.1780538303479458,7.84685587658081
14398.0,401,1.0986122886681098,6.563559290839203
14399.0,394,2.302585092994046,7.649292543690175
14400.0,141,1.791759469228055,7.440733707389261
14401.0,4,3.258096538021482,8.810519306253104
14402.0,652,0.6931471805599453,5.6580875153940715
14403.0,130,2.302585092994046,7.508655583029639
14404.0,34,2.772588722239781,7.937771046177678
14405.0,387,0.6931471805599453,5.278114659230517
14406.0,119,0.6931471805599453,5.061011501421323
14407.0,107,2.302585092994046,7.655428522896647
14408.0,11,2.4849066497880004,8.321365637874722
14409.0,71,2.3978952727983707,8.147488007140058
14410.0,16,2.8903717578961645,7.660759728194841
14411.0,311,0.6931471805599453,6.96979066990159
14412.0,35,1.6094379124341003,7.2573482045236695
14413.0,362,1.6094379124341003,6.648168154688608
14414.0,92,2.302585092994046,7.778412459338815
14415.0,1,3.4965075614664802,9.385648223474904
14416.0,22,1.0986122886681098,6.1968920926164115
14417.0,388,0.6931471805599453,6.405558981914201
14418.0,4,1.3862943611198906,7.569540783099068
14419.0,11,2.0794415416798357,7.140381725185672
14420.0,85,2.0794415416798357,7.3955497092364215
14421.0,57,2.0794415416798357,7.806948680941073
14422.0,1,3.091042453358316,9.23033121685244
14423.0,218,1.6094379124341003,6.81997269559838
14424.0,18,0.6931471805599453,5.777899970574095
14425.0,427,1.791759469228055,6.456596956202087
14426.0,19,3.332204510175204,9.315148034839062
14427.0,50,1.6094379124341003,7.142447882513212
14428.0,7,2.0794415416798357,7.115695848393711
14429.0,404,0.6931471805599453,6.248584313977123
14430.0,512,1.791759469228055,6.864221276958409
14431.0,299,1.791759469228055,7.840942458516022
14432.0,10,1.9459101490553132,7.72157465089916
14433.0,466,0.6931471805599453,5.671947751136183
14434.0,22,1.9459101490553132,7.225335901779781
14435.0,502,0.6931471805599453,4.515464272903598
14436.0,99,1.0986122886681098,5.608372289851543
14437.0,143,2.0794415416798357,6.7225575900826815
14438.0,306,0.6931471805599453,4.8895969657192
14439.0,320,1.791759469228055,9.15313913368987
14440.0,8,2.772588722239781,8.783829854638187
14441.0,1,2.995732273553991,8.380821196670372
14442.0,2,2.5649493574615367,8.57035853243054
14443.0,54,2.1972245773362196,7.763267877257526
14444.0,456,0.6931471805599453,4.890649834884672
14445.0,456,0.6931471805599453,5.405601031767711
14446.0,1,1.791759469228055,7.12472782877268
14447.0,19,1.9459101490553132,7.445843867687404
14448.0,9,1.0986122886681098,5.930519561480541
14449.0,19,2.1972245773362196,7.817544924513932
14450.0,181,2.0794415416798357,7.029477213647162
14451.0,60,2.9444389791664403,8.091501906327387
14452.0,11,1.6094379124341003,6.502175164260966
14453.0,190,0.6931471805599453,4.795211865797184
14454.0,376,1.9459101490553132,6.8790471148453936
14455.0,432,1.791759469228055,6.390005740143322
14456.0,5,2.70805020110221,8.022447588361885
14457.0,311,0.6931471805599453,4.741796783519916
14458.0,381,0.6931471805599453,5.474033824289855
14459.0,155,1.3862943611198906,8.58300733610003
14460.0,110,2.5649493574615367,6.8250256313831414
14461.0,148,2.70805020110221,8.809653828320993
14462.0,64,2.833213344056216,7.711051989543047
14463.0,98,1.6094379124341003,6.668952255638294
14464.0,568,1.0986122886681098,4.718498871295094
14465.0,247,2.4849066497880004,8.280718676343362
14466.0,29,2.6390573296152584,8.444170783670355
14467.0,18,2.5649493574615367,7.706158469739403
14468.0,734,0.6931471805599453,5.324180026073764
14469.0,416,1.6094379124341003,7.655963397438722
14470.0,12,1.3862943611198906,6.569537519822462
14471.0,591,1.0986122886681098,5.99632770277397
14472.0,104,2.302585092994046,7.709407027483593
14473.0,74,1.0986122886681098,5.461031277035783
14474.0,43,1.3862943611198906,7.146086905335876
14475.0,72,2.0794415416798357,6.933539977955864
14476.0,257,0.6931471805599453,5.378513908542313
14477.0,20,2.3978952727983707,7.58152084360818
14478.0,382,1.6094379124341003,7.152785558853802
14479.0,254,1.6094379124341003,7.170204155254564
14480.0,11,1.791759469228055,7.167246188547178
14481.0,165,1.9459101490553132,7.568544543433957
14482.0,18,2.70805020110221,8.341231368574864
14483.0,150,1.3862943611198906,5.522260598032811
14484.0,50,1.6094379124341003,6.977262684740291
14485.0,39,0.6931471805599453,5.1164956847957335
14486.0,512,1.0986122886681098,5.173320876373351
14487.0,27,2.1972245773362196,7.264807151874225
14488.0,51,1.0986122886681098,6.95504908607228
14489.0,207,1.6094379124341003,7.362600853187739
14490.0,406,1.0986122886681098,7.150285684896527
14491.0,175,1.0986122886681098,6.150879915538542
14492.0,430,2.3978952727983707,7.362239096569835
14493.0,7,2.70805020110221,8.52457587223996
14494.0,26,1.3862943611198906,5.997595713038222
14495.0,51,1.6094379124341003,5.119788607992779
14496.0,312,2.3978952727983707,7.881136866858706
14497.0,301,1.3862943611198906,6.5223280646104795
14498.0,43,2.3978952727983707,8.271873047177955
14499.0,26,2.3978952727983707,7.659935226794773
14500.0,88,1.3862943611198906,5.880113904184607
14501.0,64,1.3862943611198906,5.25389514899529
14502.0,20,2.70805020110221,7.763029812383724
14503.0,3,1.9459101490553132,8.173084672465158
14504.0,47,1.6094379124341003,6.513615793203887
14505.0,17,3.332204510175204,9.36903499813898
14506.0,17,2.0794415416798357,8.099150313758928
14507.0,24,2.70805020110221,8.062587207646555
14508.0,22,1.9459101490553132,6.753542930586745
14509.0,534,0.6931471805599453,4.718052343044764
14510.0,376,1.6094379124341003,6.900710522855432
14511.0,11,1.9459101490553132,7.145519426581395
14512.0,188,2.0794415416798357,7.110263376296262
14513.0,101,2.0794415416798357,6.648867962917882
14514.0,61,2.3978952727983707,8.432882890506697
14515.0,18,2.772588722239781,8.221452065185442
14516.0,516,0.6931471805599453,5.105460507838699
14517.0,33,1.0986122886681098,5.8034769686874
14518.0,64,0.6931471805599453,5.166898027681201
14519.0,684,1.0986122886681098,5.333153481383494
14520.0,2,1.0986122886681098,5.604330395684541
14521.0,477,1.0986122886681098,5.12782556150766
14522.0,24,2.1972245773362196,7.472853155629565
14523.0,108,0.6931471805599453,5.489309557845162
14524.0,32,2.6390573296152584,7.984363919884673
14525.0,9,3.091042453358316,9.003415828575328
14526.0,389,0.6931471805599453,5.573673789309181
14527.0,3,5.25227342804663,10.157181259199165
14528.0,37,0.6931471805599453,5.900499911733888
14529.0,60,1.3862943611198906,6.431395492097425
14530.0,26,2.995732273553991,8.712455652342992
14531.0,480,0.6931471805599453,5.933146637783467
14532.0,236,2.5649493574615367,8.2551606719153
14533.0,25,2.772588722239781,8.066559154544121
14534.0,3,3.6635616461296463,8.663441875404784
14535.0,59,2.4849066497880004,8.678228120329635
14536.0,260,0.6931471805599453,5.152134856369956
14537.0,58,1.3862943611198906,6.455905860316443
14538.0,65,1.791759469228055,7.223908183409613
14539.0,16,1.0986122886681098,6.288750355702458
14540.0,10,2.5649493574615367,8.239181542660472
14541.0,59,2.70805020110221,7.824317973870999
14542.0,186,0.6931471805599453,4.646791860678911
14543.0,4,3.9318256327243257,9.408782130657885
14544.0,24,1.3862943611198906,8.000828924310488
14545.0,674,0.6931471805599453,5.858647185217117
14546.0,4,3.044522437723423,8.517599109020539
14547.0,4,2.302585092994046,8.290979933369645
14548.0,151,2.302585092994046,7.874164815801058
14549.0,311,1.6094379124341003,6.821707074356683
14550.0,11,1.6094379124341003,7.21104737852242
14551.0,18,2.302585092994046,6.756455531382866
14552.0,152,1.3862943611198906,6.238871350557871
14553.0,19,2.3978952727983707,7.504964082463161
14554.0,10,1.6094379124341003,7.775712542385502
14555.0,57,2.0794415416798357,7.743911298950496
14556.0,596,1.3862943611198906,6.72903522896985
14558.0,653,1.791759469228055,6.421784856214322
14559.0,390,0.6931471805599453,4.338597076746545
14560.0,7,3.8501476017100584,8.708051539232372
14561.0,76,1.3862943611198906,6.986344623342368
14562.0,4,3.4339872044851463,8.758545944335182
14563.0,510,1.0986122886681098,6.522739647741382
14564.0,427,1.791759469228055,7.832141156570652
14565.0,96,2.0794415416798357,8.251890814921712
14566.0,111,1.6094379124341003,8.317033476492403
14567.0,35,1.3862943611198906,7.330051282901773
14568.0,424,1.0986122886681098,6.813993899167663
14569.0,1,1.6094379124341003,6.396896321327245
14570.0,281,1.3862943611198906,6.421215681096302
14571.0,425,0.6931471805599453,5.091600652919361
14572.0,3,2.772588722239781,8.625918440005938
14573.0,180,2.8903717578961645,7.852718983973839
14574.0,733,0.6931471805599453,4.974662633637438
14575.0,488,0.6931471805599453,6.134936988364375
14576.0,372,0.6931471805599453,4.273884476054179
14577.0,13,2.0794415416798357,7.226390811755567
14578.0,3,0.6931471805599453,5.133619594507631
14579.0,432,0.6931471805599453,4.668708206792079
14580.0,518,0.6931471805599453,2.7631695003232895
14581.0,17,1.0986122886681098,6.0748861552470546
14582.0,41,0.6931471805599453,4.74588819292697
14583.0,6,2.1972245773362196,7.485508442905882
14584.0,169,2.302585092994046,7.459287050558412
14585.0,50,1.791759469228055,7.042522158078838
14586.0,227,1.3862943611198906,4.90645926184609
14587.0,19,2.3978952727983707,7.377283795379636
14588.0,578,0.6931471805599453,4.915518428938784
14589.0,372,0.6931471805599453,4.388257184424518
14590.0,425,3.367295829986474,7.967380693821086
14591.0,15,1.6094379124341003,7.278035253354833
14592.0,35,1.3862943611198906,6.3481944895342695
14593.0,22,2.9444389791664403,8.193170733681313
14594.0,7,1.0986122886681098,6.454931232012803
14595.0,20,2.1972245773362196,7.680383471032311
14596.0,627,0.6931471805599453,5.4401207021224
14597.0,11,1.9459101490553132,7.697366518825899
14598.0,44,1.3862943611198906,5.40703723326228
14599.0,390,1.0986122886681098,6.164451000424257
14600.0,306,1.0986122886681098,6.764081194147044
14601.0,11,0.6931471805599453,5.370451964307236
14602.0,656,0.6931471805599453,5.329622216376449
14603.0,275,0.6931471805599453,6.493753839851686
14604.0,633,0.6931471805599453,4.97576775876718
14605.0,374,1.6094379124341003,6.843920510152809
14606.0,1,5.560681631015528,10.312126950584329
14607.0,16,3.332204510175204,9.838765547899822
14608.0,4,2.5649493574615367,8.09390214108208
14609.0,72,2.4849066497880004,7.220520131801381
14610.0,396,1.0986122886681098,3.232778730037192
14611.0,439,1.3862943611198906,6.397562788078563
14612.0,415,0.6931471805599453,6.7784435425017975
14613.0,680,0.6931471805599453,4.34795265434013
14614.0,386,0.6931471805599453,5.690798547097907
14615.0,394,1.9459101490553132,6.840824565499347
14616.0,243,1.791759469228055,6.270572466339624
14617.0,403,1.0986122886681098,5.254731138385114
14618.0,9,2.302585092994046,7.167554718635166
14619.0,239,1.3862943611198906,7.152511583032411
14620.0,204,1.3862943611198906,5.977061316797238
14621.0,1,2.833213344056216,7.965292068778257
14622.0,185,0.6931471805599453,5.773246346316266
14623.0,32,2.5649493574615367,7.616692143781238
14624.0,57,1.9459101490553132,6.703273999123117
14625.0,185,2.9444389791664403,8.387660649861491
14626.0,9,2.772588722239781,8.589657098549683
14627.0,312,1.3862943611198906,6.009795503792706
14628.0,91,1.791759469228055,7.6004023345004
14629.0,4,1.3862943611198906,6.846103254568354
14630.0,484,0.6931471805599453,5.8279156756373105
14631.0,51,2.0794415416798357,7.612915018975079
14632.0,263,0.6931471805599453,4.749789875598035
14633.0,266,0.6931471805599453,5.846149715943123
14634.0,438,2.0794415416798357,7.587219270233794
14635.0,454,0.6931471805599453,5.376296407864626
14636.0,36,1.0986122886681098,6.414851429850069
14637.0,677,0.6931471805599453,4.679163865896418
14638.0,51,0.6931471805599453,6.097175001530096
14639.0,52,2.4849066497880004,8.506700333421831
14640.0,16,2.833213344056216,8.150476569595181
14641.0,22,0.6931471805599453,4.7136657821413905
14642.0,59,0.6931471805599453,4.575947327311188
14643.0,170,1.9459101490553132,7.411973119353827
14644.0,9,2.5649493574615367,7.639387325102842
14645.0,157,1.6094379124341003,6.734876993815478
14646.0,2,5.099866427824199,13.16799249357885
14647.0,201,1.0986122886681098,6.2556924585215885
14648.0,404,2.995732273553991,8.402726899279887
14649.0,5,2.4849066497880004,8.23088617314399
14650.0,589,0.6931471805599453,4.151039905898646
14651.0,67,2.302585092994046,7.618310064197116
14652.0,77,0.6931471805599453,4.7464961220785264
14653.0,1,2.5649493574615367,8.192996501030505
14654.0,738,0.6931471805599453,5.512864070636728
14655.0,4,2.5649493574615367,8.25068013259095
14656.0,169,1.791759469228055,6.703985341382312
14657.0,18,2.0794415416798357,7.280642097448145
14658.0,5,1.0986122886681098,5.51403340203345
14659.0,9,2.5649493574615367,7.806912059474786
14660.0,87,1.0986122886681098,5.6585758818181215
14661.0,27,0.6931471805599453,4.690889061390629
14662.0,29,2.0794415416798357,7.2565300989565324
14663.0,430,1.0986122886681098,6.19766537769188
14664.0,20,1.0986122886681098,6.459732295584099
14665.0,61,2.302585092994046,7.684015832509082
14666.0,24,0.6931471805599453,5.279389356662517
14667.0,11,4.127134385045092,9.986061975788449
14668.0,445,0.6931471805599453,4.724108110059605
14669.0,242,2.0794415416798357,8.084849057256829
14670.0,280,1.3862943611198906,6.401917196727186
14671.0,549,1.0986122886681098,7.02860028867434
14672.0,235,1.6094379124341003,7.015838085840559
14673.0,3,2.0794415416798357,8.134998221246287
14674.0,509,0.6931471805599453,5.162841226985587
14675.0,16,1.0986122886681098,6.9734493821775
14676.0,31,2.833213344056216,9.022381756780755
14677.0,593,0.6931471805599453,5.225262685642126
14678.0,571,1.0986122886681098,5.9595609980949735
14679.0,372,1.791759469228055,7.147873934502308
14680.0,25,4.477336814478207,10.911488172754384
14681.0,71,1.9459101490553132,6.775537309154428
14682.0,188,1.9459101490553132,7.323705228532576
14683.0,588,0.6931471805599453,4.994234872728475
14684.0,26,1.9459101490553132,7.292711510458761
14685.0,576,2.6390573296152584,8.372239093097935
14686.0,414,1.9459101490553132,6.77864836959431
14687.0,107,1.3862943611198906,7.246410844690537
14688.0,8,3.5553480614894135,8.880596648057994
14689.0,209,0.6931471805599453,4.73444252169223
14690.0,44,1.791759469228055,6.662161598830336
14691.0,31,1.791759469228055,7.656966107678013
14692.0,137,2.6390573296152584,7.4596786992315245
14693.0,265,2.1972245773362196,7.039537642947387
14694.0,617,0.6931471805599453,5.5025227168419955
14695.0,519,1.6094379124341003,7.348310787360919
14696.0,4,2.3978952727983707,7.922866386345314
14697.0,218,1.0986122886681098,5.2449693310461125
14698.0,2,1.791759469228055,7.132305839993802
14699.0,214,1.6094379124341003,6.556210012863403
14700.0,32,1.791759469228055,8.04470968982728
14701.0,11,2.9444389791664403,8.411819342336189
14702.0,1,3.4965075614664802,8.80937313327043
14703.0,15,0.6931471805599453,5.765723876196384
14704.0,11,2.4849066497880004,7.503603804029702
14705.0,199,0.6931471805599453,5.19295685089021
14706.0,619,0.6931471805599453,5.970470710603746
14707.0,436,1.0986122886681098,4.94306997460049
14708.0,3,1.9459101490553132,7.688721010678993
14709.0,15,3.332204510175204,9.090145931218112
14710.0,14,2.6390573296152584,7.56194851080401
14711.0,10,2.5649493574615367,7.951277601332286
14712.0,29,1.6094379124341003,7.192234728507507
14713.0,9,3.258096538021482,8.589229161312241
14714.0,24,2.0794415416798357,6.799501693541883
14715.0,25,2.1972245773362196,7.5183085837380625
14716.0,43,1.3862943611198906,6.339388815319498
14717.0,733,1.0986122886681098,4.301358731606427
14718.0,410,0.6931471805599453,5.426798528196577
14719.0,2,1.9459101490553132,7.373487297876951
14720.0,6,1.3862943611198906,6.499501285546037
14721.0,379,0.6931471805599453,4.760206188087624
14722.0,147,1.3862943611198906,6.24294285084946
14723.0,10,2.4849066497880004,7.646860044315114
14724.0,590,0.6931471805599453,5.847161057501548
14725.0,25,1.791759469228055,7.143491212410727
14726.0,655,0.6931471805599453,4.8342958089798485
14727.0,274,1.6094379124341003,5.677198908673179
14728.0,413,0.6931471805599453,5.255305475954746
14729.0,374,1.3862943611198906,6.811662793256315
14730.0,1,2.1972245773362196,7.60392787834377
14731.0,47,1.3862943611198906,5.942851867187289
14732.0,8,3.2188758248682006,8.603099291145268
14733.0,9,2.9444389791664403,9.683563812063117
14734.0,416,1.791759469228055,6.95317787448996
14735.0,4,4.0943445622221,9.385193274342457
14736.0,485,1.0986122886681098,5.996651073795282
14737.0,4,1.6094379124341003,8.176158161065873
14738.0,39,2.5649493574615367,7.475701982557837
14739.0,2,3.367295829986474,9.414958991393695
14740.0,191,2.6390573296152584,8.311363879810617
14741.0,12,2.0794415416798357,7.548866784394956
14742.0,435,0.6931471805599453,6.364492547959484
14743.0,593,0.6931471805599453,3.941193382727926
14744.0,16,2.8903717578961645,8.248534357648902
14745.0,113,2.8903717578961645,7.821025453562787
14746.0,406,1.6094379124341003,6.387720716130836
14747.0,248,1.0986122886681098,5.687991788749877
14748.0,29,2.833213344056216,7.891050239636766
14749.0,480,0.6931471805599453,5.740275111015227
14750.0,736,0.6931471805599453,4.72765327020264
14751.0,684,1.0986122886681098,4.847724130822124
14752.0,44,0.6931471805599453,5.967786419753405
14753.0,87,1.0986122886681098,6.769079246793036
14754.0,45,2.0794415416798357,7.344253829670475
14755.0,10,3.4339872044851463,9.195475434202184
14756.0,15,1.6094379124341003,7.868812854218742
14757.0,75,0.6931471805599453,6.04381977744191
14758.0,145,2.0794415416798357,7.9606621407827385
14759.0,5,1.3862943611198906,7.394474668204541
14760.0,294,1.0986122886681098,4.00369019395397
14761.0,59,1.3862943611198906,6.1068446981480555
14762.0,264,1.0986122886681098,6.036844139980692
14764.0,44,1.0986122886681098,5.527641776937328
14765.0,29,1.3862943611198906,5.541694824693056
14766.0,8,2.70805020110221,8.76919316243679
14767.0,474,0.6931471805599453,5.950147638471271
14768.0,17,1.3862943611198906,4.945207488773801
14769.0,3,3.091042453358316,9.661267572679582
14770.0,232,2.302585092994046,8.195855054395729
14771.0,606,1.3862943611198906,6.364613053739603
14772.0,112,0.6931471805599453,4.943497843108764
14773.0,589,1.0986122886681098,4.841822087327094
14774.0,529,0.6931471805599453,5.490795503551361
14775.0,58,1.3862943611198906,7.258031796579747
14776.0,51,2.995732273553991,8.11373207397677
14777.0,4,1.6094379124341003,5.481721670293229
14778.0,127,1.0986122886681098,6.595589238838791
14779.0,281,1.3862943611198906,5.958812214832733
14780.0,55,1.0986122886681098,6.106309938777023
14782.0,320,0.6931471805599453,5.303802296778606
14783.0,655,1.0986122886681098,5.724728239171664
14784.0,26,1.3862943611198906,6.111312116813244
14785.0,10,1.0986122886681098,4.361823927356363
14786.0,550,0.6931471805599453,4.521353699894981
14787.0,471,0.6931471805599453,4.7153689782861665
14788.0,7,1.3862943611198906,7.05386226630844
14789.0,29,0.6931471805599453,5.2914941411999115
14790.0,17,2.3978952727983707,7.835033427512401
14791.0,607,0.6931471805599453,5.719097925433975
14793.0,4,1.3862943611198906,6.416813978521522
14794.0,3,2.6390573296152584,7.544411469983812
14795.0,166,0.6931471805599453,4.886205215718078
14796.0,1,3.6888794541139363,9.277262300540386
14797.0,507,0.6931471805599453,5.70813963509761
14798.0,53,2.302585092994046,6.573833786445484
14799.0,51,1.0986122886681098,5.826442487392089
14800.0,48,3.1780538303479458,8.911474661794196
14801.0,61,0.6931471805599453,5.26857954828408
14803.0,162,1.3862943611198906,6.741169266574241
14804.0,9,0.6931471805599453,5.8700593342813
14805.0,15,2.0794415416798357,7.008179631809018
14806.0,75,1.0986122886681098,5.718441175664861
14807.0,391,1.0986122886681098,6.254386348430604
14808.0,40,2.772588722239781,7.685413630285927
14809.0,621,1.0986122886681098,6.533439939866189
14810.0,41,2.6390573296152584,7.839139528463931
14811.0,387,0.6931471805599453,5.144583266605995
14812.0,599,0.6931471805599453,5.230038525794742
14813.0,370,1.6094379124341003,6.995647101599072
14814.0,581,0.6931471805599453,5.08425743396687
14815.0,37,1.0986122886681098,6.658652688497831
14816.0,197,0.6931471805599453,5.608922193632241
14817.0,200,2.302585092994046,8.266218419731212
14818.0,74,1.9459101490553132,7.0659634304128245
14819.0,64,1.6094379124341003,6.155197739090584
14820.0,21,2.302585092994046,7.151297358439717
14821.0,367,2.0794415416798357,7.160418796832339
14822.0,485,0.6931471805599453,5.0670156275323635
14823.0,180,1.3862943611198906,5.775886058412575
14824.0,10,2.5649493574615367,8.282359070912108
14825.0,4,3.332204510175204,8.494391190492792
14826.0,582,1.0986122886681098,5.956355369994414
14828.0,197,2.70805020110221,9.190592663171955
14829.0,29,2.302585092994046,7.403024527350348
14830.0,53,0.6931471805599453,5.2889233809061675
14831.0,574,2.0794415416798357,7.39324463305496
14833.0,499,0.6931471805599453,4.562262684976814
14834.0,18,2.302585092994046,7.689467212751253
14835.0,527,1.3862943611198906,5.68391984555995
14836.0,10,1.3862943611198906,4.639088404191552
14837.0,90,2.5649493574615367,8.14520734583224
14838.0,423,1.0986122886681098,6.652437132220425
14839.0,418,1.3862943611198906,6.8203219948203735
14840.0,268,1.3862943611198906,5.832498123511607
14841.0,53,2.70805020110221,8.876823763180603
14842.0,35,2.1972245773362196,7.807021919850497
14843.0,437,0.6931471805599453,5.360352757467489
14844.0,64,2.5649493574615367,8.808283947698673
14845.0,600,0.6931471805599453,5.017279836814924
14846.0,423,1.0986122886681098,6.010776858140355
14847.0,149,1.6094379124341003,7.186598402766713
14848.0,405,0.6931471805599453,5.741591936051748
14849.0,22,3.9318256327243257,9.651393963645559
14850.0,312,2.302585092994046,7.362778510271966
14851.0,23,1.3862943611198906,6.721919554728325
14852.0,58,3.091042453358316,8.720073625425016
14853.0,9,2.0794415416798357,7.209613887801531
14854.0,78,2.70805020110221,8.36710723937868
14855.0,119,2.0794415416798357,8.782829021548919
14856.0,36,1.3862943611198906,7.179597561714504
14857.0,60,2.3978952727983707,8.183098805465988
14858.0,506,0.6931471805599453,5.202632116413628
14859.0,13,1.9459101490553132,7.441285198482577
14860.0,9,1.0986122886681098,5.133560640933554
14861.0,52,2.70805020110221,7.184932366788771
14862.0,26,1.0986122886681098,6.736017515727827
14863.0,29,0.6931471805599453,5.590091056903071
14865.0,7,1.6094379124341003,4.873057631111693
14866.0,11,3.044522437723423,9.935895205567352
14867.0,186,2.995732273553991,7.973313932254001
14868.0,3,2.6390573296152584,8.33592547913304
14869.0,4,2.302585092994046,7.929414526482119
14870.0,262,2.302585092994046,7.493094506907777
14871.0,3,2.302585092994046,7.138843190138263
14872.0,481,1.6094379124341003,6.689201180001734
14873.0,210,1.0986122886681098,6.751253504162445
14874.0,535,0.6931471805599453,4.7637112141166424
14875.0,9,2.0794415416798357,7.952456815619502
14876.0,521,1.0986122886681098,5.551796117658319
14877.0,418,1.0986122886681098,6.082218910376446
14878.0,13,3.367295829986474,8.246229255544302
14879.0,685,0.6931471805599453,5.226069202340413
14880.0,77,1.3862943611198906,6.561299370951966
14881.0,20,0.6931471805599453,5.546738725046515
14882.0,27,2.772588722239781,8.139600999222116
14883.0,19,2.0794415416798357,6.630208338788541
14884.0,669,0.6931471805599453,4.800736969532067
14885.0,132,1.6094379124341003,7.311298541527603
14886.0,253,0.6931471805599453,5.9020867359567655
14887.0,79,0.6931471805599453,7.529943370601589
14888.0,207,0.6931471805599453,5.914043400139397
14889.0,336,0.6931471805599453,4.919250732294404
14890.0,254,1.3862943611198906,6.70716791338129
14891.0,148,1.6094379124341003,7.0100681553014015
14892.0,691,0.6931471805599453,5.314928632353234
14893.0,10,1.9459101490553132,7.486198428881104
14894.0,85,1.791759469228055,7.253618991599213
14895.0,8,3.8918202981106265,10.106012799980451
14896.0,205,2.3978952727983707,7.58805528689135
14897.0,8,2.302585092994046,8.039718523331326
14898.0,23,2.9444389791664403,8.119059145285346
14899.0,395,0.6931471805599453,7.234090595914997
14900.0,522,0.6931471805599453,2.7027025947756145
14901.0,11,2.6390573296152584,7.731075092844389
14902.0,21,1.791759469228055,6.909024473214282
14903.0,21,2.3978952727983707,7.917711202044789
14904.0,2,1.6094379124341003,7.403451021151327
14905.0,154,2.3978952727983707,7.570798858924849
14907.0,3,3.1780538303479458,8.715337243055052
14908.0,74,1.0986122886681098,5.947773858483249
14909.0,428,1.791759469228055,7.231272532442869
14910.0,3,2.0794415416798357,5.968349439601931
14911.0,1,6.236369590203704,12.507100996369507
14912.0,17,2.4849066497880004,6.619513049671792
14913.0,36,2.1972245773362196,8.312412505948734
14915.0,86,2.6390573296152584,7.4694546091209375
14916.0,71,2.4849066497880004,7.968738387336423
14917.0,597,1.0986122886681098,7.025316067721282
14918.0,116,2.302585092994046,8.692290381870738
14919.0,539,0.6931471805599453,5.88707578137045
14920.0,213,1.3862943611198906,7.3828521655438335
14921.0,30,1.0986122886681098,7.1831648514317985
14922.0,394,1.0986122886681098,6.739028887702491
14923.0,51,0.6931471805599453,6.620206530975591
14924.0,246,1.3862943611198906,6.837343544241763
14926.0,382,1.3862943611198906,5.824967125660913
14927.0,397,0.6931471805599453,5.733988316713267
14928.0,619,1.0986122886681098,5.325251367788118
14929.0,32,1.0986122886681098,6.730648103640738
14930.0,109,2.302585092994046,8.544349109041471
14931.0,5,1.9459101490553132,6.872832516392871
14932.0,366,1.0986122886681098,6.937954652712979
14933.0,444,1.791759469228055,6.786716950605081
14934.0,73,2.302585092994046,7.8018413008681
14935.0,297,1.0986122886681098,7.955365458934208
14936.0,9,2.70805020110221,9.42379392654736
14937.0,57,1.6094379124341003,7.389335391425858
14938.0,502,1.6094379124341003,7.7364948518469205
14940.0,418,1.0986122886681098,6.277564118064523
14941.0,579,0.6931471805599453,5.210032451680465
14942.0,402,1.791759469228055,6.561822431575306
14943.0,663,0.6931471805599453,4.687855552606699
14944.0,30,3.2188758248682006,9.17739560381645
14945.0,414,0.6931471805599453,5.1951766076285235
14946.0,14,0.6931471805599453,4.623991940228679
14947.0,72,1.9459101490553132,6.957297541207289
14948.0,23,2.0794415416798357,6.973140316723406
14949.0,460,1.9459101490553132,6.213707693179027
14950.0,9,1.0986122886681098,5.8923345812007915
14951.0,79,0.6931471805599453,5.745212284419341
14952.0,46,3.784189633918261,9.7552920222215
14953.0,25,1.791759469228055,6.914105076280887
14954.0,12,1.0986122886681098,6.223448903087673
14955.0,733,0.6931471805599453,5.10455056206934
14956.0,421,0.6931471805599453,7.189922170745808
14957.0,253,1.0986122886681098,5.812008879727072
14958.0,147,1.9459101490553132,6.865828507754102
14959.0,59,1.791759469228055,6.530833894991198
14960.0,8,1.0986122886681098,5.4038928590966755
14961.0,11,3.367295829986474,9.700753062247047
14962.0,271,1.6094379124341003,5.90783834304059
14963.0,10,2.6390573296152584,8.058210211117956
14964.0,247,0.6931471805599453,5.333732771768991
14965.0,96,1.0986122886681098,6.396929655216146
14966.0,15,1.9459101490553132,7.018258547985619
14967.0,50,2.0794415416798357,7.427453425251724
14968.0,30,1.0986122886681098,6.226516906246328
14969.0,704,0.6931471805599453,6.810396001209797
14970.0,68,2.833213344056216,8.18713235775595
14971.0,35,1.3862943611198906,7.0189119643469615
14972.0,128,1.0986122886681098,4.984085958862719
14973.0,107,1.3862943611198906,7.181934091396172
14974.0,37,0.6931471805599453,4.748317695206576
14975.0,57,1.0986122886681098,6.159919573071391
14976.0,57,2.1972245773362196,6.642304255371678
14977.0,726,0.6931471805599453,3.494384096388273
14978.0,72,2.5649493574615367,8.041522333724622
14979.0,735,0.6931471805599453,6.087819635350745
14980.0,737,0.6931471805599453,5.021773038506712
14981.0,246,1.3862943611198906,5.7510476671233155
14982.0,572,0.6931471805599453,5.475542625917242
14983.0,689,0.6931471805599453,5.216022123821206
14984.0,19,1.9459101490553132,7.148668019007891
14985.0,198,1.0986122886681098,5.696254208235409
14986.0,376,1.0986122886681098,6.341945346883387
14987.0,16,2.302585092994046,7.39832717372086
14988.0,212,2.0794415416798357,7.6341437933218845
14989.0,662,0.6931471805599453,5.838895948463375
14990.0,612,1.0986122886681098,5.724956709887608
14991.0,430,0.6931471805599453,5.754697364124307
14992.0,442,0.6931471805599453,5.354224998486333
14993.0,564,0.6931471805599453,3.6144252681889886
14994.0,382,2.1972245773362196,6.788216953705887
14995.0,39,1.0986122886681098,5.456303538604819
14996.0,481,1.0986122886681098,6.094224183409496
14997.0,46,1.791759469228055,6.649476656899598
14998.0,170,1.6094379124341003,6.64863474791851
14999.0,593,0.6931471805599453,4.871219958312759
15000.0,48,0.6931471805599453,6.197502630519253
15001.0,394,1.0986122886681098,5.446133741242256
15002.0,116,2.302585092994046,8.480172296886764
15003.0,473,2.0794415416798357,6.962906123446985
15004.0,147,0.6931471805599453,7.128752528637921
15005.0,16,4.343805421853684,9.529831383115557
15006.0,51,1.0986122886681098,6.716764250684336
15007.0,159,0.6931471805599453,5.062025250478552
15008.0,480,1.0986122886681098,5.8888779583328805
15009.0,12,1.3862943611198906,7.141070918737701
15010.0,36,0.6931471805599453,5.736378730359189
15011.0,396,1.0986122886681098,6.034524036568429
15012.0,54,1.3862943611198906,6.758814338200439
15013.0,488,2.3978952727983707,7.403852977343515
15014.0,43,1.0986122886681098,5.56517153628838
15015.0,501,3.044522437723423,7.730535011555615
15016.0,173,1.9459101490553132,6.435027943814805
15017.0,34,0.6931471805599453,4.840874519347159
15018.0,39,1.6094379124341003,6.343018903185402
15019.0,267,0.6931471805599453,5.58724865840025
15020.0,379,0.6931471805599453,5.32017670090093
15021.0,9,2.8903717578961645,7.897515779401408
15022.0,12,1.791759469228055,7.079260213133854
15023.0,3,3.1780538303479458,9.400397763230526
15024.0,10,2.833213344056216,8.31299650918471
15025.0,33,1.0986122886681098,6.921746937608874
15026.0,80,1.791759469228055,6.968483424851537
15027.0,31,2.6390573296152584,7.998012763267493
15028.0,8,1.9459101490553132,7.055062596327388
15029.0,618,1.0986122886681098,5.894815972052177
15030.0,72,2.302585092994046,7.583583345771615
15031.0,4,2.833213344056216,7.958006811272091
15032.0,256,2.3978952727983707,9.494515050707523
15033.0,5,2.4849066497880004,7.852446861377043
15034.0,16,2.8903717578961645,9.022014827264522
15035.0,90,0.6931471805599453,5.536270709515726
15036.0,72,1.3862943611198906,6.145365195680031
15037.0,376,1.0986122886681098,6.000201270550366
15038.0,43,2.3978952727983707,7.147527799411768
15039.0,10,4.68213122712422,10.590213913682813
15040.0,542,0.6931471805599453,2.138889000323256
15041.0,170,1.0986122886681098,5.687043150651903
15042.0,199,1.0986122886681098,5.7571652512213145
15043.0,31,1.9459101490553132,7.963738385594287
15044.0,19,3.871201010907891,9.670453374836404
15045.0,152,1.3862943611198906,6.453089422426351
15046.0,9,3.367295829986474,8.933846148164852
15047.0,270,0.6931471805599453,5.842442360714953
15048.0,65,1.791759469228055,6.174348445758112
15049.0,274,0.6931471805599453,4.8054135174159684
15050.0,25,2.0794415416798357,8.328419665360157
15051.0,23,2.3978952727983707,8.27414280737665
15052.0,319,0.6931471805599453,5.378883014387604
15053.0,5,1.3862943611198906,6.549350267911373
15054.0,12,1.0986122886681098,5.714062784063757
15055.0,475,1.3862943611198906,6.329845674922272
15056.0,520,0.6931471805599453,4.901192382714874
15057.0,275,1.9459101490553132,8.06638337672683
15058.0,25,2.8903717578961645,8.125092381916128
15059.0,41,3.332204510175204,8.13991312684109
15060.0,8,1.6094379124341003,5.717323710222868
15061.0,4,4.9344739331306915,11.823291890906868
15062.0,71,2.1972245773362196,7.858107283109296
15063.0,213,0.6931471805599453,5.918356075287344
15064.0,410,1.6094379124341003,7.135217491440363
15065.0,38,2.0794415416798357,8.10340655523516
15066.0,32,1.0986122886681098,6.635408353138852
15067.0,78,1.9459101490553132,8.260009285690243
15068.0,46,1.6094379124341003,7.071446021638615
15069.0,179,0.6931471805599453,7.012592657827759
15070.0,373,1.3862943611198906,6.738448659265677
15071.0,94,1.6094379124341003,7.283832770195709
15072.0,479,0.6931471805599453,5.23920410205553
15073.0,10,2.302585092994046,7.765586044481851
15074.0,105,1.3862943611198906,7.357128813675071
15075.0,78,0.6931471805599453,6.651610632528512
15076.0,173,1.791759469228055,7.263217487854876
15077.0,456,1.6094379124341003,7.793537317611101
15078.0,7,4.174387269895637,9.774376091890902
15079.0,213,2.8903717578961645,8.212771794960158
15080.0,428,1.0986122886681098,6.304905736402972
15081.0,22,2.6390573296152584,7.575210222493619
15082.0,669,0.6931471805599453,4.54701127181456
15083.0,257,0.6931471805599453,4.490881039585964
15084.0,380,1.0986122886681098,6.873370852120306
15085.0,730,0.6931471805599453,5.853753001232496
15086.0,565,1.0986122886681098,5.391488897435831
15087.0,282,0.6931471805599453,5.7299049588017725
15088.0,21,1.3862943611198906,7.039896956399654
15089.0,10,1.9459101490553132,7.7922828608243835
15090.0,308,0.6931471805599453,5.946257954269902
15091.0,54,1.9459101490553132,6.931579221705137
15092.0,215,1.6094379124341003,6.651778570572687
15093.0,18,3.5553480614894135,9.52214513854809
15094.0,463,1.0986122886681098,4.430816798843313
15095.0,104,2.4849066497880004,8.050939323021657
15096.0,43,0.6931471805599453,5.3953987041986
15097.0,4,1.791759469228055,6.376811978297045
15098.0,182,1.791759469228055,6.47774129795256
15099.0,84,0.6931471805599453,6.019760416262829
15100.0,330,2.70805020110221,7.7495379586812305
15101.0,9,2.4849066497880004,7.173567438775074
15102.0,531,1.0986122886681098,6.320174592864931
15103.0,31,1.0986122886681098,6.557289589092577
15104.0,167,1.3862943611198906,6.911289027930276
15105.0,18,2.302585092994046,8.037837164519642
15106.0,18,2.0794415416798357,7.250443868270067
15107.0,311,2.5649493574615367,6.753741256483507
15108.0,142,1.791759469228055,7.164527011276331
15109.0,241,1.6094379124341003,6.869949564246238
15110.0,24,2.302585092994046,7.300472814267799
15111.0,29,1.791759469228055,7.912741635371109
15112.0,611,0.6931471805599453,5.349010480863555
15113.0,10,1.6094379124341003,8.143345929311863
15114.0,30,2.5649493574615367,8.131860068124816
15115.0,18,1.3862943611198906,6.271177449910086
15116.0,18,1.6094379124341003,7.2106337983152
15117.0,15,2.302585092994046,7.81815670287606
15118.0,134,0.6931471805599453,5.504518197131935
15119.0,246,0.6931471805599453,5.588745664667843
15120.0,130,1.0986122886681098,5.843022541747705
15121.0,50,1.0986122886681098,6.12844000213506
15122.0,85,2.833213344056216,8.403446498756333
15123.0,7,1.791759469228055,8.44616324650336
15124.0,23,1.6094379124341003,6.113283870429076
15125.0,25,3.6109179126442243,9.688146606570845
15126.0,537,1.0986122886681098,6.110335879243754
15127.0,66,1.0986122886681098,6.568779912142806
15128.0,60,2.302585092994046,7.457736229148357
15129.0,50,3.1780538303479458,8.83363471758943
15130.0,170,0.6931471805599453,5.802450646452902
15131.0,395,0.6931471805599453,4.397899983830172
15132.0,18,1.791759469228055,6.886460138441978
15133.0,128,1.791759469228055,7.499921229687969
15134.0,15,2.3978952727983707,7.376063722211611
15135.0,233,1.3862943611198906,5.686229315408612
15136.0,3,1.791759469228055,7.157307043572648
15137.0,521,1.791759469228055,6.618138001895845
15138.0,385,1.0986122886681098,6.189474888783194
15139.0,240,1.0986122886681098,5.192734603972972
15140.0,52,2.302585092994046,8.08346440203519
15141.0,458,2.302585092994046,7.2293386531095685
15142.0,46,2.0794415416798357,7.867094005997806
15143.0,226,1.0986122886681098,6.336170649370582
15144.0,8,3.5263605246161616,9.393287566351457
15145.0,4,1.6094379124341003,7.0865121565162825
15146.0,165,1.3862943611198906,7.181333356047644
15147.0,219,1.0986122886681098,6.412885022006273
15148.0,11,0.6931471805599453,5.711386821516136
15149.0,134,1.791759469228055,7.349623030648691
15150.0,17,2.70805020110221,9.104043862857557
15151.0,423,1.0986122886681098,7.643296018507768
15152.0,10,2.9444389791664403,8.556215808026618
15153.0,31,0.6931471805599453,5.799849943402434
15154.0,74,1.6094379124341003,7.1953823499213625
15155.0,383,0.6931471805599453,5.95316540917378
15156.0,1,1.3862943611198906,6.869523676497577
15157.0,4,2.0794415416798357,7.858849289187598
15158.0,45,1.3862943611198906,6.0837246255332795
15159.0,2,3.6635616461296463,10.001086021300022
15160.0,357,1.6094379124341003,6.380580059339054
15161.0,388,0.6931471805599453,4.795129169911258
15162.0,729,1.0986122886681098,5.491001710377538
15163.0,18,1.0986122886681098,5.721851574117079
15164.0,69,2.3978952727983707,7.62706715881269
15165.0,373,0.6931471805599453,6.8839747503167334
15166.0,468,0.6931471805599453,5.124915907128641
15167.0,321,1.791759469228055,7.414976414378016
15168.0,26,0.6931471805599453,4.678048831400664
15169.0,382,1.0986122886681098,6.3460222512755795
15170.0,407,0.6931471805599453,4.408546844483277
15171.0,325,1.0986122886681098,6.942639680835639
15172.0,9,1.791759469228055,7.393293863521244
15173.0,381,2.1972245773362196,7.244413212646301
15174.0,323,1.0986122886681098,6.178898015788112
15175.0,72,0.6931471805599453,5.416722430926658
15176.0,597,1.0986122886681098,6.893747628327529
15177.0,426,0.6931471805599453,6.856388297669246
15178.0,260,0.6931471805599453,3.7256934272366524
15179.0,18,2.8903717578961645,8.912987689545702
15180.0,367,1.3862943611198906,6.808409968979098
15181.0,66,2.1972245773362196,6.855882869571426
15182.0,154,2.70805020110221,7.987440237170017
15183.0,548,1.6094379124341003,6.458385304182866
15184.0,29,1.6094379124341003,6.538067462249494
15185.0,70,0.6931471805599453,5.741784496789209
15186.0,14,1.791759469228055,7.247223024583149
15187.0,2,2.9444389791664403,8.449145587308987
15188.0,725,0.6931471805599453,5.7411745938732635
15189.0,1,4.07753744390572,9.746958296137132
15190.0,434,0.6931471805599453,6.727958532171293
15191.0,463,1.3862943611198906,6.378511069692128
15192.0,120,1.791759469228055,7.592058466471517
15193.0,61,0.6931471805599453,6.215247893709531
15194.0,3,3.6888794541139363,9.40826293113212
15195.0,3,0.6931471805599453,8.258940462988459
15196.0,433,1.0986122886681098,5.759690106594497
15197.0,9,2.3978952727983707,7.264618205251084
15198.0,92,1.9459101490553132,6.328740032467104
15199.0,59,2.3978952727983707,8.046677431053746
15200.0,495,0.6931471805599453,6.310009183185445
15201.0,79,2.70805020110221,7.330994815189466
15203.0,26,2.772588722239781,8.389627965770218
15204.0,357,0.6931471805599453,5.760729755097951
15205.0,85,1.3862943611198906,6.476710790220996
15206.0,10,1.6094379124341003,6.043345168984971
15207.0,410,1.791759469228055,6.484284028931229
15208.0,1,2.0794415416798357,6.876285251512649
15209.0,730,0.6931471805599453,5.192845733605803
15210.0,225,1.3862943611198906,7.070885521589972
15211.0,60,1.0986122886681098,7.153427151276853
15212.0,239,1.3862943611198906,5.280306133746185
15213.0,319,1.3862943611198906,5.787050743839211
15214.0,2,2.1972245773362196,7.416041681653177
15215.0,45,2.4849066497880004,7.311525618447545
15216.0,88,1.0986122886681098,6.188448910936394
15217.0,563,0.6931471805599453,6.057345916221495
15218.0,11,3.258096538021482,9.346356175893625
15219.0,176,1.0986122886681098,6.531533389343614
15220.0,52,2.0794415416798357,7.473023632453653
15221.0,366,2.0794415416798357,7.504997102655011
15222.0,319,2.8903717578961645,8.136418744677028
15223.0,226,1.9459101490553132,7.0193860951533225
15224.0,358,2.1972245773362196,6.73132831489045
15225.0,234,0.6931471805599453,6.01713229385656
15226.0,311,0.6931471805599453,5.04606678592752
15227.0,37,2.302585092994046,7.819833149203312
15228.0,66,2.0794415416798357,8.625423186178233
15229.0,586,0.6931471805599453,5.084505142662711
15230.0,239,1.0986122886681098,6.065179584930263
15231.0,596,1.0986122886681098,5.435292821575114
15232.0,113,1.0986122886681098,6.418462810428566
15233.0,401,0.6931471805599453,4.100989104940769
15234.0,277,0.6931471805599453,5.288267030694535
15235.0,218,2.833213344056216,7.985760016489754
15236.0,299,0.6931471805599453,5.7747068129929
15237.0,2,1.6094379124341003,7.253696825551129
15238.0,29,1.791759469228055,6.963700735264185
15239.0,10,1.3862943611198906,6.640320179534802
15240.0,45,3.044522437723423,8.370084326378025
15241.0,67,2.5649493574615367,8.017409711499553
15242.0,422,0.6931471805599453,5.713864809997713
15243.0,74,1.0986122886681098,6.833333411414558
15244.0,65,1.6094379124341003,6.746623622070738
15245.0,134,2.1972245773362196,8.43638218867962
15246.0,238,1.3862943611198906,6.66108718262097
15247.0,122,1.6094379124341003,6.875345717184091
15248.0,411,1.6094379124341003,7.531568458448471
15249.0,32,3.091042453358316,9.121306952034914
15250.0,641,0.6931471805599453,4.110873864173311
15251.0,9,3.4657359027997265,9.90830592551012
15252.0,36,2.0794415416798357,7.627573601356896
15253.0,16,2.5649493574615367,7.617902142650007
15254.0,127,1.6094379124341003,6.979517645209028
15255.0,67,2.4849066497880004,8.208429113613077
15256.0,149,1.0986122886681098,5.1440000061636795
15257.0,281,1.3862943611198906,6.400091318553725
15258.0,169,1.0986122886681098,6.4364067457583465
15259.0,513,1.6094379124341003,7.076130029643467
15260.0,100,3.4339872044851463,9.115961558315728
15261.0,135,1.6094379124341003,7.319202458767849
15262.0,324,1.3862943611198906,6.03982604798586
15263.0,107,0.6931471805599453,5.059488948313644
15264.0,64,1.3862943611198906,6.739573285741901
15265.0,151,1.6094379124341003,8.115712136418376
15266.0,338,1.9459101490553132,6.736611022778308
15267.0,22,1.791759469228055,7.449125626576209
15268.0,479,1.6094379124341003,6.848270632147245
15269.0,24,1.3862943611198906,7.111805711239658
15270.0,16,3.4657359027997265,8.881140229466437
15271.0,7,3.295836866004329,8.442532143267258
15272.0,57,1.9459101490553132,7.643233714555521
15273.0,600,0.6931471805599453,5.43790538075509
15274.0,4,1.0986122886681098,6.5758705038506235
15275.0,31,1.0986122886681098,6.413770384078798
15276.0,66,1.791759469228055,6.448936861374701
15277.0,47,1.0986122886681098,6.168229025235398
15278.0,562,1.6094379124341003,6.208911905877311
15279.0,355,2.0794415416798357,7.341315335248553
15280.0,172,1.3862943611198906,6.009353579943722
15281.0,59,3.1354942159291497,9.026251654673455
15282.0,570,0.6931471805599453,5.856761039253281
15283.0,390,1.6094379124341003,4.915811662574783
15284.0,500,0.6931471805599453,3.248434627109745
15285.0,408,0.6931471805599453,4.5635145107192585
15286.0,50,0.6931471805599453,5.4870764910004155
15287.0,22,1.9459101490553132,6.751779601525972
15288.0,43,2.3978952727983707,8.264654299499902
15289.0,29,2.0794415416798357,7.359919477599423
15290.0,5,3.4339872044851463,9.245377345483133
15291.0,26,3.9889840465642745,9.50690091391421
15292.0,201,0.6931471805599453,5.203676962393915
15293.0,666,0.6931471805599453,5.5154428455366835
15294.0,400,1.0986122886681098,5.408516158846112
15295.0,654,0.6931471805599453,5.3855953746550975
15296.0,44,3.044522437723423,9.2325841349218
15297.0,10,1.6094379124341003,6.455261454444196
15298.0,2,3.4011973816621555,9.030858379799946
15299.0,67,2.772588722239781,8.888014403413742
15300.0,64,0.6931471805599453,6.2094749463104435
15301.0,51,2.995732273553991,8.930918754496389
15302.0,722,1.0986122886681098,5.676925020486318
15303.0,290,1.6094379124341003,7.073083259399521
15304.0,61,2.4849066497880004,6.809535871475677
15305.0,555,0.6931471805599453,4.549657476057832
15306.0,64,2.3978952727983707,8.155356376486251
15307.0,96,0.6931471805599453,5.329331420077207
15308.0,271,1.0986122886681098,5.714623497834076
15309.0,611,2.3978952727983707,6.574420116594067
15310.0,479,0.6931471805599453,7.399789444048626
15311.0,1,5.602118820879701,11.639682072978308
15312.0,75,2.70805020110221,7.978478936562721
15313.0,110,0.6931471805599453,3.970291913552122
15314.0,199,1.6094379124341003,6.686672103634846
15315.0,64,1.3862943611198906,6.31452582896133
15316.0,327,0.6931471805599453,5.111987788356544
15317.0,677,1.0986122886681098,4.727830198723979
15318.0,4,0.6931471805599453,5.748182061952885
15319.0,284,0.6931471805599453,5.32544603393629
15320.0,44,0.6931471805599453,5.591471937527057
15321.0,49,2.9444389791664403,8.788997374701422
15322.0,64,1.3862943611198906,7.1817060065476195
15323.0,533,1.6094379124341003,5.774240938304763
15324.0,701,0.6931471805599453,4.950318958088201
15325.0,104,2.302585092994046,7.376389220633939
15326.0,334,2.3978952727983707,7.333558818530219
15327.0,53,0.6931471805599453,5.345916345347316
15328.0,408,0.6931471805599453,4.684350983862532
15329.0,35,3.044522437723423,7.917164700189476
15330.0,32,1.0986122886681098,6.573624299478299
15331.0,500,1.6094379124341003,6.628583557215157
15332.0,366,1.9459101490553132,8.787943731032811
15333.0,208,0.6931471805599453,6.936886805488385
15334.0,157,1.3862943611198906,5.8655327755013085
15335.0,54,0.6931471805599453,5.164614530656529
15336.0,402,0.6931471805599453,5.486869473092628
15337.0,403,1.0986122886681098,5.8456291988844375
15338.0,677,0.6931471805599453,5.650487177597977
15339.0,66,2.4849066497880004,7.399453127687945
15340.0,562,0.6931471805599453,4.66814498514948
15341.0,81,1.3862943611198906,7.784065328999936
15342.0,116,1.0986122886681098,5.97319873830109
15343.0,87,0.6931471805599453,5.901266279189834
15344.0,1,1.791759469228055,6.168731685154665
15345.0,35,1.0986122886681098,5.909956182550611
15346.0,333,1.6094379124341003,6.384604005525509
15347.0,366,1.9459101490553132,7.196611661661687
15348.0,72,0.6931471805599453,5.069155742908264
15349.0,158,1.0986122886681098,6.1629147240133015
15350.0,373,1.0986122886681098,6.498658584639923
15351.0,12,2.772588722239781,8.193173499034208
15352.0,549,0.6931471805599453,4.753159063701541
15353.0,255,2.1972245773362196,8.056759622710276
15355.0,29,1.0986122886681098,5.627800953633573
15356.0,31,2.6390573296152584,8.150742044320372
15358.0,5,4.02535169073515,9.73141430199824
15359.0,555,2.302585092994046,5.097424424168647
15360.0,40,0.6931471805599453,6.061293735451147
15361.0,362,1.6094379124341003,6.536793041721038
15362.0,449,1.0986122886681098,6.420125212819335
15363.0,241,1.3862943611198906,6.904911238530402
15364.0,96,1.0986122886681098,6.818038427312331
15365.0,26,2.772588722239781,8.181513440695106
15366.0,75,2.0794415416798357,7.779082117168702
15367.0,57,2.6390573296152584,8.518538286370275
15368.0,21,1.0986122886681098,6.584432211866017
15369.0,144,2.6390573296152584,7.446812611197886
15370.0,41,2.302585092994046,8.220002050740613
15371.0,662,0.6931471805599453,4.100989104940769
15372.0,137,2.3978952727983707,8.692057008269604
15373.0,8,2.9444389791664403,8.077009301238858
15374.0,129,1.0986122886681098,5.731138204666056
15375.0,690,0.6931471805599453,4.1264890155486675
15376.0,40,1.3862943611198906,7.118307896116917
15377.0,383,1.791759469228055,7.074074478298586
15378.0,463,1.0986122886681098,5.511410582008745
15379.0,169,2.302585092994046,8.477919996885833
15380.0,9,2.6390573296152584,8.138331065102607
15381.0,214,1.9459101490553132,7.543601682627815
15382.0,15,3.044522437723423,9.521311633655912
15384.0,170,1.791759469228055,7.608617620996909
15385.0,40,1.3862943611198906,6.849151114666084
15386.0,186,0.6931471805599453,5.979240132485259
15387.0,492,0.6931471805599453,6.151987736440525
15388.0,270,0.6931471805599453,4.952582362647639
15389.0,172,1.791759469228055,7.913813586039639
15390.0,396,1.0986122886681098,7.104686263160091
15391.0,571,1.0986122886681098,5.648692508338241
15392.0,5,2.1972245773362196,7.969987083890772
15393.0,16,1.791759469228055,6.793847225874017
15394.0,10,2.6390573296152584,8.56644039398485
15395.0,326,0.6931471805599453,4.6862892372728835
15396.0,113,1.0986122886681098,6.681331353117785
15397.0,290,0.6931471805599453,4.553876891600541
15398.0,16,1.3862943611198906,7.200894931713156
15399.0,1,1.3862943611198906,6.705357537478585
15400.0,92,2.302585092994046,7.133934218839868
15401.0,452,1.0986122886681098,5.384265678684401
15402.0,149,2.0794415416798357,7.505294235326934
15403.0,492,1.0986122886681098,5.146796558906795
15404.0,376,0.6931471805599453,5.5531921160237
15405.0,189,1.0986122886681098,6.493511753062391
15406.0,18,1.9459101490553132,6.794328988911944
15407.0,34,1.6094379124341003,6.963606171722143
15408.0,264,0.6931471805599453,5.591658396851496
15409.0,702,1.0986122886681098,4.772378104971998
15410.0,84,2.3978952727983707,8.45248825643265
15411.0,26,1.791759469228055,7.205917245014287
15412.0,171,0.6931471805599453,5.25504445431457
15414.0,10,1.3862943611198906,6.654023645899904
15415.0,313,0.6931471805599453,6.3522983310705525
15416.0,65,2.302585092994046,8.424123499842644
15417.0,85,0.6931471805599453,6.234018491942015
15418.0,425,1.0986122886681098,6.116598277864748
15419.0,25,0.6931471805599453,4.918958505524352
15420.0,434,1.9459101490553132,6.612041034833092
15421.0,59,2.3978952727983707,8.244423376498858
15422.0,323,2.1972245773362196,7.3877216152420795
15423.0,38,1.6094379124341003,5.394263707595246
15424.0,254,1.3862943611198906,6.394894251854076
15425.0,400,1.6094379124341003,7.573310272245073
15426.0,19,2.4849066497880004,7.860937089440041
15427.0,33,1.3862943611198906,7.302590758900265
15428.0,15,1.6094379124341003,6.638240510485805
15429.0,27,1.3862943611198906,5.902360072025161
15430.0,468,1.3862943611198906,6.807658662443852
15431.0,503,0.6931471805599453,5.038509830862235
15432.0,23,1.6094379124341003,5.711287574141974
15433.0,79,1.3862943611198906,6.037560609250928
15434.0,8,2.6390573296152584,7.831263899114765
15435.0,22,0.6931471805599453,5.012566760946003
15436.0,12,1.3862943611198906,7.024230793538577
15437.0,262,1.0986122886681098,5.977492389541099
15438.0,131,0.6931471805599453,5.059933265817542
15439.0,405,1.6094379124341003,7.1468115487563955
15440.0,55,1.3862943611198906,5.952411819844281
15441.0,396,1.3862943611198906,7.135058168244959
15442.0,249,0.6931471805599453,6.38856140554563
15443.0,2,2.833213344056216,8.540350968211941
15444.0,9,1.0986122886681098,7.257890888001
15445.0,264,1.0986122886681098,5.654242029096065
15446.0,377,1.791759469228055,5.991089476777899
15447.0,331,1.9459101490553132,6.1860645806049455
15448.0,313,1.0986122886681098,6.6717924102056685
15449.0,26,1.791759469228055,6.879582116298542
15450.0,30,0.6931471805599453,6.0657367914825695
15451.0,434,1.0986122886681098,5.45621814880031
15452.0,30,1.9459101490553132,7.49560305312816
15453.0,2,2.0794415416798357,7.236605685971544
15454.0,362,1.0986122886681098,5.732337537073475
15455.0,598,0.6931471805599453,3.6699514442284173
15456.0,283,2.3978952727983707,7.6592987180472205
15457.0,262,0.6931471805599453,5.472564748074418
15458.0,25,1.0986122886681098,5.917387343711666
15459.0,417,1.0986122886681098,5.317286313095639
15460.0,354,0.6931471805599453,5.383393538903156
15461.0,461,1.3862943611198906,5.972026853215507
15462.0,94,1.6094379124341003,6.604011572983006
15463.0,29,0.6931471805599453,4.845288841508263
15464.0,338,0.6931471805599453,6.956402575803658
15465.0,20,3.6888794541139363,9.411414168000567
15466.0,85,1.6094379124341003,7.360110334292074
15467.0,9,1.6094379124341003,6.240041899679002
15468.0,35,2.0794415416798357,7.235964902609986
15469.0,43,1.9459101490553132,6.727910652063075
15470.0,576,0.6931471805599453,4.165424143903053
15471.0,2,1.3862943611198906,7.18353682017553
15472.0,113,0.6931471805599453,5.920398098674122
15473.0,14,2.4849066497880004,7.462214939768189
15474.0,596,0.6931471805599453,5.100475998096045
15475.0,77,0.6931471805599453,6.120539147973894
15476.0,380,1.791759469228055,7.68766713943782
15477.0,650,0.6931471805599453,5.911880067765139
15478.0,40,1.3862943611198906,7.613808813091591
15479.0,733,0.6931471805599453,4.99991133073328
15480.0,116,2.0794415416798357,8.186812364431342
15481.0,401,0.6931471805599453,7.598068447520948
15482.0,16,3.2188758248682006,9.000708870364216
15483.0,161,2.3978952727983707,6.760646413943925
15484.0,1,2.0794415416798357,8.439404607961398
15485.0,30,2.1972245773362196,8.635066889629314
15486.0,527,0.6931471805599453,4.634728988229636
15487.0,680,0.6931471805599453,5.448115731636431
15488.0,93,1.791759469228055,6.070552953426946
15489.0,23,2.5649493574615367,7.752919436071181
15490.0,430,1.0986122886681098,5.242275975664412
15491.0,95,2.0794415416798357,8.036524896240774
15492.0,28,1.0986122886681098,6.492936561946857
15493.0,33,2.4849066497880004,8.36204234492234
15494.0,21,1.9459101490553132,8.235347388098154
15495.0,379,0.6931471805599453,5.511410582008745
15496.0,631,0.6931471805599453,4.9913845145041185
15497.0,18,2.4849066497880004,9.064673932314506
15498.0,1,4.02535169073515,10.080034551953286
15499.0,724,0.6931471805599453,5.0912931971137105
15500.0,8,1.6094379124341003,7.032235836086242
15501.0,405,1.0986122886681098,6.000176487710004
15502.0,16,3.332204510175204,9.06814642467299
15503.0,363,1.0986122886681098,5.591546525428934
15504.0,81,1.791759469228055,6.028037527338822
15505.0,53,2.0794415416798357,8.159986677647865
15506.0,23,1.9459101490553132,7.621209861378939
15507.0,172,0.6931471805599453,6.201239130683238
15508.0,189,1.9459101490553132,6.909024473214282
15509.0,380,0.6931471805599453,5.1210430509755955
15510.0,331,0.6931471805599453,5.5254529391317835
15511.0,12,1.791759469228055,6.813697314828437
15512.0,156,1.6094379124341003,5.806880432659768
15513.0,31,3.7376696182833684,10.213375611900286
15514.0,12,3.044522437723423,8.598456077446219
15515.0,387,0.6931471805599453,5.1521927250659
15516.0,45,1.3862943611198906,4.149936935645806
15517.0,233,0.6931471805599453,5.591098914544516
15518.0,64,3.1780538303479458,8.319907427271312
15519.0,383,1.0986122886681098,5.845310971696471
15520.0,2,0.6931471805599453,5.842094090453713
15521.0,36,3.2188758248682006,8.806190398698977
15522.0,33,1.0986122886681098,5.991064467086642
15523.0,84,2.9444389791664403,9.753887171047687
15524.0,25,1.0986122886681098,6.384182082393644
15525.0,2,1.791759469228055,7.1560206190701265
15526.0,33,1.0986122886681098,5.006894974480533
15527.0,19,3.4657359027997265,8.525712796298643
15528.0,254,0.6931471805599453,5.4395130632148145
15529.0,23,2.6390573296152584,8.534148632065651
15530.0,22,1.791759469228055,7.503686464825663
15531.0,8,1.0986122886681098,7.605113580313547
15532.0,25,2.5649493574615367,8.218531058121293
15533.0,19,1.791759469228055,6.61729602038306
15534.0,726,0.6931471805599453,5.09528276815654
15535.0,173,2.3978952727983707,6.894487651981232
15536.0,409,0.6931471805599453,5.561027724964261
15537.0,163,0.6931471805599453,4.717784330357226
15538.0,538,2.4849066497880004,8.015707150979004
15539.0,7,0.6931471805599453,6.290568639224737
15540.0,11,1.0986122886681098,6.134872010402711
15541.0,114,0.6931471805599453,4.455857782801083
15542.0,512,1.6094379124341003,6.798944373123957
15543.0,288,1.0986122886681098,5.496512272498282
15544.0,9,3.295836866004329,9.003945770619941
15545.0,54,1.0986122886681098,6.06157346225313
15546.0,607,1.3862943611198906,6.292587139738781
15547.0,7,3.367295829986474,9.224429650309162
15548.0,596,0.6931471805599453,5.069470079817148
15549.0,77,2.302585092994046,7.744769009954488
15550.0,4,2.70805020110221,7.599201012902325
15551.0,37,2.302585092994046,7.414741541825406
15552.0,217,1.0986122886681098,5.535442715382666
15553.0,60,0.6931471805599453,6.082743886707506
15554.0,278,0.6931471805599453,5.38541207339897
15555.0,12,3.8501476017100584,9.371189708478926
15556.0,24,0.6931471805599453,5.637535828837275
15557.0,29,0.6931471805599453,6.162577690327808
15558.0,639,1.0986122886681098,4.972102344379472
15559.0,568,0.6931471805599453,7.01247558975254
15560.0,398,1.0986122886681098,5.040323537798081
15561.0,12,2.302585092994046,7.527008310680377
15562.0,352,1.3862943611198906,6.513793750257388
15563.0,9,2.4849066497880004,7.93100085489692
15564.0,463,1.0986122886681098,4.273048472104136
15565.0,50,1.0986122886681098,5.159974416926292
15566.0,393,1.0986122886681098,5.4331541567702475
15567.0,19,0.6931471805599453,5.231162091360629
15568.0,3,1.3862943611198906,6.6323837861074395
15569.0,104,2.3978952727983707,8.185169047347047
15570.0,7,3.332204510175204,9.132161509596695
15571.0,12,2.70805020110221,8.307121332058914
15572.0,5,2.3978952727983707,8.31131719406831
15573.0,32,1.791759469228055,7.096870374016893
15574.0,178,2.0794415416798357,7.298242103909589
15575.0,620,0.6931471805599453,3.4372078191851885
15576.0,38,0.6931471805599453,6.8476548947291755
15577.0,151,1.791759469228055,5.988911290320265
15578.0,162,0.6931471805599453,4.852811208902689
15579.0,69,2.0794415416798357,7.145393276446799
15580.0,377,2.70805020110221,7.10902125177703
15581.0,121,3.784189633918261,8.665402829581348
15582.0,25,1.3862943611198906,6.527826330017913
15583.0,376,0.6931471805599453,4.690062653006054
15584.0,24,2.0794415416798357,7.151485463904735
15585.0,177,0.6931471805599453,6.123150487933357
15586.0,591,1.6094379124341003,7.029671981475674
15587.0,50,2.0794415416798357,7.3284898794210696
15588.0,678,0.6931471805599453,6.36406205159053
15589.0,253,1.6094379124341003,6.125951732816734
15590.0,289,1.9459101490553132,7.291254221031105
15591.0,583,1.3862943611198906,5.388615004528817
15592.0,47,0.6931471805599453,5.965069235748451
15593.0,71,0.6931471805599453,5.302309387817574
15594.0,16,1.9459101490553132,7.47790397203007
15595.0,488,0.6931471805599453,5.8822075611710325
15596.0,101,2.833213344056216,8.014530824088864
15597.0,30,1.3862943611198906,6.31990461203193
15598.0,35,1.6094379124341003,6.298986010886019
15599.0,27,1.3862943611198906,7.131746470947484
15600.0,428,1.791759469228055,7.073023924543242
15601.0,11,3.58351893845611,9.610472618957353
15602.0,8,3.258096538021482,7.998661283706015
15603.0,79,1.3862943611198906,4.327174383125731
15604.0,52,0.6931471805599453,5.381692975469088
15605.0,36,2.3978952727983707,7.567552479860528
15606.0,57,2.995732273553991,8.462625066937115
15607.0,337,2.6390573296152584,7.36490793708223
15608.0,28,1.791759469228055,7.488282323154996
15609.0,183,1.0986122886681098,5.602229515859797
15610.0,52,0.6931471805599453,4.731450351898421
15611.0,10,3.4965075614664802,7.958356599828478
15612.0,36,1.0986122886681098,5.278879672655561
15613.0,610,0.6931471805599453,6.074702145678038
15614.0,428,2.0794415416798357,8.009648845033315
15615.0,10,4.007333185232471,9.965667199967402
15616.0,438,0.6931471805599453,5.762397234916117
15617.0,396,1.3862943611198906,6.720883385089365
15618.0,33,1.791759469228055,6.617444420965972
15619.0,11,0.6931471805599453,5.821269170111868
15620.0,50,2.1972245773362196,7.555345313532747
15621.0,4,1.9459101490553132,7.055976988579084
15622.0,3,3.4339872044851463,8.89823991599647
15623.0,141,2.1972245773362196,7.798953818444536
15624.0,117,1.6094379124341003,6.3786468723710446
15625.0,100,2.70805020110221,8.072233332609933
15626.0,75,1.6094379124341003,6.956897762032364
15627.0,457,1.0986122886681098,6.341945346883387
15628.0,5,3.091042453358316,8.631300145222301
15629.0,450,1.6094379124341003,7.715078999604354
15630.0,45,1.6094379124341003,7.2973958367433305
15631.0,642,0.6931471805599453,6.393038762166311
15632.0,16,2.3978952727983707,8.054621079911291
15633.0,509,2.9444389791664403,8.336728309933447
15634.0,17,1.0986122886681098,6.3201385996316555
15635.0,396,0.6931471805599453,4.618579872898009
15636.0,90,1.6094379124341003,7.276265904096536
15637.0,53,1.791759469228055,6.682847672637373
15638.0,301,2.302585092994046,7.6677196325793995
15639.0,134,1.791759469228055,6.936663384129345
15640.0,4,3.5553480614894135,10.078969522591565
15641.0,105,2.5649493574615367,8.584206772065448
15642.0,730,0.6931471805599453,4.67077064307204
15643.0,179,1.9459101490553132,6.474507789861521
15644.0,166,1.6094379124341003,6.70196036600254
15645.0,19,1.6094379124341003,6.950402806203156
15646.0,158,1.9459101490553132,6.859730321967019
15647.0,415,0.6931471805599453,5.135798437050262
15648.0,204,1.6094379124341003,6.398428531339882
15649.0,336,1.6094379124341003,7.6831043729138635
15650.0,515,1.3862943611198906,6.291624693570723
15651.0,37,1.791759469228055,7.138914617859392
15652.0,91,1.9459101490553132,7.253357142019683
15653.0,93,1.0986122886681098,6.7781476070590925
15654.0,9,1.0986122886681098,6.828203284222655
15655.0,233,1.0986122886681098,6.23894942980835
15656.0,45,1.6094379124341003,6.619406317542652
15657.0,23,0.6931471805599453,3.4339872044851463
15658.0,190,2.6390573296152584,7.728125244682043
15659.0,44,1.3862943611198906,6.279440326423679
15660.0,25,2.9444389791664403,7.924846545586025
15661.0,317,2.1972245773362196,7.104103007509184
15662.0,661,1.0986122886681098,5.6515413628105104
15663.0,106,0.6931471805599453,4.935480620495495
15664.0,51,2.0794415416798357,7.101140408132071
15665.0,168,1.791759469228055,8.29807154140324
15666.0,472,1.0986122886681098,6.451954312734866
15667.0,40,0.6931471805599453,5.711486059041234
15668.0,218,0.6931471805599453,4.34795265434013
15669.0,40,1.791759469228055,6.520164469550775
15670.0,297,1.3862943611198906,5.756374924775372
15671.0,19,2.3978952727983707,7.877203766056068
15672.0,725,0.6931471805599453,3.8351419610921886
15673.0,88,2.3978952727983707,8.765745586570848
15674.0,73,2.9444389791664403,8.735340281179624
15675.0,81,1.6094379124341003,6.297182982045862
15676.0,9,1.791759469228055,8.109252020392805
15677.0,49,1.3862943611198906,7.175206582498185
15678.0,53,1.3862943611198906,7.5469160683383025
15679.0,24,1.6094379124341003,6.6622127327244485
15680.0,9,2.5649493574615367,8.40413199033214
15681.0,18,2.833213344056216,7.816497593098962
15682.0,599,1.3862943611198906,5.762019935744844
15683.0,117,1.0986122886681098,6.2644263054030525
15684.0,547,1.9459101490553132,5.002603122398991
15685.0,450,0.6931471805599453,4.0427003290697625
15686.0,420,0.6931471805599453,4.51085950651685
15687.0,9,2.4849066497880004,8.000517153972071
15688.0,419,0.6931471805599453,5.25525327707701
15689.0,120,1.3862943611198906,6.2577250574955965
15690.0,4,1.0986122886681098,5.48380058667957
15691.0,252,1.791759469228055,6.23988590560646
15692.0,28,0.6931471805599453,5.25770368366274
15693.0,659,0.6931471805599453,3.6506582412937387
15694.0,1,3.4011973816621555,9.265534747243338
15695.0,267,1.6094379124341003,7.031776593827884
15696.0,33,3.091042453358316,8.231767238677993
15697.0,690,0.6931471805599453,5.5124201732100975
15698.0,624,0.6931471805599453,3.8543938925915096
15699.0,18,0.6931471805599453,5.738666876509702
15700.0,172,1.3862943611198906,6.499832152420258
15701.0,2,1.6094379124341003,7.34157458058683
15702.0,476,1.0986122886681098,4.951522029603749
15703.0,265,0.6931471805599453,5.358941988364472
15704.0,140,2.1972245773362196,8.228224958881727
15705.0,201,0.6931471805599453,4.970507503005476
15706.0,60,2.0794415416798357,6.910561338312599
15707.0,35,1.6094379124341003,6.852855489000475
15708.0,41,2.70805020110221,8.37216279507783
15709.0,284,1.0986122886681098,5.79560171974736
15710.0,417,0.6931471805599453,6.802250308446763
15711.0,557,1.0986122886681098,6.043226481666571
15712.0,9,2.6390573296152584,8.151465970396165
15713.0,143,1.9459101490553132,6.8946599076698964
15714.0,12,1.791759469228055,6.666715032927835
15715.0,556,1.791759469228055,6.490753883055643
15716.0,146,2.4849066497880004,8.025454252446236
15717.0,234,1.791759469228055,6.410174881966167
15718.0,540,0.6931471805599453,5.686263238437263
15719.0,33,3.6888794541139363,9.22378557872887
15720.0,24,1.0986122886681098,6.610588367319141
15721.0,12,0.6931471805599453,6.23063891549472
15722.0,36,2.772588722239781,8.54111477513291
15723.0,365,1.6094379124341003,6.8550399213101425
15724.0,201,1.791759469228055,5.706445592075685
15725.0,15,0.6931471805599453,6.031286041294654
15726.0,390,0.6931471805599453,5.777373646625042
15727.0,17,2.772588722239781,9.153400640105943
15728.0,49,1.3862943611198906,6.018106478054404
15729.0,198,1.791759469228055,5.0479310788399525
15730.0,66,2.0794415416798357,7.4437690023206455
15731.0,554,0.6931471805599453,4.838660029356445
15732.0,212,2.5649493574615367,7.401548674350611
15733.0,283,0.6931471805599453,5.095588999976419
15734.0,115,1.6094379124341003,7.725020939378476
15735.0,421,0.6931471805599453,5.795084633062987
15736.0,430,1.3862943611198906,7.449073249683718
15737.0,15,2.5649493574615367,7.023055234344715
15738.0,19,3.828641396489095,9.498756175181708
15739.0,66,0.6931471805599453,6.109514213881797
15740.0,49,0.6931471805599453,5.049086480470509
15741.0,458,1.0986122886681098,5.345296367742031
15742.0,619,0.6931471805599453,5.061771909543635
15743.0,16,1.6094379124341003,6.666269533420063
15744.0,78,0.6931471805599453,3.5779478934066544
15745.0,9,1.9459101490553132,6.977505197170241
15746.0,134,1.0986122886681098,5.214718342671723
15747.0,13,2.3978952727983707,7.848410764828851
15748.0,40,1.3862943611198906,6.422857277226062
15749.0,235,1.6094379124341003,9.977523022061598
15750.0,3,3.2188758248682006,8.808899804529114
15751.0,461,2.70805020110221,7.1852657961124216
15752.0,40,2.3978952727983707,8.3428612326133
15753.0,305,0.6931471805599453,4.384523514872469
15754.0,51,2.5649493574615367,8.007320446849961
15755.0,1,3.044522437723423,8.689119234944704
15756.0,61,1.6094379124341003,6.280320929787532
15757.0,66,1.9459101490553132,7.986627338407268
15758.0,25,0.6931471805599453,5.32908902521479
15759.0,218,2.3978952727983707,6.699475709316469
15761.0,443,0.6931471805599453,4.970160461530537
15762.0,65,1.0986122886681098,6.371184405464288
15763.0,32,1.3862943611198906,6.956231108039178
15764.0,81,2.70805020110221,8.401620710681994
15765.0,667,0.6931471805599453,5.917898735650893
15766.0,64,1.6094379124341003,6.685436387542484
15768.0,116,3.6109179126442243,9.652488360277411
15769.0,7,3.9512437185814275,11.341785718071527
15770.0,613,0.6931471805599453,5.7759480854563865
15771.0,604,1.3862943611198906,6.915266995265976
15772.0,418,0.6931471805599453,5.641481448458822
15773.0,6,1.0986122886681098,6.653533772097066
15774.0,69,2.0794415416798357,7.189318670425741
15775.0,245,1.0986122886681098,5.020585624949423
15776.0,133,0.6931471805599453,5.491496433342773
15777.0,241,2.302585092994046,7.457701610901076
15778.0,431,0.6931471805599453,5.733179451506989
15779.0,463,1.0986122886681098,4.82895353258964
15780.0,184,1.3862943611198906,6.166005916582974
15781.0,25,1.6094379124341003,5.812816235680323
15782.0,10,1.9459101490553132,8.290706558225768
15783.0,11,0.6931471805599453,5.510602174527371
15784.0,468,1.0986122886681098,6.744447803369461
15785.0,30,3.295836866004329,8.670142578551703
15786.0,44,2.302585092994046,9.03525457382679
15787.0,26,1.3862943611198906,6.855461484261003
15788.0,501,1.0986122886681098,5.3777291059721986
15789.0,358,2.0794415416798357,7.566833652500692
15790.0,10,0.6931471805599453,5.402001477824919
15791.0,44,2.302585092994046,8.172669831305273
15792.0,400,1.0986122886681098,6.8403753916508245
15793.0,9,2.302585092994046,7.7765014705752105
15794.0,736,1.0986122886681098,6.656726524178391
15795.0,150,2.1972245773362196,7.591291421122726
15796.0,1,3.1354942159291497,8.52137443780946
15797.0,113,1.9459101490553132,7.945229480699816
15798.0,493,1.3862943611198906,7.3371777701160505
15799.0,76,1.6094379124341003,7.26213058076958
15800.0,107,2.0794415416798357,7.125749595713687
15801.0,46,1.6094379124341003,6.950038605236873
15803.0,51,1.6094379124341003,7.565617192352807
15804.0,1,2.995732273553991,8.255711537333584
15805.0,23,3.713572066704308,9.180903322322491
15806.0,46,1.3862943611198906,6.666422298467717
15807.0,50,1.9459101490553132,7.500291756753127
15808.0,306,3.2188758248682006,9.811911043898759
15809.0,36,2.302585092994046,6.761433870269212
15810.0,79,2.6390573296152584,7.910517241993412
15811.0,17,2.3978952727983707,8.25432600050244
15812.0,107,2.6390573296152584,8.553943548057637
15813.0,208,1.0986122886681098,7.173889351861321
15814.0,3,2.1972245773362196,7.837096481800526
15815.0,64,1.791759469228055,7.65045423837133
15816.0,542,1.3862943611198906,4.546481189639412
15817.0,421,1.3862943611198906,7.925663530235284
15818.0,588,0.6931471805599453,5.833347679010845
15819.0,49,2.4849066497880004,8.271875603235493
15820.0,320,0.6931471805599453,5.337441921232086
15821.0,44,1.0986122886681098,6.349069058864647
15822.0,3,2.1972245773362196,7.483756096166883
15823.0,337,1.9459101490553132,8.017920573928823
15824.0,453,1.0986122886681098,6.793398865743655
15825.0,172,0.6931471805599453,6.2802834730968256
15826.0,51,1.9459101490553132,7.857144173234531
15827.0,73,3.7612001156935624,8.140886805528277
15828.0,375,0.6931471805599453,7.011953118994513
15829.0,99,1.0986122886681098,6.456989411643809
15830.0,29,1.0986122886681098,6.30755184406493
15831.0,58,1.6094379124341003,6.618418504933128
15832.0,254,0.6931471805599453,6.7307674724187825
15833.0,738,0.6931471805599453,4.399375273008495
15834.0,70,2.302585092994046,8.189047393591478
15835.0,44,1.6094379124341003,6.861805576878038
15836.0,45,1.0986122886681098,4.7746597639666675
15837.0,65,1.0986122886681098,6.656739377566224
15838.0,11,3.6635616461296463,11.20374883070796
15839.0,25,1.791759469228055,6.929262335266568
15840.0,59,1.3862943611198906,5.848344472513165
15841.0,64,2.5649493574615367,7.907467618995365
15842.0,388,1.3862943611198906,6.272405197148409
15843.0,304,0.6931471805599453,4.787074989285704
15844.0,46,0.6931471805599453,4.880830283212546
15845.0,18,2.70805020110221,8.36045750667419
15846.0,385,0.6931471805599453,4.682223815430383
15847.0,38,1.791759469228055,6.713648549040965
15848.0,622,0.6931471805599453,4.948334267898876
15850.0,19,1.9459101490553132,6.965760001268711
15851.0,527,0.6931471805599453,4.707094805710017
15852.0,187,1.3862943611198906,5.553966829418505
15853.0,52,0.6931471805599453,4.716711560720999
15854.0,4,3.091042453358316,8.627805691229005
15855.0,137,1.9459101490553132,6.9600820391599045
15856.0,4,4.07753744390572,10.428761494836372
15857.0,19,1.0986122886681098,6.348229486996957
15858.0,16,2.772588722239781,8.273558625921956
15859.0,432,0.6931471805599453,6.085546700469121
15860.0,41,2.8903717578961645,7.8265269308277645
15861.0,12,2.772588722239781,8.347351041891617
15862.0,8,2.6390573296152584,7.982515351827566
15863.0,26,1.791759469228055,5.885270350701578
15864.0,22,2.302585092994046,7.6084836495623955
15865.0,41,1.791759469228055,7.718649939010796
15866.0,101,0.6931471805599453,5.444709454763107
15867.0,5,3.58351893845611,9.102292916392896
15868.0,583,0.6931471805599453,4.559440334281917
15869.0,277,1.3862943611198906,5.7827784808826985
15870.0,33,1.6094379124341003,6.761121278008535
15871.0,437,0.6931471805599453,3.529297384289471
15872.0,15,1.6094379124341003,6.680453092519068
15873.0,493,1.791759469228055,4.936199062943238
15874.0,63,3.258096538021482,9.317938382574201
15875.0,646,0.6931471805599453,4.724906867590425
15876.0,409,1.0986122886681098,7.27941538247794
15877.0,2,1.3862943611198906,6.090812020608681
15878.0,562,1.0986122886681098,5.804441957755378
15879.0,404,1.6094379124341003,7.0547086919383
15880.0,369,1.0986122886681098,6.441839283964755
15881.0,312,2.1972245773362196,6.085045960729513
15882.0,199,2.3978952727983707,7.279256764522745
15883.0,2,1.0986122886681098,5.9851446183631625
15884.0,432,1.3862943611198906,5.5002372814106195
15885.0,93,3.044522437723423,7.460818215233235
15886.0,60,1.6094379124341003,6.960224381835903
15887.0,407,1.3862943611198906,6.935516349767528
15888.0,80,1.6094379124341003,5.999234284372343
15889.0,157,2.302585092994046,7.493779280193861
15890.0,395,1.791759469228055,6.285346112927534
15891.0,227,0.6931471805599453,6.2643882485842175
15892.0,669,0.6931471805599453,4.861361591348501
15893.0,482,0.6931471805599453,5.724499716244923
15894.0,253,1.0986122886681098,6.043321432648199
15895.0,150,0.6931471805599453,5.1939008496276085
15897.0,194,1.0986122886681098,5.407395961574274
15898.0,1,3.4011973816621555,8.618911883678093
15899.0,369,0.6931471805599453,4.7318028369214575
15900.0,24,1.791759469228055,6.792905437303195
15901.0,17,2.302585092994046,6.529754548328652
15902.0,380,0.6931471805599453,4.983675112513472
15903.0,10,2.772588722239781,9.089394590106634
15904.0,8,0.6931471805599453,5.110058217087329
15905.0,543,0.6931471805599453,4.750914200040797
15906.0,20,2.5649493574615367,7.811523935902305
15907.0,4,1.3862943611198906,6.875696855288249
15908.0,491,1.0986122886681098,6.640620654418016
15909.0,174,0.6931471805599453,5.262379259742407
15910.0,1,2.772588722239781,7.894616304225583
15911.0,448,2.3978952727983707,7.246047287385269
15912.0,178,2.302585092994046,6.98072689143796
15913.0,534,0.6931471805599453,1.9878743481543455
15914.0,378,1.0986122886681098,5.332670482919699
15915.0,402,0.6931471805599453,6.064273461565794
15916.0,16,2.8903717578961645,8.095193131340901
15917.0,248,1.791759469228055,6.330843270088287
15918.0,191,1.3862943611198906,6.369695482262378
15919.0,20,1.0986122886681098,6.8152122670349256
15920.0,154,2.302585092994046,6.350257247017716
15921.0,173,1.6094379124341003,6.688491690866365
15922.0,372,1.0986122886681098,6.590575735741333
15923.0,373,0.6931471805599453,5.541890799373754
15924.0,731,0.6931471805599453,4.642658630399083
15925.0,194,0.6931471805599453,5.3382589736409845
15926.0,542,0.6931471805599453,4.90852873782488
15927.0,647,0.6931471805599453,4.8234217912218735
15928.0,656,0.6931471805599453,5.685380865475649
15929.0,644,0.6931471805599453,6.38856140554563
15930.0,67,0.6931471805599453,6.058258335716989
15931.0,428,0.6931471805599453,5.484381909620826
15932.0,4,2.4849066497880004,7.809074494926146
15933.0,21,1.3862943611198906,7.010726943606016
15934.0,418,1.0986122886681098,7.692414526548134
15935.0,239,1.3862943611198906,4.691714787388277
15936.0,379,1.0986122886681098,5.648234528023389
15937.0,64,0.6931471805599453,4.986001013137895
15938.0,112,2.302585092994046,6.600971933227955
15939.0,90,2.8903717578961645,9.110369749158272
15941.0,513,1.0986122886681098,5.4450117456988405
15942.0,134,0.6931471805599453,5.8243468240563
15943.0,650,1.0986122886681098,5.606867674804115
15944.0,277,1.6094379124341003,7.680286488796148
15945.0,365,1.6094379124341003,6.719339188186985
15946.0,503,1.3862943611198906,7.742914043488088
15947.0,83,0.6931471805599453,7.443804106257556
15948.0,8,1.3862943611198906,7.319924530681809
15949.0,17,1.0986122886681098,5.901868013296226
15950.0,2,2.6390573296152584,8.844986445820867
15951.0,1,1.6094379124341003,6.882970662159506
15952.0,34,1.6094379124341003,6.694029738646186
15953.0,15,3.091042453358316,8.167834277091945
15954.0,589,0.6931471805599453,5.256192440247365
15955.0,24,3.258096538021482,9.062259069491695
15956.0,551,1.0986122886681098,6.42745886025097
15957.0,32,1.3862943611198906,6.836366682894484
15958.0,74,1.6094379124341003,6.202515274068052
15959.0,682,1.3862943611198906,6.363872574460713
15960.0,374,1.791759469228055,5.978885764901122
15961.0,379,0.6931471805599453,6.114323567019841
15962.0,449,0.6931471805599453,5.693159584352287
15963.0,20,1.0986122886681098,6.156470381692249
15964.0,663,0.6931471805599453,5.612982110329704
15965.0,17,2.70805020110221,8.006480894561843
15966.0,444,1.0986122886681098,5.992913496873086
15967.0,23,2.6390573296152584,8.013078333341689
15968.0,388,0.6931471805599453,6.037990244544916
15969.0,3,1.9459101490553132,6.951628613426107
15970.0,304,1.0986122886681098,6.925909489562179
15971.0,18,3.044522437723423,8.503384285829148
15972.0,456,1.791759469228055,7.501783535671927
15973.0,236,1.791759469228055,6.661074384996209
15974.0,39,2.1972245773362196,8.140475877159549
15975.0,84,0.6931471805599453,5.91892073563227
15976.0,165,1.9459101490553132,7.466021585348187
15977.0,17,1.0986122886681098,6.961987749755856
15978.0,77,1.791759469228055,8.09365168522056
15979.0,603,0.6931471805599453,5.799759099003686
15980.0,89,2.302585092994046,8.786804975206433
15981.0,25,3.332204510175204,9.134438329902554
15982.0,605,0.6931471805599453,5.7853931831429195
15983.0,22,2.1972245773362196,8.283953848669983
15984.0,3,3.4965075614664802,9.067868561222065
15985.0,123,2.1972245773362196,7.867595801555379
15986.0,30,1.0986122886681098,5.87330018875734
15987.0,12,2.1972245773362196,7.428410434226137
15988.0,19,1.3862943611198906,6.647805098268246
15989.0,376,1.0986122886681098,5.922944777976174
15990.0,44,2.0794415416798357,7.60641225271568
15991.0,534,0.6931471805599453,5.020915603503812
15992.0,4,1.3862943611198906,6.799724534768432
15993.0,9,2.3978952727983707,7.9221957915388606
15994.0,55,1.791759469228055,7.089943493553079
15995.0,414,0.6931471805599453,6.547057970456371
15996.0,88,2.1972245773362196,7.421775793644647
15998.0,37,3.091042453358316,9.014494573511165
15999.0,736,0.6931471805599453,3.0633909220278057
16000.0,3,1.3862943611198906,9.4250242408686
16001.0,381,1.0986122886681098,6.253944189534565
16002.0,625,0.6931471805599453,5.137032968819882
16003.0,30,2.3978952727983707,8.63316659066791
16004.0,475,1.791759469228055,7.672008430194929
16005.0,12,2.4849066497880004,7.785209543870995
16006.0,211,1.0986122886681098,5.852690866241513
16007.0,48,2.0794415416798357,8.031430843243916
16008.0,24,2.772588722239781,8.591396730431873
16009.0,22,1.6094379124341003,6.9014454135860985
16010.0,246,2.5649493574615367,7.451886076625917
16011.0,8,3.4339872044851463,8.677270843419565
16012.0,35,1.791759469228055,8.00329284553317
16013.0,4,4.553876891600541,10.874075542377984
16014.0,36,1.9459101490553132,7.022885911235716
16015.0,4,1.6094379124341003,6.538920994695759
16016.0,3,2.70805020110221,7.822460755001934
16017.0,47,1.791759469228055,7.349121493878105
16018.0,39,1.6094379124341003,6.5498367049130675
16019.0,2,3.58351893845611,9.719633822564097
16020.0,17,1.3862943611198906,6.747598263849638
16021.0,395,1.0986122886681098,6.27899035735146
16022.0,260,0.6931471805599453,6.4445763086835
16023.0,46,1.3862943611198906,6.58037557967181
16024.0,12,1.3862943611198906,6.184561177069895
16025.0,30,0.6931471805599453,6.0882736030360425
16026.0,43,0.6931471805599453,5.468439815884993
16027.0,92,2.9444389791664403,7.496008501695899
16028.0,596,0.6931471805599453,4.421247347827163
16029.0,39,4.836281906951478,11.427388382492357
16030.0,310,0.6931471805599453,5.805857599322498
16031.0,92,1.0986122886681098,6.30980918136658
16032.0,456,1.9459101490553132,7.586524591596127
16033.0,6,3.6109179126442243,9.27738107255017
16034.0,196,2.0794415416798357,6.831705422591074
16035.0,560,0.6931471805599453,5.387838092486448
16036.0,87,1.6094379124341003,7.846918431316224
16037.0,270,2.0794415416798357,7.30682665735987
16038.0,8,1.6094379124341003,6.121022430791613
16039.0,424,1.3862943611198906,6.110690985002419
16040.0,65,2.1972245773362196,7.776828609247176
16041.0,31,1.3862943611198906,8.060666341057626
16042.0,22,2.4849066497880004,7.675081857716334
16043.0,38,2.1972245773362196,7.52703522763887
16044.0,435,0.6931471805599453,5.83434279133577
16045.0,120,2.302585092994046,8.06715845015441
16046.0,562,0.6931471805599453,5.46713143998349
16047.0,682,0.6931471805599453,4.683426683953859
16048.0,86,1.9459101490553132,6.963691279312372
16049.0,40,1.9459101490553132,7.549966995862329
16050.0,174,1.3862943611198906,5.709433146165015
16051.0,682,0.6931471805599453,5.244072351695641
16052.0,54,0.6931471805599453,5.894568109862285
16053.0,33,2.1972245773362196,8.190670493568671
16054.0,145,2.0794415416798357,7.645722849813549
16055.0,221,0.6931471805599453,4.911183215124596
16056.0,45,0.6931471805599453,6.501064419948154
16057.0,4,2.8903717578961645,8.071865003881747
16058.0,406,0.6931471805599453,4.154184562578117
16059.0,66,2.5649493574615367,8.076754577984975
16060.0,401,1.3862943611198906,6.29701723466291
16061.0,269,1.3862943611198906,3.827553848801696
16062.0,10,2.1972245773362196,7.960131638643054
16063.0,260,0.6931471805599453,5.818063087688587
16064.0,725,0.6931471805599453,4.718498871295094
16065.0,365,2.3978952727983707,7.76921805585703
16066.0,17,1.791759469228055,7.328351991405618
16067.0,563,1.9459101490553132,8.015390075469439
16068.0,594,0.6931471805599453,4.819716890076783
16069.0,418,0.6931471805599453,6.128396401603126
16070.0,22,1.0986122886681098,6.748935381973274
16071.0,45,1.6094379124341003,6.982677205499396
16072.0,288,1.6094379124341003,8.3732974165168
16073.0,292,1.0986122886681098,4.557554332046428
16074.0,390,0.6931471805599453,5.584435717023635
16075.0,503,1.3862943611198906,6.590273575291837
16076.0,3,2.4849066497880004,7.684567828217531
16077.0,574,1.0986122886681098,6.398594934535208
16078.0,284,1.0986122886681098,5.897126394731892
16079.0,17,1.3862943611198906,7.210079628170788
16080.0,82,1.9459101490553132,6.1609963289735425
16081.0,56,2.1972245773362196,8.403168584011615
16082.0,670,0.6931471805599453,4.6798137289838575
16083.0,101,1.6094379124341003,7.7631998645051095
16084.0,299,0.6931471805599453,6.0803450096018565
16085.0,23,2.6390573296152584,7.757363325975038
16086.0,59,2.4849066497880004,7.959943103005768
16087.0,389,1.791759469228055,7.462168988109326
16088.0,576,1.0986122886681098,7.271307520007092
16089.0,386,1.0986122886681098,5.607418406373117
16090.0,624,0.6931471805599453,5.33228391611131
16091.0,155,1.0986122886681098,5.755932068980957
16092.0,99,2.3978952727983707,7.324153732975671
16093.0,107,0.6931471805599453,2.8903717578961645
16094.0,12,2.995732273553991,8.188733567901021
16095.0,456,0.6931471805599453,6.104904833330228
16096.0,264,1.6094379124341003,7.368951486505174
16097.0,240,0.6931471805599453,5.226015454792631
16098.0,88,2.70805020110221,8.400457107514553
16099.0,50,2.1972245773362196,7.358353077197641
16100.0,463,0.6931471805599453,6.3692843543958215
16101.0,9,2.0794415416798357,8.060988319904503
16102.0,42,1.3862943611198906,7.519225917888408
16103.0,7,3.332204510175204,8.700141218603298
16104.0,62,2.4849066497880004,7.830568691845486
16105.0,249,1.791759469228055,7.7778722209926245
16106.0,66,0.6931471805599453,4.694828057918627
16107.0,18,2.0794415416798357,8.072517290105589
16108.0,85,2.1972245773362196,7.68383176620788
16109.0,219,1.6094379124341003,6.829339580344615
16110.0,45,1.6094379124341003,7.5067401207161755
16111.0,428,0.6931471805599453,6.334131840392106
16112.0,143,1.6094379124341003,5.281883060084612
16113.0,183,0.6931471805599453,5.089939267434301
16114.0,171,0.6931471805599453,4.918154441302091
16115.0,10,2.5649493574615367,7.854047433573542
16116.0,206,1.0986122886681098,6.386677278751795
16117.0,190,1.6094379124341003,6.478586444174737
16118.0,393,1.791759469228055,8.356186059752492
16119.0,8,2.1972245773362196,7.451131342082467
16120.0,59,2.0794415416798357,8.02056957338335
16121.0,57,1.9459101490553132,7.2849512195789625
16122.0,73,1.9459101490553132,6.9100925454456235
16123.0,52,0.6931471805599453,5.732629049213781
16124.0,316,1.9459101490553132,7.444476693668095
16125.0,367,2.70805020110221,8.431341142146454
16126.0,29,2.772588722239781,9.592045432520008
16127.0,39,1.0986122886681098,6.6874950668474575
16128.0,18,2.70805020110221,8.22935110616309
16129.0,407,1.3862943611198906,7.242118149597153
16130.0,422,1.6094379124341003,6.896168409730217
16131.0,52,2.772588722239781,9.196978498423189
16132.0,544,1.0986122886681098,6.500087747318773
16133.0,4,4.3694478524670215,10.009192608833011
16134.0,22,2.0794415416798357,7.6596382397963785
16135.0,263,1.0986122886681098,6.709852970221159
16136.0,60,1.791759469228055,6.826631987688356
16137.0,680,0.6931471805599453,6.049025657632513
16138.0,368,1.6094379124341003,6.797326385212749
16139.0,19,1.791759469228055,7.014050357799739
16140.0,53,1.791759469228055,7.337711353335155
16141.0,88,1.0986122886681098,6.863740693562717
16142.0,250,0.6931471805599453,6.284768288327816
16143.0,3,2.833213344056216,8.490413803022975
16144.0,247,0.6931471805599453,5.171619713502079
16145.0,9,3.4011973816621555,8.809056510261241
16146.0,157,1.6094379124341003,6.8537002798593925
16147.0,134,2.0794415416798357,7.769809441914175
16148.0,296,1.6094379124341003,5.917198870211829
16149.0,5,1.3862943611198906,6.047892138406625
16150.0,39,3.044522437723423,8.332233758484236
16152.0,269,0.6931471805599453,7.512093103520083
16153.0,50,2.6390573296152584,8.524865682436161
16155.0,382,1.9459101490553132,6.6619186771202505
16156.0,9,3.295836866004329,8.688553222938898
16157.0,16,1.6094379124341003,6.469622340609587
16158.0,522,2.3978952727983707,6.417255021677392
16159.0,282,1.791759469228055,7.115817679268242
16160.0,64,1.6094379124341003,6.918151055164257
16161.0,2,4.060443010546419,9.429472689036286
16162.0,252,0.6931471805599453,3.648057459593681
16163.0,225,2.70805020110221,7.725166669164798
16164.0,17,1.6094379124341003,6.6890145211327185
16165.0,505,0.6931471805599453,4.393213824064446
16166.0,428,1.6094379124341003,5.794475953270624
16167.0,414,1.9459101490553132,7.048273457078099
16168.0,11,4.30406509320417,9.262940412199375
16169.0,8,1.6094379124341003,7.5087707231305965
16170.0,51,3.258096538021482,8.826832920361008
16171.0,59,0.6931471805599453,4.3067641501733345
16172.0,95,2.1972245773362196,7.5419748345117545
16173.0,16,2.0794415416798357,7.249620092347333
16174.0,126,2.0794415416798357,7.717684994864882
16175.0,94,2.0794415416798357,7.516128577492644
16176.0,421,2.0794415416798357,7.583267880330273
16177.0,50,2.5649493574615367,7.6697799910443
16178.0,138,1.0986122886681098,6.419343250053046
16179.0,61,0.6931471805599453,5.379113636376126
16180.0,100,2.833213344056216,9.69099148999412
16181.0,73,0.6931471805599453,5.725348252570762
16182.0,72,2.302585092994046,9.207601625030192
16183.0,67,1.6094379124341003,6.983613860781381
16184.0,64,2.0794415416798357,7.053188068189672
16185.0,17,1.3862943611198906,6.470365973289328
16186.0,23,3.4339872044851463,9.103301782473002
16187.0,32,2.8903717578961645,8.83087044238508
16188.0,45,1.9459101490553132,6.983521161756509
16189.0,16,1.0986122886681098,5.3774981644224775
16190.0,40,2.1972245773362196,7.910058555845948
16191.0,3,3.713572066704308,9.62662144277081
16192.0,736,0.6931471805599453,5.864483085347192
16193.0,237,1.0986122886681098,6.44798708845731
16194.0,375,0.6931471805599453,5.735281141715572
16195.0,723,0.6931471805599453,5.781514823196553
16196.0,489,0.6931471805599453,4.546481189639412
16197.0,469,2.302585092994046,7.609718483946528
16198.0,75,1.0986122886681098,6.93832425044256
16199.0,392,2.0794415416798357,6.8498613005632345
16200.0,4,2.6390573296152584,8.636033445797686
16201.0,3,1.9459101490553132,7.635868943975534
16202.0,361,2.4849066497880004,7.811179592349369
16203.0,59,2.0794415416798357,7.013726608055461
16204.0,23,1.6094379124341003,6.8461351618245985
16205.0,31,2.0794415416798357,7.512950640475396
16206.0,55,2.70805020110221,7.8626396043342055
16207.0,25,0.6931471805599453,5.979847327767791
16208.0,45,2.3978952727983707,8.14364817318428
16209.0,89,2.302585092994046,8.330328530334388
16210.0,2,3.6375861597263857,10.553337281324842
16211.0,81,1.6094379124341003,6.9914896257019015
16212.0,19,1.791759469228055,7.158949700062467
16213.0,79,0.6931471805599453,5.075173815233827
16214.0,171,1.6094379124341003,7.62033737218069
16215.0,81,0.6931471805599453,5.494500736279464
16216.0,267,0.6931471805599453,6.81993994254006
16217.0,235,1.6094379124341003,5.562180507139264
16218.0,30,2.995732273553991,8.37668897362283
16219.0,501,0.6931471805599453,3.7328963395307104
16221.0,37,2.3978952727983707,7.709761348749042
16222.0,318,1.0986122886681098,7.205055944099741
16223.0,375,1.0986122886681098,7.00610628532909
16224.0,57,1.791759469228055,7.388661755590151
16225.0,45,2.9444389791664403,7.945523546767597
16226.0,203,1.791759469228055,6.511997898043821
16227.0,219,1.9459101490553132,6.85627249295797
16228.0,374,1.6094379124341003,6.788025349357009
16229.0,87,2.0794415416798357,7.950276818947099
16230.0,190,1.0986122886681098,6.297164567026571
16231.0,379,1.6094379124341003,6.983993836967935
16232.0,33,2.3978952727983707,7.898418519445737
16233.0,71,2.5649493574615367,7.5064324267154285
16234.0,474,1.6094379124341003,5.748692103404809
16235.0,41,2.4849066497880004,7.596698635843994
16236.0,78,0.6931471805599453,6.071199515126835
16237.0,437,0.6931471805599453,4.9247142315886165
16238.0,423,0.6931471805599453,4.169142772297287
16239.0,57,2.0794415416798357,7.280628322489642
16240.0,8,1.791759469228055,8.214684411221233
16241.0,10,2.833213344056216,8.373394411967329
16242.0,8,2.9444389791664403,8.913859705168052
16243.0,34,1.0986122886681098,6.016401032398013
16244.0,212,1.0986122886681098,7.855691953891729
16245.0,24,1.791759469228055,7.210345668167037
16246.0,460,1.0986122886681098,6.719315041180005
16247.0,170,0.6931471805599453,4.749789875598035
16248.0,62,0.6931471805599453,5.036562916106171
16249.0,53,1.791759469228055,7.496136211716589
16250.0,261,1.3862943611198906,6.675041074727977
16251.0,512,0.6931471805599453,4.86221262230776
16253.0,32,2.302585092994046,8.89259901206102
16254.0,378,1.3862943611198906,6.893798332352932
16255.0,17,2.995732273553991,8.483717066475148
16256.0,258,1.6094379124341003,7.384343432589184
16257.0,177,0.6931471805599453,3.8701588013294472
16258.0,45,2.833213344056216,9.378775963457667
16259.0,410,1.3862943611198906,5.894237531346878
16260.0,51,0.6931471805599453,6.9435566914455205
16261.0,17,1.9459101490553132,6.966448625321355
16262.0,361,1.3862943611198906,6.52029706916643
16263.0,423,0.6931471805599453,5.863659584285475
16264.0,438,1.0986122886681098,6.731650358798553
16265.0,9,2.772588722239781,8.838496676308369
16266.0,74,2.70805020110221,7.472472319091938
16267.0,591,0.6931471805599453,5.2346318148619035
16268.0,71,1.0986122886681098,6.5052607543188055
16269.0,428,1.0986122886681098,6.573107377249611
16270.0,353,0.6931471805599453,7.040746525754151
16271.0,3,2.4849066497880004,8.14846590895333
16272.0,117,0.6931471805599453,6.022720936758536
16273.0,648,1.0986122886681098,5.820201617670761
16274.0,373,0.6931471805599453,6.5749363608588265
16275.0,197,1.3862943611198906,7.674204035216971
16276.0,177,1.3862943611198906,7.8748874031514715
16277.0,734,0.6931471805599453,5.245391160738632
16278.0,23,2.0794415416798357,6.963748013682069
16279.0,21,2.3978952727983707,8.647024246227467
16280.0,725,0.6931471805599453,5.476672735072112
16281.0,72,1.6094379124341003,8.136670420812143
16282.0,340,1.3862943611198906,7.176697858809751
16283.0,6,2.5649493574615367,8.369242915957711
16284.0,31,1.3862943611198906,6.938061374745844
16285.0,646,0.6931471805599453,5.18122159467179
16286.0,477,1.6094379124341003,5.578408198303997
16287.0,170,1.791759469228055,6.915703607164632
16288.0,470,0.6931471805599453,4.874051628976154
16289.0,462,1.0986122886681098,4.603268378698495
16290.0,465,1.6094379124341003,7.635448803294666
16291.0,682,0.6931471805599453,4.77676777941907
16292.0,117,2.302585092994046,7.0668593845999075
16293.0,9,2.995732273553991,8.441003053058191
16294.0,477,0.6931471805599453,4.8445807097661735
16295.0,10,1.6094379124341003,7.192595818099261
16296.0,626,1.9459101490553132,7.128471887652072
16297.0,213,1.6094379124341003,5.621849091893515
16298.0,23,2.302585092994046,6.985641817639208
16299.0,473,1.0986122886681098,5.191010513559528
16300.0,430,1.3862943611198906,7.239523612434581
16301.0,737,0.6931471805599453,4.6851821239574765
16302.0,108,1.0986122886681098,5.365134539585354
16303.0,26,2.302585092994046,8.965043232020532
16304.0,695,0.6931471805599453,5.9471468664568565
16305.0,139,0.6931471805599453,5.8922517620363895
16306.0,214,2.3978952727983707,7.0594629771582555
16307.0,429,1.3862943611198906,7.0866710426412585
16308.0,38,2.0794415416798357,8.54110501146255
16309.0,92,1.3862943611198906,6.5333090717011375
16310.0,414,1.0986122886681098,6.133571563732811
16311.0,18,1.0986122886681098,6.425290328985104
16312.0,432,0.6931471805599453,5.148366189784533
16313.0,3,1.0986122886681098,5.617316403505768
16314.0,390,1.3862943611198906,7.308140841347003
16315.0,331,1.0986122886681098,6.00069679842156
16316.0,64,2.995732273553991,8.618722176125265
16317.0,120,1.9459101490553132,7.68742871888117
16318.0,35,0.6931471805599453,5.796513573913886
16319.0,218,0.6931471805599453,6.004874234017899
16320.0,172,2.1972245773362196,8.39612100242077
16321.0,72,2.3978952727983707,5.585374243605899
16322.0,1,1.0986122886681098,5.792251122643809
16323.0,196,1.0986122886681098,5.871159584064333
16324.0,128,1.3862943611198906,6.0630407455972035
16325.0,44,2.8903717578961645,8.150421734511681
16326.0,6,3.295836866004329,8.45701634433373
16327.0,14,3.044522437723423,9.278608180668623
16328.0,563,0.6931471805599453,5.742458167518031
16329.0,428,1.6094379124341003,7.440774786357715
16330.0,18,2.1972245773362196,6.438759142045541
16331.0,432,1.9459101490553132,7.620067628803093
16332.0,28,2.6390573296152584,7.596377236145552
16333.0,8,3.1354942159291497,10.189711061801596
16334.0,492,0.6931471805599453,5.629346243503184
16335.0,552,2.1972245773362196,7.91862865334224
16336.0,421,1.6094379124341003,8.165844040232853
16337.0,37,0.6931471805599453,5.024209414123374
16338.0,157,0.6931471805599453,5.374352052824034
16339.0,284,0.6931471805599453,4.709079649378603
16340.0,107,1.3862943611198906,7.331099597177538
16341.0,25,2.3978952727983707,8.25147872127151
16342.0,75,1.6094379124341003,5.778920868124441
16343.0,16,1.3862943611198906,6.533890576943802
16344.0,158,1.6094379124341003,6.73746505457173
16345.0,44,1.0986122886681098,7.0898601456338115
16346.0,385,0.6931471805599453,5.418364503857487
16347.0,11,2.6390573296152584,8.155652141450021
16348.0,32,2.1972245773362196,7.495108516634901
16349.0,291,0.6931471805599453,3.9982007016691985
16350.0,21,2.5649493574615367,7.699611402456529
16351.0,333,2.9444389791664403,8.09563833473912
16352.0,18,1.0986122886681098,6.205446256629806
16353.0,4,3.7376696182833684,9.209032517106726
16354.0,63,1.791759469228055,7.030424137322423
16355.0,374,1.0986122886681098,5.8585044198517515
16356.0,198,2.0794415416798357,6.029290056647962
16357.0,33,1.6094379124341003,6.767768811403081
16358.0,1,1.9459101490553132,7.978687998543505
16359.0,7,3.044522437723423,7.775023819770697
16360.0,5,2.1972245773362196,8.13525611559895
16361.0,10,1.6094379124341003,6.799791377454196
16362.0,32,2.4849066497880004,6.736658488128611
16363.0,53,0.6931471805599453,4.703747749349086
16364.0,12,1.0986122886681098,6.562500589272956
16365.0,18,2.833213344056216,8.101010858466868
16366.0,19,1.6094379124341003,7.3454487620083295
16367.0,37,1.3862943611198906,7.217736858928685
16368.0,2,1.3862943611198906,6.463357016371739
16369.0,18,2.0794415416798357,7.888263230382028
16370.0,82,1.6094379124341003,7.186568135964853
16371.0,449,0.6931471805599453,5.063860055333554
16372.0,33,1.9459101490553132,7.169819498440626
16373.0,382,1.0986122886681098,5.738151694735743
16374.0,66,1.791759469228055,7.480118049263697
16375.0,470,1.0986122886681098,4.653960350157523
16376.0,9,1.3862943611198906,6.886041226075383
16377.0,267,1.0986122886681098,7.17738539082617
16378.0,247,1.3862943611198906,5.897016495564267
16379.0,4,1.791759469228055,7.665237835046977
16380.0,61,0.6931471805599453,7.485261502995209
16381.0,396,1.0986122886681098,5.5595271186687025
16382.0,408,1.0986122886681098,5.869579359117858
16383.0,75,2.302585092994046,7.976540462752097
16384.0,90,1.6094379124341003,7.215203213348377
16385.0,60,1.791759469228055,6.938875967639927
16386.0,29,1.3862943611198906,7.006323781048
16387.0,323,1.791759469228055,6.82388441994499
16388.0,654,0.6931471805599453,5.231375960794155
16389.0,53,1.791759469228055,7.217641504521955
16390.0,537,1.3862943611198906,6.149536101678477
16391.0,401,1.6094379124341003,7.007247610476987
16392.0,270,1.3862943611198906,6.638633232051266
16393.0,2,3.4339872044851463,8.604746088424099
16394.0,50,2.302585092994046,7.253512844628017
16395.0,61,2.8903717578961645,8.149009417080302
16396.0,473,1.3862943611198906,4.641502115235482
16397.0,628,0.6931471805599453,4.858881738868719
16398.0,145,1.6094379124341003,7.39765344306513
16399.0,19,1.3862943611198906,6.46586474725612
16400.0,95,2.302585092994046,8.058466537394228
16401.0,1,3.6888794541139363,8.799358574883145
16402.0,265,1.0986122886681098,6.239105570022579
16403.0,302,1.0986122886681098,5.087904929587556
16404.0,70,1.0986122886681098,6.066803903653797
16405.0,302,1.0986122886681098,5.125450968524837
16406.0,19,1.6094379124341003,6.282229363019668
16407.0,13,2.70805020110221,7.945431438987258
16408.0,591,0.6931471805599453,5.450737979243263
16409.0,36,2.5649493574615367,8.64998130787946
16410.0,734,0.6931471805599453,4.877637092633392
16411.0,19,1.6094379124341003,6.814751437533682
16412.0,54,1.791759469228055,6.474245571648193
16413.0,57,1.0986122886681098,6.272839269985096
16414.0,22,1.791759469228055,6.329203837819883
16415.0,44,1.3862943611198906,6.579862136468857
16416.0,27,2.3978952727983707,7.9893807721759424
16417.0,493,0.6931471805599453,3.6027767550605247
16418.0,45,1.791759469228055,7.005734620675105
16419.0,113,2.302585092994046,7.296867402927529
16420.0,396,0.6931471805599453,4.330733340286331
16421.0,376,1.3862943611198906,6.26771275130897
16422.0,17,4.990432586778736,11.020455998029625
16423.0,25,0.6931471805599453,5.849670541490095
16424.0,191,1.3862943611198906,5.97396227197184
16425.0,302,0.6931471805599453,5.716040372051703
16426.0,2,2.3978952727983707,7.554465773768493
16427.0,263,1.0986122886681098,5.489185629310458
16428.0,81,1.6094379124341003,6.489706325363155
16429.0,106,0.6931471805599453,5.654417145110872
16430.0,57,2.0794415416798357,7.02013708757141
16431.0,213,1.3862943611198906,6.467403651518229
16432.0,64,0.6931471805599453,5.664348405410794
16433.0,28,1.0986122886681098,5.954593072332077
16434.0,29,2.6390573296152584,7.911338681612453
16435.0,512,1.3862943611198906,6.920246932393394
16436.0,668,1.6094379124341003,5.493226038847463
16437.0,381,1.0986122886681098,5.711254489494902
16438.0,6,1.791759469228055,6.683798897410901
16439.0,722,0.6931471805599453,5.7420411867732915
16440.0,8,1.9459101490553132,8.257896417385673
16441.0,67,1.9459101490553132,6.9319404457704925
16442.0,2,1.791759469228055,6.802916849235962
16443.0,521,0.6931471805599453,5.095221510537605
16444.0,46,3.044522437723423,8.184061768058712
16445.0,34,1.6094379124341003,6.403127078124099
16447.0,136,1.3862943611198906,6.654332916281998
16448.0,198,1.0986122886681098,5.910444278444026
16449.0,191,1.3862943611198906,6.515734390981397
16450.0,150,1.6094379124341003,7.297585462841867
16451.0,88,1.6094379124341003,6.918101571036281
16452.0,631,1.0986122886681098,5.808652870224797
16453.0,531,1.0986122886681098,5.532242586226923
16454.0,45,2.1972245773362196,1.0647107369924285
16455.0,64,2.6390573296152584,8.368164040806516
16456.0,99,2.70805020110221,8.730110229742504
16457.0,218,0.6931471805599453,5.34405525822189
16458.0,3,3.4339872044851463,8.651084019436118
16459.0,730,0.6931471805599453,4.287578583130166
16460.0,28,1.3862943611198906,6.704071158824147
16461.0,178,1.3862943611198906,7.387845368428882
16462.0,64,1.6094379124341003,4.634728988229636
16463.0,21,2.0794415416798357,7.233238788660668
16464.0,20,1.3862943611198906,7.182108921222586
16465.0,414,1.3862943611198906,6.589394043585742
16466.0,34,2.833213344056216,8.220023587669717
16467.0,509,2.1972245773362196,7.959765008926227
16468.0,74,1.3862943611198906,6.670157770697776
16469.0,24,1.791759469228055,6.721317261176341
16470.0,52,2.5649493574615367,7.80573946387365
16471.0,275,1.9459101490553132,7.079336025910028
16472.0,434,1.0986122886681098,6.672792150862585
16473.0,165,1.791759469228055,6.15396597645263
16474.0,7,2.4849066497880004,7.502445834867711
16475.0,88,1.6094379124341003,6.301336101932016
16476.0,417,1.3862943611198906,5.823045895483019
16477.0,64,2.4849066497880004,8.371246764479425
16478.0,25,1.3862943611198906,5.805134968916488
16479.0,10,1.0986122886681098,5.709863944972069
16480.0,76,0.6931471805599453,6.646767067319571
16481.0,660,1.3862943611198906,6.061992905797519
16482.0,16,0.6931471805599453,5.400964203508179
16483.0,192,0.6931471805599453,4.9441393028078915
16484.0,174,1.3862943611198906,5.941223330671235
16485.0,77,2.0794415416798357,7.667944095272772
16486.0,538,0.6931471805599453,4.907937895857914
16487.0,577,1.0986122886681098,5.349010480863555
16488.0,33,1.6094379124341003,6.200914771290189
16489.0,380,1.0986122886681098,5.719327685991663
16490.0,430,1.0986122886681098,5.193845344951326
16491.0,47,1.3862943611198906,7.329952947071724
16492.0,541,0.6931471805599453,5.957287095306396
16493.0,73,2.302585092994046,7.65497389132981
16494.0,297,0.6931471805599453,6.7184453603705006
16495.0,3,1.3862943611198906,6.530017199354501
16496.0,9,2.0794415416798357,7.73825715900546
16497.0,50,3.1780538303479458,8.809307427304605
16498.0,161,1.3862943611198906,4.467286478624705
16499.0,360,2.6390573296152584,7.821137786067118
16500.0,5,2.3978952727983707,6.729776279622301
16501.0,383,0.6931471805599453,7.121438219510729
16502.0,620,1.0986122886681098,5.589119566336061
16503.0,107,2.6390573296152584,8.188380743566373
16504.0,25,0.6931471805599453,6.18493208931219
16505.0,32,0.6931471805599453,6.657497435176356
16506.0,20,1.0986122886681098,4.514150787600923
16507.0,572,0.6931471805599453,5.035392945221982
16508.0,630,0.6931471805599453,5.520660597691477
16509.0,297,0.6931471805599453,5.8990750978146345
16510.0,372,1.9459101490553132,7.650168700845001
16511.0,22,1.9459101490553132,7.506602769021451
16513.0,5,1.6094379124341003,6.774897944843427
16515.0,52,2.3978952727983707,8.076297777476105
16516.0,30,0.6931471805599453,4.631812116934513
16517.0,277,0.6931471805599453,5.098035484377089
16518.0,61,1.9459101490553132,6.84510297781268
16519.0,25,1.6094379124341003,6.3230319173719
16520.0,186,2.1972245773362196,7.810725687953292
16521.0,415,1.3862943611198906,7.0466559810310745
16522.0,436,1.0986122886681098,6.0738736833487
16523.0,2,3.6888794541139363,9.372590165260055
16524.0,446,1.0986122886681098,5.733794248724172
16525.0,2,4.007333185232471,10.058426778521985
16526.0,172,1.0986122886681098,6.576762005393183
16527.0,81,1.0986122886681098,7.1494771790575395
16528.0,4,0.6931471805599453,5.502930281242811
16529.0,190,1.6094379124341003,7.607381425639791
16530.0,668,0.6931471805599453,3.8989377658794906
16531.0,22,2.5649493574615367,7.725144590259204
16532.0,18,1.791759469228055,9.07768174124132
16533.0,19,1.791759469228055,6.935312078553008
16534.0,642,0.6931471805599453,6.45661265737732
16535.0,5,1.3862943611198906,6.910341930712237
16536.0,107,1.0986122886681098,6.291606175909503
16537.0,641,0.6931471805599453,3.192531849528599
16538.0,541,1.3862943611198906,5.993013347097833
16539.0,3,2.3978952727983707,8.224970157721604
16540.0,414,0.6931471805599453,5.4280289730696945
16541.0,735,1.0986122886681098,6.042110131776874
16542.0,54,1.0986122886681098,5.55419912645002
16543.0,583,1.0986122886681098,5.630530546248866
16544.0,520,1.9459101490553132,4.712229258281499
16545.0,165,1.0986122886681098,6.537879297793204
16546.0,291,2.0794415416798357,8.252800471022377
16547.0,546,0.6931471805599453,4.724818148253987
16548.0,599,0.6931471805599453,3.4388142452334622
16549.0,10,3.6375861597263857,9.484985835915644
16550.0,109,3.4011973816621555,9.123727461042954
16551.0,96,2.0794415416798357,7.713391506737356
16552.0,243,1.0986122886681098,6.165459870155462
16553.0,163,3.6109179126442243,9.714556400412837
16554.0,3,2.9444389791664403,7.7866224019434345
16555.0,35,2.3978952727983707,5.659098867029561
16556.0,67,3.2188758248682006,8.937380067230055
16557.0,24,1.0986122886681098,5.644916721789165
16558.0,1,3.871201010907891,9.526606985823731
16559.0,397,0.6931471805599453,5.226821364842967
16560.0,21,2.3978952727983707,8.010269943467488
16561.0,6,1.0986122886681098,6.238558972577978
16562.0,477,0.6931471805599453,5.415477986321614
16563.0,54,2.0794415416798357,8.392436899020652
16564.0,569,0.6931471805599453,4.486386649998124
16565.0,364,1.791759469228055,6.553149621164781
16566.0,15,1.9459101490553132,6.421638527836924
16567.0,194,1.0986122886681098,6.764577509305809
16568.0,428,1.0986122886681098,6.929418918618163
16569.0,3,1.791759469228055,7.28360618331412
16570.0,9,3.4657359027997265,8.830955206354014
16571.0,3,2.8903717578961645,8.300541025397333
16572.0,127,1.6094379124341003,6.90845503409641
16573.0,74,1.6094379124341003,6.476064258379874
16574.0,71,1.3862943611198906,7.172255721733736
16576.0,410,1.791759469228055,6.24255395007259
16577.0,667,0.6931471805599453,5.942799375126701
16578.0,626,0.6931471805599453,5.060060177423779
16579.0,365,1.0986122886681098,5.458947012473004
16581.0,155,1.0986122886681098,4.268857936568244
16582.0,113,0.6931471805599453,5.751365561394358
16583.0,374,1.0986122886681098,6.277395086520957
16584.0,80,2.0794415416798357,8.034783322039427
16585.0,594,1.0986122886681098,5.8365343969059404
16586.0,249,1.3862943611198906,7.288777410005061
16587.0,232,0.6931471805599453,5.421198495923853
16588.0,386,1.6094379124341003,7.216915045610148
16589.0,71,1.6094379124341003,6.418952039250639
16590.0,381,1.3862943611198906,6.336117515819389
16591.0,69,0.6931471805599453,5.368309738368072
16592.0,4,3.5553480614894135,8.939247927524812
16593.0,51,2.302585092994046,6.958676504160523
16594.0,75,0.6931471805599453,5.204501070343752
16595.0,61,1.791759469228055,7.501733845545069
16596.0,16,1.6094379124341003,6.364113720941144
16597.0,4,0.6931471805599453,4.511298970378021
16598.0,277,1.0986122886681098,4.953712146696635
16599.0,386,0.6931471805599453,5.157905212831292
16600.0,4,2.833213344056216,7.647098786431789
16601.0,41,1.3862943611198906,6.529783735182895
16602.0,31,1.791759469228055,6.568962351640059
16603.0,75,1.0986122886681098,6.180989265398516
16604.0,548,1.3862943611198906,5.7907244047900095
16605.0,724,0.6931471805599453,4.118711918670395
16606.0,404,1.0986122886681098,5.882374864520278
16607.0,18,3.4011973816621555,8.589733363785328
16608.0,454,1.0986122886681098,7.162180419532466
16609.0,15,2.302585092994046,8.603730456032356
16610.0,219,0.6931471805599453,4.339380059952409
16611.0,186,2.0794415416798357,7.483036295430625
16612.0,33,2.3978952727983707,8.084710369764215
16613.0,70,0.6931471805599453,6.429057968967668
16614.0,183,1.3862943611198906,7.073938984975659
16615.0,569,1.0986122886681098,5.581614840681993
16616.0,15,1.0986122886681098,6.2174440732414
16617.0,236,0.6931471805599453,5.029457048336844
16618.0,31,1.9459101490553132,7.875362504974727
16619.0,254,1.791759469228055,7.5587931784906015
16620.0,4,1.9459101490553132,7.473029314513969
16621.0,52,1.6094379124341003,6.70254987279894
16622.0,542,1.0986122886681098,5.330784556685538
16623.0,246,1.791759469228055,6.911239203064668
16624.0,81,1.0986122886681098,6.6989706432467875
16625.0,275,1.9459101490553132,7.409790379058537
16626.0,1,3.044522437723423,8.384952394186515
16627.0,79,0.6931471805599453,5.780126041243535
16628.0,30,2.1972245773362196,7.746771800687861
16629.0,74,1.0986122886681098,6.037226320804645
16630.0,407,1.0986122886681098,4.6568134191399295
16631.0,482,2.1972245773362196,7.532634325369588
16632.0,486,1.0986122886681098,6.009795503792706
16633.0,17,2.0794415416798357,7.965250390679049
16634.0,223,2.3978952727983707,7.218250149499075
16635.0,407,0.6931471805599453,6.161207321695077
16636.0,438,1.6094379124341003,8.243556025885042
16637.0,32,1.791759469228055,7.0260626216100395
16638.0,23,2.833213344056216,7.794526567840164
16639.0,25,1.791759469228055,7.415084798491419
16640.0,398,0.6931471805599453,5.1951766076285235
16641.0,106,1.0986122886681098,6.319868609079685
16642.0,5,1.791759469228055,6.958885560083744
16643.0,246,1.3862943611198906,6.82062753158537
16644.0,178,1.0986122886681098,6.72716821708184
16645.0,736,0.6931471805599453,5.083823796047731
16646.0,444,1.0986122886681098,6.516267037804767
16647.0,170,1.6094379124341003,6.296925140911405
16648.0,39,1.6094379124341003,6.483107351457199
16649.0,520,0.6931471805599453,5.728735216011778
16650.0,72,2.0794415416798357,7.558574122724386
16651.0,587,0.6931471805599453,4.921439715291784
16652.0,54,3.2188758248682006,9.759260883083645
16653.0,16,1.3862943611198906,7.0629796678917245
16654.0,141,2.302585092994046,7.44200637138718
16655.0,18,2.70805020110221,8.781750434163554
16656.0,22,3.8066624897703196,9.699455213074932
16657.0,10,1.6094379124341003,6.8401400295665695
16658.0,368,2.302585092994046,6.547817876149934
16659.0,189,0.6931471805599453,3.691874963093735
16660.0,16,2.1972245773362196,7.260768527087877
16661.0,540,1.791759469228055,6.737180458340709
16662.0,394,0.6931471805599453,5.1047326174753715
16663.0,729,0.6931471805599453,5.111987788356544
16664.0,569,0.6931471805599453,4.702296896718814
16665.0,362,0.6931471805599453,4.915591745409362
16666.0,19,1.0986122886681098,5.424685665362843
16667.0,68,1.0986122886681098,6.347616854496022
16668.0,15,2.6390573296152584,6.760901247087513
16669.0,24,1.791759469228055,5.4255665674635
16670.0,17,3.5263605246161616,8.960295708631037
16671.0,28,1.3862943611198906,7.434416849630159
16672.0,2,3.1780538303479458,8.998951216280568
16673.0,679,0.6931471805599453,5.24612893480245
16674.0,55,1.0986122886681098,5.770225431204915
16675.0,442,1.0986122886681098,6.413229422629599
16676.0,34,2.0794415416798357,7.7534089312568515
16677.0,393,1.3862943611198906,6.746141821773512
16678.0,3,2.8903717578961645,8.011298722828654
16679.0,366,1.3862943611198906,6.677159025142743
16680.0,43,1.3862943611198906,6.712287690518167
16681.0,73,2.0794415416798357,7.561558538799058
16682.0,5,1.791759469228055,6.9363427358340495
16683.0,529,1.0986122886681098,5.7377006928596614
16684.0,4,4.189654742026425,11.860077963999544
16685.0,61,1.0986122886681098,5.784563371339637
16686.0,47,2.9444389791664403,8.527652303709264
16687.0,391,0.6931471805599453,5.066574446420364
16688.0,1,1.6094379124341003,7.1403421019236415
16689.0,76,1.3862943611198906,5.717882599034983
16690.0,44,1.791759469228055,5.820320290904153
16691.0,418,1.0986122886681098,5.192011960177106
16692.0,256,1.6094379124341003,7.557838370071055
16693.0,69,1.791759469228055,7.090460095655974
16694.0,723,0.6931471805599453,4.598145571051127
16695.0,562,1.0986122886681098,5.268631056177676
16696.0,135,1.6094379124341003,6.490571777919774
16697.0,241,0.6931471805599453,4.7340030578310595
16698.0,227,1.0986122886681098,7.6004023345004
16699.0,380,2.1972245773362196,6.8730603091852505
16700.0,9,3.4657359027997265,9.114386585101254
16701.0,9,3.5553480614894135,9.17114101859478
16702.0,415,1.791759469228055,7.004773090861635
16704.0,618,1.0986122886681098,6.54629748686697
16705.0,1,4.127134385045092,10.660879640820944
16706.0,37,1.3862943611198906,6.277301167760616
16707.0,400,1.6094379124341003,6.313747301786717
16708.0,46,0.6931471805599453,6.488642463139346
16709.0,85,2.70805020110221,9.114760755877159
16710.0,19,3.1780538303479458,8.754214401032415
16711.0,3,2.3978952727983707,7.9202576024487295
16712.0,9,2.6390573296152584,8.358898269401092
16713.0,19,3.7376696182833684,9.57370071872595
16714.0,219,2.0794415416798357,7.135456428648802
16715.0,78,1.0986122886681098,6.440180697210462
16716.0,267,1.6094379124341003,7.358372194427683
16717.0,9,3.044522437723423,8.750043083424398
16718.0,369,1.791759469228055,8.202079625729086
16719.0,15,2.8903717578961645,8.250502581799209
16720.0,26,1.6094379124341003,6.387602963193185
16721.0,262,0.6931471805599453,5.681775419393111
16722.0,17,3.295836866004329,9.101510511762877
16723.0,91,1.6094379124341003,7.17214057670845
16724.0,405,0.6931471805599453,4.999574346736831
16725.0,302,2.833213344056216,7.534607730507128
16726.0,26,2.0794415416798357,7.644637008454939
16727.0,364,1.6094379124341003,7.271300567958845
16728.0,46,1.6094379124341003,6.9619309154279065
16729.0,36,3.295836866004329,8.86464493208046
16730.0,52,1.6094379124341003,6.556480016204558
16731.0,648,0.6931471805599453,5.165071647400675
16732.0,32,2.302585092994046,8.285964543617174
16733.0,530,0.6931471805599453,5.56329360146418
16734.0,52,1.3862943611198906,6.47929274564127
16735.0,79,3.1354942159291497,8.636399214146111
16736.0,506,2.1972245773362196,7.974364213257646
16737.0,53,1.0986122886681098,6.728867818922465
16738.0,298,0.6931471805599453,1.55814461804655
16739.0,172,1.6094379124341003,6.650576546374551
16740.0,395,0.6931471805599453,5.471472035517174
16741.0,625,0.6931471805599453,5.159400067361368
16742.0,47,2.772588722239781,7.778508750254678
16743.0,29,2.772588722239781,8.344745130840577
16744.0,11,2.0794415416798357,7.174540525720933
16745.0,87,2.9444389791664403,8.877898004513845
16746.0,5,3.8501476017100584,9.799950373589162
16747.0,25,1.6094379124341003,6.71896484403959
16748.0,18,2.772588722239781,8.197893852872498
16749.0,591,1.0986122886681098,8.386647052769494
16750.0,45,1.791759469228055,6.437639643463933
16751.0,31,0.6931471805599453,7.476313818197086
16752.0,373,0.6931471805599453,6.030685260261263
16753.0,58,0.6931471805599453,5.415744783424001
16754.0,372,3.58351893845611,10.943085235116632
16755.0,114,2.3978952727983707,7.966597103411526
16756.0,215,2.302585092994046,7.161171940466025
16757.0,319,1.0986122886681098,5.603888471835558
16758.0,65,0.6931471805599453,5.91442150260967
16759.0,8,1.6094379124341003,6.651365133874291
16760.0,430,0.6931471805599453,5.43372200355424
16761.0,97,0.6931471805599453,5.760855699682501
16762.0,20,1.3862943611198906,7.314805796331314
16763.0,185,1.3862943611198906,6.85514532870984
16764.0,4,2.9444389791664403,7.922714182652993
16765.0,294,1.0986122886681098,6.121944413558772
16766.0,273,1.0986122886681098,7.044556320474283
16767.0,31,2.833213344056216,8.98379102752714
16768.0,48,2.70805020110221,7.407360185295504
16769.0,260,1.6094379124341003,7.041192917211854
16770.0,58,2.4849066497880004,7.550151123531714
16771.0,33,2.3978952727983707,8.286168666651152
16772.0,417,1.791759469228055,7.932577493679491
16773.0,57,1.3862943611198906,6.045573872755014
16774.0,68,2.302585092994046,7.370765763087773
16775.0,10,2.8903717578961645,7.998432837441966
16776.0,60,1.0986122886681098,6.431089506862851
16777.0,80,1.9459101490553132,7.153059459633002
16778.0,74,1.0986122886681098,5.509145392139597
16779.0,2,4.143134726391533,10.403735731854319
16780.0,100,1.3862943611198906,6.407787165216928
16781.0,365,1.3862943611198906,6.804669950898812
16782.0,10,3.9318256327243257,9.244737933951747
16783.0,437,0.6931471805599453,5.973682377312184
16784.0,20,1.791759469228055,6.799646545987636
16785.0,410,0.6931471805599453,6.281855447370681
16786.0,394,0.6931471805599453,3.9672684796541247
16787.0,398,1.6094379124341003,6.943537394621777
16788.0,123,1.791759469228055,7.576251096100953
16789.0,8,0.6931471805599453,4.404277243608702
16790.0,4,2.1972245773362196,7.32720218461072
16791.0,29,2.9444389791664403,8.280741478038289
16792.0,282,1.791759469228055,6.436887276273271
16793.0,57,0.6931471805599453,5.500604935982869
16794.0,1,2.8903717578961645,7.635646822619101
16795.0,365,1.791759469228055,7.810429728607027
16796.0,89,0.6931471805599453,5.725609195882308
16797.0,393,2.302585092994046,7.488724312112468
16798.0,554,1.6094379124341003,6.731686135053856
16799.0,432,1.3862943611198906,6.198539690243128
16800.0,11,0.6931471805599453,7.092149685937022
16801.0,163,1.791759469228055,6.7671474789702515
16802.0,679,1.0986122886681098,6.369232951525817
16803.0,65,0.6931471805599453,5.8090429853136945
16804.0,23,1.3862943611198906,6.287839972628443
16805.0,174,1.791759469228055,7.001464177419488
16806.0,103,1.6094379124341003,6.687719393867341
16807.0,143,2.1972245773362196,7.6333115647400245
16808.0,99,1.0986122886681098,5.667878920309847
16809.0,23,2.3978952727983707,7.453839932633208
16810.0,192,1.6094379124341003,6.6684061233209935
16811.0,5,1.0986122886681098,6.3064030160165885
16812.0,361,1.791759469228055,7.704270992519116
16813.0,8,2.3978952727983707,7.434836068766861
16814.0,14,3.6375861597263857,9.432860529020555
16815.0,454,1.0986122886681098,6.020950531164366
16816.0,103,1.6094379124341003,6.035624962893636
16817.0,3,2.9444389791664403,7.8615537191926945
16818.0,11,2.6390573296152584,8.107409772811994
16819.0,465,1.0986122886681098,5.212705010472114
16820.0,96,0.6931471805599453,6.211824227045576
16821.0,382,0.6931471805599453,4.73926392046879
16822.0,664,1.3862943611198906,4.982510130370407
16823.0,227,2.1972245773362196,7.720523804472106
16824.0,16,1.3862943611198906,6.532683576193766
16825.0,39,1.791759469228055,7.5109175751488
16826.0,51,0.6931471805599453,5.836855428880563
16827.0,393,1.791759469228055,5.974140345974778
16828.0,93,1.0986122886681098,4.863680881139593
16829.0,157,1.0986122886681098,6.2428456398334315
16830.0,39,1.791759469228055,7.077244856960713
16831.0,565,0.6931471805599453,4.530446639792155
16832.0,184,1.791759469228055,6.036939698880882
16833.0,1,1.9459101490553132,7.787398623857337
16834.0,228,1.0986122886681098,6.8023503178921825
16835.0,128,2.3978952727983707,7.294723706674159
16836.0,40,1.6094379124341003,6.663605125885249
16837.0,31,2.5649493574615367,8.061086155682494
16838.0,197,1.9459101490553132,7.02789996818262
16839.0,9,3.9512437185814275,9.950813311654356
16840.0,603,1.3862943611198906,4.849762068508171
16841.0,37,2.70805020110221,8.25378998743795
16842.0,64,1.6094379124341003,7.140009204524301
16843.0,43,3.6635616461296463,9.879695759086335
16844.0,563,1.0986122886681098,6.4221749605721845
16845.0,618,0.6931471805599453,5.540792846161739
16846.0,50,1.3862943611198906,6.737453198012385
16847.0,43,1.0986122886681098,6.423068376159172
16848.0,53,1.6094379124341003,7.2532014151642725
16849.0,187,0.6931471805599453,4.8328633720008725
16850.0,334,0.6931471805599453,5.809372963868082
16851.0,4,1.3862943611198906,5.839041540659891
16852.0,10,1.0986122886681098,4.982989993275931
16854.0,417,1.0986122886681098,7.251316614175486
16855.0,24,1.0986122886681098,5.79727281774354
16856.0,15,1.3862943611198906,5.884686360362535
16857.0,443,0.6931471805599453,5.8687317817256845
16858.0,366,2.833213344056216,8.396748366339489
16859.0,106,2.3978952727983707,7.413813556992224
16860.0,453,1.6094379124341003,7.374422097261177
16861.0,60,1.9459101490553132,6.806132214787772
16862.0,547,1.6094379124341003,6.497272603912174
16863.0,29,1.791759469228055,6.8855812421156015
16864.0,434,1.0986122886681098,6.0167667299702
16865.0,402,0.6931471805599453,4.882423062949333
16866.0,141,1.3862943611198906,5.341089458391906
16867.0,690,0.6931471805599453,4.353369925424078
16868.0,394,1.3862943611198906,5.977340267437464
16869.0,23,1.791759469228055,6.692852677569506
16870.0,469,0.6931471805599453,6.111822043771716
16871.0,22,2.0794415416798357,7.923887725909954
16872.0,77,1.9459101490553132,7.101783049906128
16873.0,5,2.8903717578961645,9.585210868243879
16874.0,379,0.6931471805599453,5.38788380990708
16875.0,64,3.044522437723423,8.307508659786183
16876.0,404,0.6931471805599453,4.920053915865017
16877.0,12,1.9459101490553132,6.750773929921596
16880.0,31,2.1972245773362196,7.518531209583671
16881.0,67,0.6931471805599453,6.07073772800249
16882.0,67,1.3862943611198906,6.559785194721083
16883.0,187,3.044522437723423,7.778060709379157
16884.0,38,1.6094379124341003,6.98000151918791
16885.0,15,1.6094379124341003,6.567712676182383
16887.0,35,1.3862943611198906,6.4948425057388155
16888.0,401,1.3862943611198906,6.08256131750186
16889.0,195,1.9459101490553132,7.8367252880133655
16890.0,477,1.3862943611198906,5.657424350678052
16891.0,2,2.4849066497880004,7.629402449011984
16892.0,1,2.302585092994046,6.599053839306281
16893.0,367,1.0986122886681098,5.998365679421281
16894.0,502,1.791759469228055,7.157236917618614
16895.0,65,1.791759469228055,7.023242347588869
16896.0,555,0.6931471805599453,4.653484046266642
16897.0,299,1.3862943611198906,5.366116192112472
16898.0,26,1.9459101490553132,6.789725963001244
16899.0,8,2.1972245773362196,7.4512532993220875
16900.0,12,1.791759469228055,5.240105456799623
16901.0,729,0.6931471805599453,5.324277468217568
16902.0,116,0.6931471805599453,7.443008114269093
16903.0,29,1.6094379124341003,6.938265085186709
16904.0,4,3.091042453358316,8.543517642565243
16905.0,5,3.044522437723423,8.518292586859538
16906.0,82,2.0794415416798357,7.279180894866777
16907.0,29,2.302585092994046,7.443605167652863
16908.0,722,1.0986122886681098,5.0407764510082425
16909.0,64,1.0986122886681098,5.9002808416853645
16910.0,4,2.1972245773362196,7.320566670286484
16911.0,627,1.3862943611198906,5.5308170127862715
16912.0,23,2.9444389791664403,8.397192699018897
16913.0,290,1.3862943611198906,6.051877381793223
16914.0,36,0.6931471805599453,5.344532790344999
16915.0,9,2.4849066497880004,7.342248304100646
16916.0,24,1.6094379124341003,7.025004839032377
16917.0,277,1.3862943611198906,7.522876051103689
16918.0,50,2.995732273553991,8.05167867102691
16919.0,156,3.367295829986474,8.528095544200207
16920.0,411,0.6931471805599453,5.876193977563638
16921.0,61,1.3862943611198906,6.104056353843788
16922.0,573,0.6931471805599453,6.416862992923597
16923.0,12,3.7376696182833684,9.456761290991546
16924.0,21,1.6094379124341003,6.607325633707854
16925.0,540,0.6931471805599453,4.841427376447684
16926.0,371,1.9459101490553132,7.25233739856673
16927.0,116,1.3862943611198906,6.299041154397021
16928.0,80,3.5263605246161616,8.292693721259413
16929.0,4,2.0794415416798357,7.167338757569021
16930.0,26,1.3862943611198906,5.944241903735643
16931.0,5,3.1780538303479458,8.563049532322315
16932.0,53,1.3862943611198906,6.090653558146974
16933.0,1,2.833213344056216,8.039350920132263
16934.0,55,2.0794415416798357,7.6457515344782525
16935.0,382,1.3862943611198906,6.284320710833492
16936.0,26,1.0986122886681098,6.313855969878249
16937.0,499,0.6931471805599453,5.313698468586339
16938.0,9,2.3978952727983707,8.734065922168952
16939.0,489,1.3862943611198906,6.1092475827643655
16940.0,52,2.4849066497880004,8.739762177699568
16941.0,612,0.6931471805599453,3.5263605246161616
16942.0,13,2.3978952727983707,7.54703216332524
16943.0,212,2.0794415416798357,6.706532208766916
16944.0,610,0.6931471805599453,4.628496011291588
16945.0,22,3.58351893845611,9.051539228820651
16946.0,383,1.9459101490553132,7.090526734556456
16947.0,236,2.3978952727983707,6.799869354941021
16948.0,139,2.0794415416798357,6.768228808881206
16949.0,4,2.0794415416798357,7.0581302684243585
16950.0,57,2.5649493574615367,8.223141542883441
16951.0,123,1.6094379124341003,7.141838770334681
16952.0,109,1.791759469228055,6.684336689848494
16953.0,30,0.6931471805599453,3.0819099697950434
16954.0,1,3.091042453358316,8.70588276263221
16955.0,185,2.302585092994046,7.140579817949199
16956.0,9,1.0986122886681098,5.681332345818609
16957.0,239,1.0986122886681098,6.03461981742191
16958.0,435,0.6931471805599453,6.697577310057951
16959.0,87,0.6931471805599453,4.773646335959993
16960.0,39,2.302585092994046,7.612326950811411
16961.0,116,1.9459101490553132,6.651584793402907
16962.0,410,0.6931471805599453,5.529587805073855
16963.0,187,0.6931471805599453,4.714472920878541
16964.0,733,1.0986122886681098,5.341616290943184
16965.0,227,0.6931471805599453,5.309207849379209
16966.0,8,2.3978952727983707,7.672976579104816
16967.0,189,0.6931471805599453,5.768383493840728
16968.0,4,1.0986122886681098,6.087751522419478
16969.0,39,1.3862943611198906,6.479139244274806
16970.0,626,0.6931471805599453,4.282206299391671
16971.0,3,1.0986122886681098,5.451939335203601
16972.0,383,1.0986122886681098,6.668545859981134
16973.0,386,0.6931471805599453,4.852030263919617
16974.0,523,1.0986122886681098,5.903998521326706
16975.0,414,1.791759469228055,6.806187561563007
16976.0,267,0.6931471805599453,5.5314904534994245
16977.0,395,1.6094379124341003,6.208590026096629
16978.0,78,1.3862943611198906,6.646234658546923
16979.0,4,2.5649493574615367,7.933112052564553
16980.0,255,1.3862943611198906,7.295958928288775
16982.0,61,0.6931471805599453,5.95339916630119
16983.0,13,2.5649493574615367,8.216134043522779
16984.0,78,2.995732273553991,9.268648901956713
16985.0,17,3.295836866004329,9.263573982731845
16986.0,30,2.4849066497880004,8.494896456417628
16987.0,3,2.5649493574615367,7.83399634170946
16988.0,5,1.0986122886681098,5.949782808113339
16989.0,7,1.9459101490553132,7.033726918544073
16990.0,219,1.0986122886681098,5.84354441703136
16991.0,421,0.6931471805599453,6.949098737516397
16992.0,11,2.772588722239781,8.605405513649028
16993.0,463,1.3862943611198906,7.4319807228111445
16996.0,30,2.6390573296152584,7.623231305025145
16997.0,288,1.3862943611198906,6.555356891810665
16998.0,150,2.0794415416798357,5.978936396530711
16999.0,23,1.0986122886681098,6.185838184926078
17000.0,396,1.0986122886681098,6.009550014654367
17001.0,1,2.995732273553991,8.801138290071108
17002.0,73,2.1972245773362196,7.85033734481036
17003.0,402,1.6094379124341003,6.72282231543168
17004.0,46,1.6094379124341003,7.794065039513912
17005.0,471,1.3862943611198906,6.597704890668348
17006.0,5,2.1972245773362196,7.400816037803236
17007.0,51,2.1972245773362196,7.010853236985705
17008.0,429,0.6931471805599453,4.411099882159589
17009.0,551,0.6931471805599453,5.493308326442654
17010.0,17,1.0986122886681098,5.228216738868547
17011.0,30,1.6094379124341003,6.287300783815632
17012.0,725,0.6931471805599453,5.953658832372083
17014.0,8,1.6094379124341003,6.339618288503033
17015.0,29,1.3862943611198906,7.519453763930569
17016.0,577,0.6931471805599453,6.316081067352825
17017.0,3,3.7376696182833684,8.99818745179927
17018.0,41,1.9459101490553132,7.735739249764293
17019.0,11,2.6390573296152584,8.282103569083628
17020.0,542,1.0986122886681098,6.842277650354465
17021.0,442,1.9459101490553132,7.07599481456678
17022.0,31,1.0986122886681098,5.564520407322694
17023.0,417,1.3862943611198906,6.6860856409239275
17024.0,45,1.3862943611198906,4.573163389853005
17025.0,61,1.791759469228055,7.320950433152212
17026.0,185,1.3862943611198906,5.347012288086796
17027.0,79,2.3978952727983707,7.159610672026329
17028.0,581,1.3862943611198906,7.3745224264664655
17029.0,111,2.0794415416798357,7.66776639979559
17030.0,64,0.6931471805599453,4.996333509385396
17031.0,12,1.9459101490553132,7.928351970665508
17032.0,442,2.6390573296152584,7.673716022881489
17033.0,86,1.6094379124341003,7.195779792794182
17034.0,16,2.0794415416798357,7.123124689822292
17035.0,246,1.791759469228055,6.344565612343388
17036.0,383,0.6931471805599453,5.18122159467179
17037.0,78,1.0986122886681098,7.134269144401807
17038.0,30,1.0986122886681098,6.612269503355827
17039.0,604,0.6931471805599453,7.578651738107256
17040.0,138,1.0986122886681098,6.140423200232815
17041.0,27,2.0794415416798357,7.421464740487941
17042.0,3,1.791759469228055,6.952135734662869
17043.0,32,2.1972245773362196,7.869994044759
17044.0,9,2.833213344056216,9.381651536250086
17045.0,113,1.791759469228055,6.7198340733776885
17046.0,157,1.791759469228055,7.5533233117961665
17047.0,85,1.9459101490553132,7.736407528186082
17048.0,115,2.4849066497880004,7.597120316246622
17049.0,3,3.258096538021482,9.168974479570286
17050.0,96,2.5649493574615367,8.38769024512352
17051.0,194,1.6094379124341003,6.572827848533204
17052.0,28,0.6931471805599453,6.027675929070554
17053.0,129,1.0986122886681098,6.2093543214736435
17054.0,28,1.9459101490553132,7.211431264188267
17055.0,446,0.6931471805599453,5.482927968145463
17056.0,738,0.6931471805599453,4.864452783918175
17057.0,596,0.6931471805599453,5.689480689945341
17058.0,82,1.3862943611198906,7.074023670453844
17059.0,30,2.3978952727983707,8.6279883128161
17060.0,266,0.6931471805599453,5.460606269591755
17061.0,74,2.5649493574615367,8.540349013993419
17062.0,314,2.0794415416798357,7.094500370835871
17063.0,9,3.1780538303479458,8.182525725216696
17064.0,59,1.3862943611198906,6.757339283199166
17065.0,143,1.3862943611198906,4.423048609196803
17066.0,726,0.6931471805599453,5.4352056186101585
17067.0,725,1.3862943611198906,6.121483528431717
17068.0,12,3.912023005428146,9.119039444368639
17069.0,28,3.091042453358316,8.651619183767073
17070.0,114,1.0986122886681098,6.101036183537273
17071.0,9,3.044522437723423,8.226693820770839
17072.0,625,0.6931471805599453,5.645623560482669
17073.0,18,1.6094379124341003,7.277309922347601
17074.0,563,0.6931471805599453,5.318365061851814
17075.0,18,2.4849066497880004,7.706333972679528
17076.0,36,1.9459101490553132,7.1258862884728025
17077.0,578,0.6931471805599453,5.726847747587197
17078.0,36,1.0986122886681098,5.938063770380866
17079.0,78,0.6931471805599453,4.785823685681349
17080.0,22,2.1972245773362196,6.863186691405709
17081.0,25,1.9459101490553132,6.872532164772081
17082.0,33,1.9459101490553132,8.4623208683607
17083.0,109,2.4849066497880004,8.303029202882604
17084.0,35,1.6094379124341003,8.556552356523067
17085.0,123,3.4965075614664802,8.95653269527581
17086.0,7,1.9459101490553132,7.626121762674929
17087.0,738,0.6931471805599453,5.405061923978025
17088.0,28,1.6094379124341003,7.596899458212264
17089.0,386,0.6931471805599453,4.8632947061975464
17090.0,4,2.772588722239781,8.025169694612844
17091.0,3,3.1780538303479458,8.959118796527177
17092.0,50,2.70805020110221,8.624128266804018
17093.0,593,0.6931471805599453,5.467553683793335
17094.0,318,1.3862943611198906,5.917279648918606
17095.0,22,2.5649493574615367,7.7465557096867785
17096.0,9,2.8903717578961645,8.213877549058823
17097.0,2,2.3978952727983707,7.189130001859251
17098.0,382,1.3862943611198906,6.383624871137068
17099.0,533,0.6931471805599453,6.368478739042131
17100.0,18,1.0986122886681098,6.880116831678181
17101.0,10,2.0794415416798357,7.827260837758234
17102.0,262,0.6931471805599453,3.2771447329921766
17103.0,722,0.6931471805599453,6.052794802259588
17104.0,424,0.6931471805599453,6.163377959935002
17105.0,159,1.0986122886681098,6.50246015642561
17106.0,389,0.6931471805599453,6.198946086932524
17107.0,33,2.6390573296152584,9.656167848992933
17108.0,664,0.6931471805599453,5.170199863767594
17109.0,29,2.3978952727983707,7.155474362862388
17110.0,165,1.3862943611198906,6.237738515811046
17111.0,47,1.0986122886681098,6.168731685154665
17112.0,503,0.6931471805599453,5.3287010711824765
17113.0,505,2.1972245773362196,7.654519052979096
17114.0,6,2.3978952727983707,6.61769705237742
17115.0,8,2.6390573296152584,7.8698947102997945
17116.0,648,0.6931471805599453,5.968144741786365
17117.0,288,0.6931471805599453,4.763881877142913
17118.0,318,0.6931471805599453,5.062721607294587
17119.0,3,1.3862943611198906,6.387905728451503
17120.0,233,0.6931471805599453,5.731592175295468
17121.0,403,0.6931471805599453,5.754919090103581
17122.0,119,1.6094379124341003,6.348264483234865
17123.0,162,1.3862943611198906,6.885683479060033
17124.0,185,0.6931471805599453,5.703415740750875
17125.0,50,0.6931471805599453,5.562026879608908
17126.0,152,2.4849066497880004,7.6297522726461375
17127.0,429,1.791759469228055,7.052747000452681
17128.0,335,0.6931471805599453,5.063164491108096
17129.0,520,0.6931471805599453,3.4919517449306197
17131.0,5,1.791759469228055,7.8096103157799615
17132.0,452,1.0986122886681098,7.149759837937266
17133.0,16,2.6390573296152584,9.470632491032495
17134.0,107,1.3862943611198906,6.458495010874302
17135.0,16,2.4849066497880004,7.5726264341903455
17136.0,662,0.6931471805599453,5.449664119042561
17137.0,416,1.9459101490553132,7.034061885579398
17138.0,276,2.0794415416798357,8.393503495738775
17139.0,16,3.4011973816621555,9.877790698363933
17140.0,247,0.6931471805599453,6.144872093737295
17141.0,418,1.6094379124341003,6.627154739847439
17142.0,239,1.6094379124341003,7.158319425872339
17143.0,417,1.0986122886681098,6.82991264936105
17144.0,1,1.0986122886681098,6.893220154004312
17145.0,465,2.0794415416798357,8.011567358608245
17146.0,106,2.833213344056216,8.665094096308056
17147.0,23,2.833213344056216,8.029481699322488
17148.0,52,0.6931471805599453,4.835329072196206
17149.0,451,0.6931471805599453,4.970507503005477
17150.0,377,1.9459101490553132,7.227408290676154
17151.0,735,0.6931471805599453,5.450609176890295
17152.0,195,1.791759469228055,7.512890582218869
17153.0,24,0.6931471805599453,5.369614248430071
17154.0,75,0.6931471805599453,5.800122427092944
17155.0,18,2.0794415416798357,6.795101565830168
17156.0,484,1.0986122886681098,6.351007873302185
17157.0,8,3.044522437723423,8.544895903255185
17158.0,32,1.9459101490553132,7.582382009904704
17159.0,22,1.9459101490553132,7.647995947074166
17160.0,31,2.9444389791664403,9.230374345058882
17161.0,444,0.6931471805599453,6.753449587141137
17162.0,29,2.4849066497880004,7.443201317610355
17163.0,22,1.6094379124341003,6.552194000402157
17164.0,33,2.1972245773362196,7.810920243637364
17165.0,284,2.1972245773362196,7.486966389814502
17166.0,39,1.3862943611198906,5.249599699750607
17167.0,380,1.3862943611198906,6.7663184347416205
17168.0,499,0.6931471805599453,5.994460056087781
17169.0,50,1.9459101490553132,7.030751369691277
17170.0,374,1.3862943611198906,4.787325062224947
17171.0,289,1.0986122886681098,5.95477462879015
17172.0,75,1.9459101490553132,6.815629025101936
17173.0,5,2.302585092994046,8.23128288179864
17174.0,218,0.6931471805599453,4.109233174715851
17175.0,44,1.791759469228055,7.266785447201444
17176.0,202,1.3862943611198906,6.8060768649491035
17177.0,505,0.6931471805599453,4.791649752930709
17178.0,731,0.6931471805599453,6.08155659063452
17179.0,178,1.9459101490553132,7.318711947499455
17180.0,56,2.70805020110221,7.713038469608931
17181.0,57,1.3862943611198906,6.144979310497521
17182.0,423,1.0986122886681098,5.775482788821392
17183.0,8,2.1972245773362196,8.09800738353867
17184.0,569,1.0986122886681098,5.2953630067216
17185.0,592,1.3862943611198906,5.440077311585869
17186.0,47,1.0986122886681098,4.976733742420574
17187.0,227,1.0986122886681098,6.149984240310191
17188.0,11,2.8903717578961645,8.380876208348907
17189.0,106,1.791759469228055,6.865505181875307
17190.0,59,2.1972245773362196,7.3453906631951424
17191.0,28,2.833213344056216,8.47877455651218
17192.0,536,0.6931471805599453,4.367293635071817
17193.0,36,2.5649493574615367,7.721171291933027
17194.0,274,1.3862943611198906,6.7013459266590925
17195.0,655,0.6931471805599453,6.335018789876395
17196.0,428,0.6931471805599453,5.869014387351418
17197.0,30,0.6931471805599453,6.921668046035439
17198.0,24,1.3862943611198906,7.102400585464924
17199.0,582,0.6931471805599453,4.984428201927082
17200.0,387,1.6094379124341003,5.879722602262234
17201.0,54,1.791759469228055,7.11268597863695
17202.0,421,0.6931471805599453,5.0854335041714425
17203.0,36,2.3978952727983707,8.626384759213467
17204.0,169,2.772588722239781,8.568777543442403
17205.0,54,1.3862943611198906,6.908105217746425
17206.0,53,0.6931471805599453,5.324180026073764
17207.0,652,0.6931471805599453,5.7177511238835965
17208.0,396,0.6931471805599453,4.756602889748301
17209.0,649,1.3862943611198906,6.417712194398675
17210.0,393,0.6931471805599453,5.538789899984021
17211.0,27,2.772588722239781,8.294824339944599
17212.0,253,1.3862943611198906,6.678857704985231
17213.0,40,3.044522437723423,8.53305276095003
17214.0,60,2.0794415416798357,6.8927634611629
17215.0,464,0.6931471805599453,5.231910434350438
17216.0,554,0.6931471805599453,4.190412030968334
17217.0,234,1.0986122886681098,5.389071729816501
17218.0,4,2.9444389791664403,8.341333909075471
17219.0,32,1.0986122886681098,5.561181506057179
17220.0,24,3.091042453358316,8.407991976372474
17221.0,7,1.791759469228055,6.887062655757048
17222.0,65,1.9459101490553132,7.381508121137384
17223.0,310,1.3862943611198906,6.773686599187567
17224.0,501,0.6931471805599453,4.623599321456458
17225.0,582,0.6931471805599453,4.883937641050299
17226.0,309,1.3862943611198906,6.803638434089568
17227.0,19,2.5649493574615367,7.612351666518986
17228.0,16,2.6390573296152584,8.064082863439692
17229.0,96,1.0986122886681098,5.767570714403068
17230.0,264,3.1780538303479458,9.179562557040478
17231.0,12,3.58351893845611,8.866732537421756
17232.0,3,1.0986122886681098,6.046236782954962
17233.0,35,1.3862943611198906,6.331252708540276
17234.0,183,0.6931471805599453,5.01655109452556
17235.0,25,2.1972245773362196,7.552699123155541
17236.0,13,2.5649493574615367,7.5654099878515835
17237.0,11,1.6094379124341003,6.910830545499065
17238.0,3,3.4965075614664802,8.959838470648686
17239.0,313,1.9459101490553132,7.069151078004937
17240.0,596,0.6931471805599453,4.879767018891217
17241.0,385,2.5649493574615367,7.917587354464576
17242.0,108,1.791759469228055,7.9691086622265
17243.0,1,4.394449154672439,9.938382094367192
17244.0,53,1.791759469228055,7.510452449953338
17245.0,205,1.0986122886681098,5.920585970224212
17246.0,547,1.0986122886681098,3.686877451443263
17247.0,15,0.6931471805599453,5.646118050461663
17248.0,120,1.0986122886681098,6.304741264221244
17249.0,429,0.6931471805599453,4.234541192715384
17250.0,4,1.0986122886681098,5.954593072332077
17251.0,363,1.6094379124341003,6.690506817431445
17252.0,117,1.0986122886681098,5.871723345495433
17253.0,18,0.6931471805599453,5.188837265929216
17254.0,5,1.3862943611198906,6.156406788013439
17255.0,41,1.6094379124341003,6.684774214466232
17256.0,107,1.791759469228055,6.214468088621277
17257.0,436,1.0986122886681098,5.266465437098854
17258.0,397,1.0986122886681098,6.036198878448153
17259.0,148,1.9459101490553132,7.544511986054564
17260.0,411,0.6931471805599453,4.80361112466193
17261.0,510,0.6931471805599453,5.44432066066788
17262.0,52,2.4849066497880004,7.922485833669513
17263.0,208,0.6931471805599453,4.165734558308774
17264.0,424,0.6931471805599453,5.636894529114569
17265.0,139,1.0986122886681098,6.334876930813136
17266.0,2,1.791759469228055,6.2513835165848075
17267.0,127,1.0986122886681098,5.763999170144749
17268.0,108,2.4849066497880004,7.458699289794689
17269.0,386,0.6931471805599453,6.2887132134289745
17270.0,469,1.0986122886681098,6.405889396587618
17271.0,736,0.6931471805599453,5.353704768627595
17272.0,42,1.791759469228055,7.6711418870884245
17273.0,424,0.6931471805599453,4.956671771152826
17274.0,35,1.0986122886681098,6.360231092100106
17275.0,383,0.6931471805599453,4.749443675144516
17276.0,400,1.0986122886681098,6.114434109451666
17277.0,228,1.0986122886681098,6.9719968810436015
17278.0,241,1.0986122886681098,5.606684030192651
17279.0,58,0.6931471805599453,5.240847139393487
17280.0,438,0.6931471805599453,4.786324395030039
17281.0,374,1.9459101490553132,6.68317319347358
17282.0,130,1.791759469228055,7.758188219864813
17283.0,379,0.6931471805599453,5.244177920447388
17284.0,60,2.4849066497880004,7.753288726565289
17285.0,628,1.0986122886681098,6.062249145825942
17286.0,22,1.3862943611198906,5.9826255984407775
17287.0,26,3.1780538303479458,8.317939491541479
17288.0,9,2.4849066497880004,7.824437934044365
17289.0,32,2.4849066497880004,7.635733745547492
17290.0,4,2.1972245773362196,7.314845732167742
17291.0,308,0.6931471805599453,6.313185661783185
17292.0,472,1.0986122886681098,5.60855562471318
17293.0,8,2.8903717578961645,8.23621658697946
17294.0,669,1.0986122886681098,6.1501549069772725
17295.0,29,1.3862943611198906,6.324269352631711
17296.0,730,0.6931471805599453,5.826383514696429
17297.0,17,0.6931471805599453,4.888693623291013
17298.0,101,1.9459101490553132,6.860160400174453
17299.0,12,1.9459101490553132,6.924691055688339
17300.0,391,1.0986122886681098,5.977973956925482
17301.0,21,1.0986122886681098,5.803416625940581
17302.0,15,1.9459101490553132,7.021913976876228
17303.0,361,0.6931471805599453,5.525612288984722
17304.0,534,0.6931471805599453,4.722953221644475
17305.0,649,0.6931471805599453,7.666905532699596
17306.0,11,3.1780538303479458,9.185306626206504
17307.0,365,2.772588722239781,8.079205924659831
17308.0,393,1.0986122886681098,8.41466421870983
17309.0,95,1.3862943611198906,5.803899265990974
17310.0,387,1.0986122886681098,6.933520486868163
17311.0,78,2.0794415416798357,8.15813254681253
17312.0,139,1.3862943611198906,6.469715324941794
17313.0,18,1.0986122886681098,7.73592711169943
17314.0,25,3.1354942159291497,8.415315492593509
17315.0,1,3.912023005428146,9.16529593380786
17316.0,420,0.6931471805599453,4.8319072728124315
17317.0,46,1.791759469228055,7.83400426247017
17318.0,725,0.6931471805599453,5.107641005371328
17319.0,669,0.6931471805599453,3.40452517175483
17320.0,100,1.9459101490553132,7.971351602142627
17321.0,8,1.9459101490553132,7.462892481580637
17322.0,376,2.0794415416798357,6.804215327313759
17323.0,15,2.70805020110221,7.348915662414753
17324.0,18,2.6390573296152584,7.67316265417734
17325.0,280,1.3862943611198906,6.414392947092451
17326.0,408,1.0986122886681098,5.777497512478481
17327.0,410,1.0986122886681098,5.032722890560261
17328.0,673,0.6931471805599453,4.660604892876192
17329.0,14,1.791759469228055,6.913170589683406
17330.0,23,1.6094379124341003,6.051618469927729
17331.0,124,0.6931471805599453,5.171619713502079
17332.0,528,1.791759469228055,6.732532466377506
17333.0,86,0.6931471805599453,6.20506268557866
17334.0,301,1.6094379124341003,6.454773944900584
17335.0,384,1.0986122886681098,6.2324480165505225
17336.0,472,0.6931471805599453,4.408181592150733
17337.0,151,2.0794415416798357,7.573181766941482
17338.0,17,3.044522437723423,9.395787871250429
17339.0,94,1.6094379124341003,5.718211211308322
17340.0,9,3.4339872044851463,9.971736680848013
17341.0,157,1.791759469228055,7.5447711650931915
17342.0,374,2.0794415416798357,7.053447428953302
17343.0,355,1.9459101490553132,7.1396127535481995
17344.0,46,1.3862943611198906,6.121637180410288
17345.0,15,2.5649493574615367,7.303425910757853
17346.0,4,3.332204510175204,8.567699976586486
17347.0,86,0.6931471805599453,5.43790538075509
17348.0,15,2.302585092994046,7.8149689386018215
17349.0,179,1.791759469228055,6.749052587786816
17350.0,8,2.1972245773362196,7.537515808081178
17351.0,36,2.5649493574615367,7.595502908166634
17352.0,696,0.6931471805599453,3.6176519448255684
17353.0,129,2.0794415416798357,8.057234938011703
17354.0,51,1.6094379124341003,8.05339745327934
17355.0,386,0.6931471805599453,5.656376352258931
17356.0,312,1.791759469228055,6.853795274186192
17357.0,24,1.0986122886681098,5.96393917604323
17358.0,303,1.791759469228055,6.765096645244558
17359.0,11,1.0986122886681098,5.654101914201623
17360.0,17,2.0794415416798357,7.0920997882273165
17361.0,49,1.791759469228055,6.781783809420187
17362.0,239,2.1972245773362196,6.9192292010557646
17363.0,395,1.3862943611198906,6.8478566435737855
17364.0,1,3.4657359027997265,9.366108314756994
17365.0,13,2.833213344056216,9.01272201339056
17366.0,392,1.3862943611198906,6.999048309928502
17367.0,238,0.6931471805599453,5.132262782217954
17368.0,23,2.833213344056216,7.70266450847762
17369.0,456,0.6931471805599453,6.887756632475448
17370.0,73,1.6094379124341003,6.102961198121657
17371.0,17,1.9459101490553132,6.497604208883258
17372.0,41,3.4657359027997265,8.372498000556147
17373.0,40,2.0794415416798357,7.063476153978913
17374.0,219,1.6094379124341003,6.568372811744823
17375.0,190,1.791759469228055,6.451970086973957
17376.0,71,1.6094379124341003,6.119505896988866
17377.0,24,4.5217885770490405,9.789893792099816
17379.0,11,0.6931471805599453,6.005515370330642
17380.0,434,1.6094379124341003,6.468862644761455
17381.0,9,3.6888794541139363,10.596639483084791
17382.0,65,2.1972245773362196,6.806032582872267
17383.0,4,1.0986122886681098,5.739760757321436
17384.0,19,1.3862943611198906,6.2315635390716055
17385.0,15,0.6931471805599453,5.568764262978113
17386.0,8,2.0794415416798357,7.942280500147702
17387.0,20,1.0986122886681098,6.6658238353540185
17388.0,78,2.4849066497880004,7.898251406835588
17389.0,1,4.356708826689592,10.907569906929188
17390.0,421,0.6931471805599453,5.012633296758929
17391.0,164,1.0986122886681098,6.234018491942015
17392.0,307,1.3862943611198906,6.441839283964755
17393.0,411,1.0986122886681098,5.945813201688893
17394.0,219,0.6931471805599453,5.3223756316411075
17395.0,508,0.6931471805599453,4.590056548178043
17396.0,39,2.833213344056216,9.051414977988538
17397.0,22,1.3862943611198906,7.118162060926628
17398.0,115,1.3862943611198906,6.483688222474311
17400.0,126,2.1972245773362196,8.45063663541535
17401.0,541,0.6931471805599453,4.752296250878385
17402.0,5,3.295836866004329,8.526763251956012
17403.0,36,1.0986122886681098,5.995381864392027
17404.0,4,3.367295829986474,10.73656666102287
17405.0,1,1.791759469228055,6.875459334181316
17406.0,330,2.9444389791664403,8.432310456350919
17407.0,412,0.6931471805599453,6.316984165039059
17408.0,163,1.6094379124341003,5.1113249181041835
17409.0,185,2.3978952727983707,8.961174918707844
17410.0,16,1.791759469228055,7.1030917728535865
17411.0,12,2.302585092994046,7.160480933237301
17412.0,3,2.995732273553991,8.386168369003917
17413.0,405,1.0986122886681098,6.329970428756386
17414.0,44,1.9459101490553132,7.7189165796075185
17415.0,80,0.6931471805599453,6.23213362528801
17416.0,30,3.258096538021482,9.753970205558446
17417.0,549,0.6931471805599453,5.1070357883825706
17418.0,42,1.3862943611198906,6.508858551752005
17419.0,11,3.044522437723423,8.775845961416714
17420.0,50,2.1972245773362196,6.980568842321544
17421.0,386,1.3862943611198906,6.966410904774026
17422.0,16,3.044522437723423,8.114519184558553
17423.0,45,1.791759469228055,6.9894919357288625
17425.0,19,1.0986122886681098,6.63354209247732
17426.0,4,2.8903717578961645,8.936872793225513
17427.0,72,0.6931471805599453,4.623010104116422
17428.0,1,3.9512437185814275,10.34942451387224
17429.0,121,2.0794415416798357,7.202780325689177
17430.0,33,1.6094379124341003,6.601461070318374
17431.0,313,0.6931471805599453,6.002157176646725
17432.0,18,2.302585092994046,7.468735849463749
17433.0,88,1.0986122886681098,6.347319154662812
17434.0,2,2.302585092994046,7.755518745243815
17435.0,411,0.6931471805599453,5.806188630487591
17436.0,2,2.0794415416798357,6.258261281343595
17437.0,530,0.6931471805599453,5.924710239594586
17438.0,247,1.9459101490553132,7.253909069179311
17439.0,656,0.6931471805599453,5.789164747598362
17440.0,148,1.9459101490553132,5.753397695198396
17441.0,732,0.6931471805599453,5.68476953547427
17442.0,29,3.1780538303479458,8.41221038219613
17443.0,220,0.6931471805599453,6.282715244436788
17444.0,148,1.3862943611198906,7.9865185392775535
17446.0,177,1.0986122886681098,4.803201036487226
17447.0,40,1.0986122886681098,6.296243383424822
17448.0,145,4.007333185232471,9.229528104380888
17449.0,2,2.70805020110221,8.504340954102418
17450.0,8,4.127134385045092,12.36128157949466
17451.0,1,2.3978952727983707,7.408500263405177
17453.0,18,1.0986122886681098,6.189741470692064
17454.0,192,2.4849066497880004,7.335399273811743
17455.0,204,0.6931471805599453,4.888090941338162
17456.0,365,1.0986122886681098,7.111854635317653
17457.0,127,2.9444389791664403,8.665614920670956
17458.0,15,1.0986122886681098,6.2739707478156985
17459.0,43,1.0986122886681098,6.489660754473831
17460.0,79,3.091042453358316,7.605093664160551
17461.0,23,1.3862943611198906,6.6312900617355215
17462.0,51,1.3862943611198906,6.498191783947809
17463.0,16,2.302585092994046,7.839490134050029
17464.0,158,1.6094379124341003,6.780762463197197
17465.0,426,2.302585092994046,7.837806894106329
17466.0,10,1.0986122886681098,6.638934214171274
17467.0,395,0.6931471805599453,4.640537329825382
17468.0,10,1.3862943611198906,5.27709373009641
17469.0,16,3.1354942159291497,8.509027946348976
17470.0,45,2.4849066497880004,7.939468930294802
17471.0,475,0.6931471805599453,5.776568144381849
17472.0,191,1.6094379124341003,6.841722308377699
17473.0,401,1.3862943611198906,6.385447318107112
17474.0,600,0.6931471805599453,6.954638864880987
17475.0,79,0.6931471805599453,5.274895196603544
17476.0,393,1.6094379124341003,6.103698883833949
17477.0,613,1.791759469228055,6.984716320118266
17478.0,408,1.0986122886681098,7.149759837937266
17479.0,633,0.6931471805599453,5.9668131836668525
17480.0,74,1.3862943611198906,6.799858215672314
17481.0,4,1.791759469228055,7.131170793311053
17482.0,487,1.0986122886681098,6.6582549185704085
17483.0,65,1.6094379124341003,6.384738983338736
17484.0,576,1.0986122886681098,5.34981813941044
17486.0,261,0.6931471805599453,5.986125318762377
17487.0,728,0.6931471805599453,5.084814692270507
17488.0,641,0.6931471805599453,5.821565510312585
17489.0,59,1.0986122886681098,5.933941360864316
17490.0,1,2.6390573296152584,7.857890760918792
17491.0,1,2.9444389791664403,8.69368445168088
17492.0,248,1.3862943611198906,7.024132883037598
17493.0,385,0.6931471805599453,4.6240900708406025
17494.0,502,0.6931471805599453,4.019980146933238
17495.0,8,1.6094379124341003,6.633410534302105
17496.0,359,1.791759469228055,7.234819109311109
17497.0,390,1.0986122886681098,5.663828159149168
17498.0,76,0.6931471805599453,5.610277331459341
17499.0,290,1.3862943611198906,7.168456623102143
17500.0,17,1.3862943611198906,7.037905963447182
17501.0,221,1.0986122886681098,5.668500660511562
17502.0,9,1.6094379124341003,6.536836514626557
17503.0,3,1.0986122886681098,6.327865352606625
17504.0,206,2.995732273553991,9.139313647898243
17505.0,162,1.791759469228055,7.798309653754078
17506.0,70,1.0986122886681098,5.68795792430923
17507.0,262,1.0986122886681098,6.407836624054821
17508.0,281,2.302585092994046,8.422394480789249
17509.0,58,2.4849066497880004,8.716329255388164
17510.0,25,1.0986122886681098,6.245253688536579
17511.0,3,4.454347296253507,12.054592446792096
17512.0,29,3.044522437723423,8.60029644161709
17513.0,72,1.3862943611198906,7.05600285544234
17514.0,128,1.0986122886681098,6.298636698017643
17515.0,31,2.302585092994046,7.389230358819315
17516.0,15,1.9459101490553132,6.865421725966058
17517.0,309,0.6931471805599453,5.043037945203756
17518.0,426,1.0986122886681098,5.8003645725024455
17519.0,17,2.8903717578961645,8.537740639303898
17520.0,54,0.6931471805599453,6.305928511499892
17521.0,24,1.9459101490553132,7.152902954088473
17522.0,2,1.791759469228055,6.977010782644906
17523.0,11,1.6094379124341003,6.48270971889503
17524.0,361,1.6094379124341003,6.23421462806111
17525.0,360,1.3862943611198906,7.058672164298998
17526.0,1,2.833213344056216,8.210080902314823
17527.0,54,1.9459101490553132,6.791064146981927
17528.0,1,2.4849066497880004,8.172192692323142
17529.0,610,1.0986122886681098,7.123874215359383
17530.0,1,2.6390573296152584,8.052474770817069
17531.0,121,2.302585092994046,7.083572394353889
17532.0,386,0.6931471805599453,4.1947930335189065
17533.0,435,0.6931471805599453,3.5779478934066544
17534.0,54,1.791759469228055,7.42047710382201
17535.0,280,0.6931471805599453,5.108366782589591
17536.0,177,1.3862943611198906,5.902168744622394
17537.0,30,1.0986122886681098,6.80086025323236
17538.0,26,0.6931471805599453,4.599353300666526
17539.0,617,2.0794415416798357,6.954705656543505
17540.0,9,2.0794415416798357,7.367140229079732
17541.0,510,0.6931471805599453,4.831986982668597
17542.0,270,1.3862943611198906,5.836855428880563
17543.0,550,0.6931471805599453,4.796203683384068
17544.0,390,1.3862943611198906,6.86869215341128
17545.0,43,1.9459101490553132,7.279001543703618
17547.0,372,1.6094379124341003,6.524369616016852
17548.0,218,1.9459101490553132,5.846438775057725
17549.0,24,1.0986122886681098,5.0097015249361645
17550.0,197,2.3978952727983707,7.699634052359249
17551.0,359,0.6931471805599453,5.729580167477342
17552.0,43,2.833213344056216,8.019678581709918
17553.0,130,1.6094379124341003,8.231801826622501
17554.0,1,1.791759469228055,7.577352319081822
17555.0,20,1.791759469228055,6.964834800821305
17556.0,206,1.0986122886681098,5.709333704694526
17557.0,14,1.6094379124341003,6.356905953086827
17558.0,393,0.6931471805599453,5.561335263505108
17559.0,513,0.6931471805599453,5.12764766249453
17560.0,95,2.1972245773362196,7.547923534751195
17561.0,19,1.6094379124341003,6.583879374413785
17562.0,14,2.1972245773362196,7.010654768798601
17563.0,578,1.791759469228055,5.73747511562267
17564.0,24,1.3862943611198906,6.120319396731415
17565.0,587,0.6931471805599453,4.8890701151444125
17566.0,8,1.0986122886681098,6.804847308929716
17567.0,7,2.4849066497880004,8.524786290735332
17568.0,633,0.6931471805599453,5.950095527997053
17569.0,332,0.6931471805599453,5.843950131819433
17571.0,50,1.791759469228055,7.441173751400762
17572.0,71,2.3978952727983707,6.584805204445026
17573.0,29,1.6094379124341003,5.896879104618114
17574.0,243,0.6931471805599453,5.229235205360593
17575.0,667,0.6931471805599453,5.1515559851526325
17576.0,8,3.828641396489095,9.092306554876762
17577.0,645,1.0986122886681098,5.857218613545591
17578.0,191,2.3978952727983707,6.912474127682078
17579.0,5,1.791759469228055,6.614162438977276
17580.0,253,1.791759469228055,6.303113359011862
17581.0,1,3.9889840465642745,9.811836519879797
17582.0,236,1.9459101490553132,7.268711047104344
17583.0,560,0.6931471805599453,4.919615895709087
17584.0,7,2.0794415416798357,8.574597575003148
17585.0,109,2.0794415416798357,7.646974647644465
17586.0,619,0.6931471805599453,5.126342101808226
17587.0,628,0.6931471805599453,5.207626501263533
17588.0,100,2.302585092994046,7.973379391823266
17589.0,60,3.091042453358316,9.54006273652226
17590.0,2,1.3862943611198906,7.299946004359694
17591.0,73,2.302585092994046,7.925417782039212
17593.0,4,2.772588722239781,8.992806059426483
17594.0,85,1.6094379124341003,7.8235979104743105
17595.0,12,1.0986122886681098,5.965608132562755
17596.0,23,2.70805020110221,8.498687003379397
17597.0,214,2.0794415416798357,8.139233322120173
17598.0,381,0.6931471805599453,6.018544551511725
17599.0,465,1.3862943611198906,3.8188106237059674
17600.0,18,0.6931471805599453,5.091723608778362
17601.0,239,1.0986122886681098,6.046142108398678
17602.0,2,2.9444389791664403,8.900880202271686
17603.0,50,2.4849066497880004,4.7958731868099616
17604.0,217,1.9459101490553132,6.8532251728194
17605.0,590,0.6931471805599453,5.08605193338101
17606.0,737,0.6931471805599453,4.480740107609915
17607.0,376,0.6931471805599453,5.813563206747519
17608.0,33,1.6094379124341003,6.213667656345135
17609.0,41,2.70805020110221,7.473063406197874
17610.0,540,2.1972245773362196,7.264618205251084
17611.0,4,3.58351893845611,9.012667179509789
17612.0,53,3.4965075614664802,8.548137441248885
17613.0,23,2.8903717578961645,8.414134469042942
17614.0,57,0.6931471805599453,5.968886572094735
17615.0,130,2.0794415416798357,6.58851373762259
17616.0,174,1.6094379124341003,6.967720860149571
17617.0,559,1.0986122886681098,5.473446452760487
17618.0,6,2.6390573296152584,8.30621039744867
17619.0,312,0.6931471805599453,5.39144334453752
17620.0,60,0.6931471805599453,4.412070756022258
17621.0,21,2.1972245773362196,8.016423503488069
17622.0,597,1.3862943611198906,7.026577774213183
17623.0,33,2.0794415416798357,7.776816028969278
17624.0,15,1.6094379124341003,7.358595201778292
17625.0,18,2.1972245773362196,8.710916170934635
17626.0,603,0.6931471805599453,5.541263545158426
17627.0,479,1.0986122886681098,5.656376352258931
17628.0,81,0.6931471805599453,4.340553386467307
17629.0,6,2.4849066497880004,7.7942134111356385
17630.0,170,1.0986122886681098,6.223766036206958
17631.0,2,2.0794415416798357,6.907245148887903
17633.0,31,2.302585092994046,7.588774208742097
17634.0,36,2.302585092994046,7.767674581380544
17635.0,424,1.6094379124341003,7.137143292993676
17636.0,9,1.0986122886681098,5.586986451742444
17637.0,31,1.0986122886681098,6.3063847700056215
17638.0,647,1.0986122886681098,6.73744134131246
17639.0,276,1.9459101490553132,6.423522899485667
17640.0,87,2.1972245773362196,8.041924526161425
17642.0,120,1.791759469228055,7.509603723129441
17643.0,373,1.0986122886681098,6.295727149706984
17644.0,1,3.367295829986474,8.6768498284605
17646.0,219,2.833213344056216,8.31756106756295
17647.0,65,1.3862943611198906,5.807120947362389
17648.0,61,1.9459101490553132,7.700485316628579
17649.0,135,1.791759469228055,7.3417689704947175
17650.0,21,0.6931471805599453,5.118472739628975
17651.0,12,3.1354942159291497,8.63650217333531
17652.0,25,2.9444389791664403,8.463397822079765
17653.0,29,1.791759469228055,7.070622147941957
17654.0,277,0.6931471805599453,4.775334812511415
17655.0,11,2.3978952727983707,8.184870732544656
17656.0,73,1.791759469228055,7.4239802997335635
17657.0,430,0.6931471805599453,4.844187086458591
17658.0,11,1.3862943611198906,6.188017686148661
17659.0,4,2.8903717578961645,8.238835511384774
17660.0,141,1.0986122886681098,5.887408735509094
17662.0,662,1.0986122886681098,6.025672718437719
17663.0,26,3.1780538303479458,8.533468034766095
17664.0,19,1.6094379124341003,7.062388699414255
17665.0,493,0.6931471805599453,6.33523154074593
17666.0,4,1.791759469228055,7.625009534885316
17667.0,66,2.5649493574615367,8.264826781425125
17668.0,1,1.0986122886681098,5.854355333135575
17669.0,43,2.3978952727983707,8.723125474960066
17670.0,228,0.6931471805599453,5.331268466687723
17671.0,16,2.0794415416798357,7.657145732546141
17672.0,44,2.302585092994046,8.649637993915471
17673.0,1,2.772588722239781,8.346957505368247
17674.0,74,1.0986122886681098,6.748407785748004
17675.0,1,4.51085950651685,10.534941227727096
17676.0,4,2.6390573296152584,7.9096804402885965
17677.0,2,4.5217885770490405,10.48759049641708
17678.0,264,1.3862943611198906,6.364423680993219
17679.0,53,2.4849066497880004,8.060716854399473
17680.0,24,1.6094379124341003,6.13880638500591
17681.0,597,1.9459101490553132,6.274008441703639
17682.0,10,2.5649493574615367,8.399035585617217
17683.0,386,1.3862943611198906,6.70931653530589
17684.0,44,0.6931471805599453,5.482345799133678
17685.0,17,2.70805020110221,8.687639515922392
17686.0,7,2.302585092994046,9.023746903547035
17687.0,421,0.6931471805599453,6.072306934952083
17688.0,375,1.0986122886681098,5.661222860237405
17689.0,388,1.0986122886681098,5.7623029234682095
17690.0,30,3.091042453358316,8.914572362940971
17691.0,358,1.791759469228055,6.647493802106348
17692.0,127,2.70805020110221,7.994092536774634
17693.0,136,1.3862943611198906,5.236548340150405
17694.0,142,1.3862943611198906,7.4365995868222186
17695.0,132,1.9459101490553132,7.450974518059029
17696.0,38,3.8918202981106265,8.90678498236811
17697.0,236,0.6931471805599453,5.828798547972468
17698.0,261,0.6931471805599453,5.049535443053812
17699.0,477,1.0986122886681098,6.093569770045136
17700.0,17,2.8903717578961645,8.799642094692974
17701.0,253,0.6931471805599453,6.037751581059295
17702.0,30,2.302585092994046,7.976866663732562
17703.0,35,1.6094379124341003,6.999276471449595
17704.0,169,1.0986122886681098,6.786931374567216
17705.0,3,2.5649493574615367,7.621929826734158
17706.0,4,3.784189633918261,9.88046966181591
17707.0,185,2.302585092994046,6.406962490916521
17708.0,188,1.6094379124341003,6.790018492256255
17709.0,170,1.791759469228055,6.51027322136481
17710.0,424,0.6931471805599453,5.685279003091641
17711.0,11,1.0986122886681098,5.956096403270191
17712.0,45,0.6931471805599453,6.261319913844147
17713.0,382,1.6094379124341003,7.089318214762589
17714.0,321,2.302585092994046,7.228083615565756
17715.0,201,1.0986122886681098,6.195629131824389
17716.0,23,3.332204510175204,9.659651377996829
17717.0,421,0.6931471805599453,5.934682533008997
17718.0,232,1.3862943611198906,5.96095379190296
17719.0,38,2.9444389791664403,8.58835969884403
17720.0,26,2.5649493574615367,7.906937579745328
17721.0,659,0.6931471805599453,5.730781368822976
17722.0,96,2.0794415416798357,8.38661970558329
17723.0,127,2.0794415416798357,8.12545345792655
17724.0,58,1.6094379124341003,6.904399655168775
17725.0,16,2.70805020110221,8.12329987116627
17726.0,395,2.1972245773362196,6.994446604760841
17727.0,9,1.0986122886681098,6.95038364103776
17728.0,4,2.1972245773362196,8.25897412373731
17729.0,596,0.6931471805599453,6.085978955825011
17730.0,3,3.1780538303479458,8.956524961702563
17731.0,79,2.0794415416798357,7.2064366368922865
17732.0,373,2.3978952727983707,7.803492221508525
17733.0,39,1.0986122886681098,6.541304131886272
17734.0,54,1.9459101490553132,7.274701294410468
17735.0,2,3.4011973816621555,9.75054497599147
17736.0,9,1.6094379124341003,5.824494549818464
17737.0,9,1.0986122886681098,5.131317825851867
17738.0,19,2.772588722239781,8.329986119906334
17739.0,12,3.044522437723423,8.951458237849765
17740.0,389,1.9459101490553132,6.0588895234227715
17741.0,407,1.0986122886681098,4.625952725170619
17742.0,113,2.4849066497880004,7.649444974001237
17743.0,442,1.0986122886681098,5.346392989779599
17744.0,4,2.1972245773362196,7.870479113623462
17745.0,478,1.0986122886681098,6.399160498367506
17746.0,235,2.0794415416798357,6.773572245514402
17747.0,100,1.0986122886681098,4.184337600748806
17748.0,527,0.6931471805599453,5.88374012852081
17749.0,178,1.3862943611198906,6.934572462341162
17750.0,5,2.302585092994046,7.494747183701588
17751.0,421,0.6931471805599453,5.0680233112049855
17752.0,359,0.6931471805599453,4.402319337941644
17753.0,464,1.791759469228055,5.963733573369671
17754.0,1,2.833213344056216,8.41413890325913
17756.0,376,1.3862943611198906,6.599462252626232
17757.0,1,4.110873864173311,9.142472581633731
17758.0,19,2.5649493574615367,8.519895536789699
17759.0,17,1.791759469228055,7.152981209922486
17760.0,22,2.0794415416798357,6.816385326277369
17761.0,33,0.6931471805599453,6.570574791610563
17762.0,456,0.6931471805599453,4.873287102945032
17763.0,263,1.791759469228055,3.9541241814467813
17764.0,51,1.791759469228055,7.39304153175903
17765.0,159,1.6094379124341003,6.276267478808919
17766.0,381,1.0986122886681098,5.7058137435652805
17767.0,15,1.0986122886681098,6.025986739479709
17768.0,8,2.1972245773362196,8.16210555846118
17769.0,13,3.091042453358316,8.853045235757971
17770.0,199,1.791759469228055,7.042522158078838
17771.0,57,1.6094379124341003,5.962061482738665
17772.0,11,1.3862943611198906,5.955241336950457
17773.0,514,1.0986122886681098,6.373780434317173
17774.0,97,2.6390573296152584,7.9884411791167915
17775.0,255,0.6931471805599453,4.050044303325521
17776.0,387,1.3862943611198906,5.807571756572542
17777.0,25,1.3862943611198906,6.502580128832101
17778.0,662,0.6931471805599453,5.291796149557771
17779.0,21,1.791759469228055,6.4664090749859495
17780.0,667,1.3862943611198906,5.869042643521861
17781.0,159,1.0986122886681098,5.24185282956691
17782.0,383,1.0986122886681098,6.52212220950234
17783.0,72,1.3862943611198906,5.94256312674981
17784.0,550,0.6931471805599453,4.734969623522936
17785.0,53,1.3862943611198906,6.002355029939155
17786.0,85,1.0986122886681098,5.6338606003511575
17787.0,153,1.6094379124341003,7.8642162730451615
17788.0,74,1.0986122886681098,7.020101338813675
17789.0,281,1.0986122886681098,5.9868288187034535
17790.0,27,3.044522437723423,7.931863106648799
17791.0,30,0.6931471805599453,4.673762977453703
17792.0,467,1.0986122886681098,5.916336824416143
17793.0,25,0.6931471805599453,5.78086696496229
17794.0,687,1.0986122886681098,4.999237249143887
17795.0,180,1.0986122886681098,5.861896717749893
17796.0,40,2.0794415416798357,7.217436094912465
17797.0,22,2.1972245773362196,7.594315815147273
17798.0,582,0.6931471805599453,5.215424768458471
17799.0,22,3.1780538303479458,8.735161775656335
17800.0,37,2.302585092994046,7.090085169074703
17801.0,451,1.6094379124341003,6.6805786055537615
17802.0,82,2.833213344056216,8.500421326715728
17803.0,392,0.6931471805599453,5.223917043971786
17804.0,376,1.6094379124341003,5.943140524277792
17805.0,74,1.0986122886681098,6.833064059849883
17806.0,11,0.6931471805599453,6.304521925890991
17807.0,395,1.3862943611198906,6.084203241658105
17808.0,549,1.6094379124341003,5.574584536184519
17809.0,16,3.2188758248682006,9.259116250329287
17810.0,669,1.3862943611198906,5.846034068897776
17811.0,4,4.110873864173311,9.153720283801205
17812.0,13,2.0794415416798357,7.062097369060713
17813.0,14,2.0794415416798357,7.447518152642726
17814.0,375,1.0986122886681098,7.389143853094436
17815.0,393,0.6931471805599453,6.385126943096995
17816.0,37,1.9459101490553132,4.730215674962316
17817.0,4,2.0794415416798357,6.687295622797085
17818.0,738,0.6931471805599453,4.876570425865589
17819.0,72,2.6390573296152584,8.790226492610058
17820.0,191,1.3862943611198906,5.078356245925126
17821.0,406,0.6931471805599453,5.815979567573016
17822.0,420,1.791759469228055,7.6914284862414535
17823.0,421,1.0986122886681098,6.20506268557866
17824.0,51,0.6931471805599453,5.701780471985528
17825.0,599,1.6094379124341003,6.597091130138432
17826.0,374,0.6931471805599453,4.909635626474218
17827.0,5,2.0794415416798357,7.775821686569275
17828.0,9,2.302585092994046,7.378364974532581
17829.0,299,1.9459101490553132,8.451356761692935
17830.0,2,1.3862943611198906,5.990714265717278
17831.0,33,0.6931471805599453,3.594568774642695
17832.0,50,0.6931471805599453,5.052224993855419
17833.0,723,0.6931471805599453,5.838779459442334
17834.0,415,1.0986122886681098,6.595056207999221
17835.0,3,1.3862943611198906,5.862607924982978
17836.0,47,0.6931471805599453,4.71142030583075
17837.0,42,2.3978952727983707,7.353421388834449
17838.0,27,2.772588722239781,8.738823598504922
17839.0,42,0.6931471805599453,5.828357209237832
17840.0,444,0.6931471805599453,5.229610168538246
17841.0,2,5.66988092298052,11.149329339099348
17842.0,602,0.6931471805599453,6.067707738058715
17843.0,303,1.0986122886681098,5.790663287567157
17844.0,107,0.6931471805599453,3.961955374176355
17845.0,555,1.6094379124341003,6.39557874314519
17846.0,85,0.6931471805599453,7.617808739608441
17847.0,516,1.0986122886681098,4.872828106608945
17848.0,81,3.4657359027997265,8.19950541687805
17849.0,218,2.1972245773362196,6.970504700635247
17850.0,302,5.075173815233827,10.927809570383841
17851.0,422,1.9459101490553132,7.355219288783538
17852.0,12,1.791759469228055,6.498598364535423
17853.0,407,1.3862943611198906,7.383486225788365
17854.0,185,1.9459101490553132,6.977701029668804
17855.0,373,0.6931471805599453,6.03772771157762
17856.0,2,1.9459101490553132,7.240499145289131
17857.0,3,3.295836866004329,10.260026387212415
17858.0,6,3.4965075614664802,9.451268830082444
17859.0,305,0.6931471805599453,5.00535470965233
17860.0,369,1.6094379124341003,6.924159983007414
17861.0,3,3.1354942159291497,8.530225895584934
17862.0,324,1.6094379124341003,7.154685666941855
17863.0,59,2.5649493574615367,8.65629404575563
17864.0,13,1.791759469228055,6.83013962363287
17865.0,31,4.143134726391533,10.152300799914755
17866.0,143,1.6094379124341003,7.0317412587631285
17867.0,30,3.044522437723423,6.798810569992765
17868.0,386,0.6931471805599453,5.46234765336974
17869.0,107,2.0794415416798357,6.9442414875525476
17870.0,2,2.70805020110221,8.040511312217085
17871.0,205,1.791759469228055,7.0210750356778515
17872.0,382,0.6931471805599453,5.46751146743449
17873.0,80,3.044522437723423,8.737221495382297
17874.0,185,2.0794415416798357,6.491117993870722
17875.0,688,0.6931471805599453,5.12455904041457
17876.0,400,1.3862943611198906,8.138862590095334
17877.0,170,0.6931471805599453,5.474830419933934
17878.0,44,1.3862943611198906,7.253703901064546
17879.0,174,0.6931471805599453,5.190286622334331
17880.0,365,1.3862943611198906,6.716497916530249
17881.0,304,0.6931471805599453,4.9004483350615
17882.0,379,1.0986122886681098,5.75085688204213
17883.0,3,2.1972245773362196,6.888521489866838
17884.0,4,3.1780538303479458,8.016281594214059
17885.0,12,0.6931471805599453,5.253267697994312
17886.0,32,2.0794415416798357,7.377402594755766
17887.0,129,0.6931471805599453,4.721618998631338
17888.0,19,3.4657359027997265,7.185311255134909
17889.0,212,2.0794415416798357,6.653984980376013
17890.0,323,1.0986122886681098,6.402066439321299
17891.0,162,0.6931471805599453,5.3223268190083886
17892.0,56,1.3862943611198906,5.501666290534067
17893.0,225,0.6931471805599453,4.7295977643631435
17894.0,72,3.044522437723423,7.782665527076606
17895.0,44,0.6931471805599453,4.59511985013459
17896.0,23,0.6931471805599453,5.550320446542799
17897.0,173,2.3978952727983707,7.837948916025283
17898.0,85,1.6094379124341003,5.704382294728169
17899.0,159,0.6931471805599453,5.054971107916307
17900.0,165,1.6094379124341003,2.772588722239781
17901.0,29,1.3862943611198906,5.564826873767017
17902.0,547,0.6931471805599453,5.381738974687109
17903.0,394,0.6931471805599453,5.9456561829510015
17904.0,21,1.0986122886681098,5.19251230765106
17905.0,71,2.70805020110221,7.772845343757649
17906.0,247,0.6931471805599453,4.302712827954156
17907.0,641,0.6931471805599453,5.679353160733027
17908.0,374,2.0794415416798357,7.214423469006152
17909.0,737,0.6931471805599453,4.89447593955597
17910.0,726,0.6931471805599453,5.571012696691494
17911.0,9,0.6931471805599453,5.9059883547555305
17912.0,310,2.0794415416798357,5.889154928283412
17913.0,59,2.70805020110221,8.154971463905486
17914.0,4,0.6931471805599453,5.821358081393286
17915.0,551,0.6931471805599453,5.493596279713942
17916.0,629,1.0986122886681098,3.803769419987892
17917.0,45,1.3862943611198906,5.835629115549854
17918.0,501,1.3862943611198906,5.984918166237948
17919.0,88,1.0986122886681098,7.51823798470524
17920.0,4,4.04305126783455,10.10687360353592
17921.0,64,2.5649493574615367,7.776681829489938
17922.0,543,0.6931471805599453,5.1440000061636795
17923.0,282,1.3862943611198906,6.210600077024653
17924.0,1,2.70805020110221,8.145050667414372
17925.0,373,0.6931471805599453,6.1926896343211695
17926.0,133,1.791759469228055,6.943595283975941
17927.0,722,0.6931471805599453,5.68697535633982
17928.0,45,1.3862943611198906,5.835512245334096
17929.0,11,2.6390573296152584,8.030930090478499
17930.0,36,2.772588722239781,8.353242649414831
17931.0,134,2.9444389791664403,8.103784617353757
17932.0,29,1.3862943611198906,7.19486468749322
17933.0,632,0.6931471805599453,4.750914200040797
17934.0,52,1.3862943611198906,6.956688290091316
17935.0,138,2.1972245773362196,6.486983621056584
17936.0,5,0.6931471805599453,5.968298269076143
17937.0,9,2.0794415416798357,8.366886447525236
17938.0,420,0.6931471805599453,4.978731745083247
17939.0,160,0.6931471805599453,4.606569206901798
17940.0,49,3.1354942159291497,10.202147398138456
17941.0,131,1.6094379124341003,7.268418260118725
17942.0,8,0.6931471805599453,4.363098624788363
17944.0,423,0.6931471805599453,4.336113577659475
17945.0,697,1.3862943611198906,5.88984701772899
17946.0,233,1.0986122886681098,5.014494504421976
17947.0,37,0.6931471805599453,5.179984179586172
17948.0,147,0.6931471805599453,5.884881061705198
17949.0,1,4.9344739331306915,11.501830037744387
17950.0,72,2.1972245773362196,7.253930291064735
17951.0,40,1.791759469228055,7.389798638922569
17952.0,378,1.6094379124341003,6.71004796613905
17953.0,540,0.6931471805599453,5.086484606379694
17954.0,5,3.295836866004329,8.25128826620072
17955.0,199,1.9459101490553132,6.857408904545399
17956.0,249,0.6931471805599453,2.6210388241125804
17957.0,66,0.6931471805599453,4.724551943008172
17958.0,117,1.0986122886681098,6.882314386500184
17959.0,592,0.6931471805599453,4.954064942607862
17960.0,171,1.3862943611198906,4.913242948087606
17961.0,21,4.634728988229636,7.999708780385681
17962.0,142,1.791759469228055,6.5132597840625595
17963.0,471,1.6094379124341003,6.48082646474991
17964.0,32,1.0986122886681098,6.599135535315476
17965.0,38,3.5263605246161616,8.870491641409615
17966.0,38,2.3978952727983707,7.588536312954514
17967.0,372,1.0986122886681098,5.881342714348445
17968.0,374,1.6094379124341003,6.790142228877391
17969.0,166,3.332204510175204,7.719658355150058
17970.0,211,0.6931471805599453,6.369198681477835
17971.0,548,0.6931471805599453,5.093382034882496
17972.0,242,0.6931471805599453,4.920272854015864
17973.0,52,0.6931471805599453,5.823164231676282
17974.0,25,1.9459101490553132,7.527826262617495
17975.0,15,3.295836866004329,8.843424597850579
17976.0,372,0.6931471805599453,6.561568003824347
17977.0,29,1.3862943611198906,7.319023516317252
17978.0,365,1.6094379124341003,7.288080341083193
17979.0,36,1.791759469228055,6.605040783696394
17980.0,166,1.6094379124341003,6.941596162150855
17981.0,411,0.6931471805599453,5.481138798383642
17982.0,681,0.6931471805599453,4.935768059416704
17983.0,395,0.6931471805599453,5.151613887355828
17984.0,145,1.791759469228055,7.0836143320428775
17985.0,22,0.6931471805599453,6.455119943897493
17986.0,56,0.6931471805599453,3.0819099697950434
17987.0,185,1.9459101490553132,6.83423790162374
17988.0,12,2.772588722239781,6.175014515761715
17989.0,379,0.6931471805599453,5.437339905196839
17990.0,237,2.0794415416798357,7.328811544203191
17991.0,225,1.3862943611198906,5.773153052580872
17992.0,389,0.6931471805599453,5.541773219174124
17993.0,617,0.6931471805599453,5.4646365658644855
17994.0,122,2.70805020110221,7.7248310171797545
17995.0,282,1.3862943611198906,6.20754320070007
17996.0,380,1.3862943611198906,6.180699650171005
17997.0,74,2.5649493574615367,7.321386949756695
17998.0,380,1.6094379124341003,6.401485926297358
17999.0,37,1.3862943611198906,6.595643892607181
18000.0,564,0.6931471805599453,4.830311739964974
18001.0,12,1.9459101490553132,6.861543787177443
18002.0,376,1.6094379124341003,5.525134163228542
18003.0,376,0.6931471805599453,5.885020110887118
18004.0,362,0.6931471805599453,5.138559328162834
18005.0,4,1.0986122886681098,5.524336778607711
18006.0,23,1.6094379124341003,6.9066146286878665
18007.0,393,0.6931471805599453,5.399609618029909
18008.0,70,3.1780538303479458,9.892837541964184
18009.0,235,2.70805020110221,7.639199669474427
18010.0,257,0.6931471805599453,5.169346985251076
18011.0,373,1.0986122886681098,6.2691531002739875
18012.0,723,0.6931471805599453,4.7561730595246186
18013.0,155,1.0986122886681098,5.237983327508337
18014.0,28,0.6931471805599453,5.12050562523191
18015.0,4,0.6931471805599453,4.7960384487505126
18016.0,32,2.0794415416798357,7.58144437288496
18017.0,81,1.6094379124341003,6.535241271013659
18018.0,108,1.791759469228055,5.060631080417496
18019.0,52,0.6931471805599453,3.6750340472918834
18020.0,544,1.0986122886681098,4.869685980408033
18021.0,510,1.0986122886681098,5.429608752229212
18022.0,36,1.791759469228055,7.410220048008251
18024.0,153,1.3862943611198906,5.471345876430399
18025.0,380,1.9459101490553132,7.072184382934504
18026.0,501,1.0986122886681098,7.637750167035548
18027.0,99,0.6931471805599453,4.7562590403509475
18028.0,583,0.6931471805599453,5.262949222710246
18029.0,642,0.6931471805599453,6.0748171556265245
18030.0,4,1.3862943611198906,5.4013251166222656
18031.0,379,0.6931471805599453,6.137943013486706
18032.0,334,0.6931471805599453,4.310799125385514
18033.0,65,0.6931471805599453,4.5948167739086
18034.0,22,1.3862943611198906,6.677964684946134
18035.0,36,1.791759469228055,7.152848171360671
18036.0,32,2.4849066497880004,7.355411044563965
18037.0,154,2.772588722239781,5.126460859601846
18038.0,556,0.6931471805599453,5.013364898667122
18039.0,374,1.6094379124341003,6.363321164042317
18040.0,19,1.0986122886681098,5.881091489626612
18041.0,12,3.713572066704308,9.067699038129327
18042.0,54,1.0986122886681098,5.642438844415149
18043.0,25,1.3862943611198906,6.776472784261436
18044.0,4,2.995732273553991,8.161563415384906
18045.0,45,0.6931471805599453,5.249127122357265
18046.0,650,0.6931471805599453,5.250334376525886
18047.0,381,1.0986122886681098,5.839740088291405
18048.0,203,1.3862943611198906,5.99826636222691
18049.0,437,1.0986122886681098,6.323498377130264
18050.0,359,1.0986122886681098,6.0235928608595035
18051.0,634,2.1972245773362196,7.730605282538121
18052.0,565,0.6931471805599453,9.294514227005408
18053.0,66,1.9459101490553132,6.2705535547042395
18054.0,393,0.6931471805599453,5.178970608915471
18055.0,7,2.772588722239781,9.32049617185883
18056.0,288,1.3862943611198906,6.2929570648331685
18057.0,393,1.3862943611198906,7.093869634014788
18058.0,10,1.3862943611198906,6.6529404457114625
18059.0,9,1.6094379124341003,5.696119858320856
18060.0,408,1.0986122886681098,7.078729362707452
18061.0,22,3.4011973816621555,8.776702615471182
18062.0,173,2.302585092994046,7.329336488932005
18063.0,391,1.0986122886681098,5.234312036572124
18064.0,133,2.772588722239781,8.398900525920626
18065.0,6,3.4965075614664802,8.672122996218219
18066.0,75,1.3862943611198906,7.27337014249034
18067.0,40,0.6931471805599453,5.98476716966025
18068.0,289,0.6931471805599453,4.631812116934513
18069.0,26,2.6390573296152584,8.417750685300083
18070.0,669,1.0986122886681098,5.732531887942187
18071.0,258,1.9459101490553132,7.265170948515917
18073.0,114,2.6390573296152584,8.259830796715345
18074.0,374,1.0986122886681098,7.31989141952434
18075.0,23,3.4657359027997265,8.627107124516138
18076.0,380,0.6931471805599453,5.027099020126921
18077.0,8,2.9444389791664403,8.37552823946642
18078.0,217,1.6094379124341003,6.740046434556028
18079.0,45,1.791759469228055,8.353202591307006
18080.0,19,1.0986122886681098,7.116799905916845
18081.0,36,1.3862943611198906,5.841948942039205
18082.0,26,0.6931471805599453,6.557303786277275
18083.0,398,0.6931471805599453,6.156406788013439
18084.0,16,1.791759469228055,5.271613983713487
18085.0,330,1.6094379124341003,7.406558927520802
18086.0,274,0.6931471805599453,4.628300603376946
18087.0,98,3.091042453358316,9.575859490648464
18088.0,61,0.6931471805599453,5.127944143269923
18089.0,447,0.6931471805599453,6.062505320212233
18090.0,422,0.6931471805599453,5.859075359062237
18091.0,593,0.6931471805599453,5.891229761312137
18092.0,2,3.044522437723423,9.69117204083544
18093.0,93,2.302585092994046,8.396292551076678
18094.0,82,2.772588722239781,8.752047107972423
18095.0,313,1.791759469228055,7.742441083552863
18096.0,12,1.9459101490553132,7.4990247607193545
18097.0,8,2.70805020110221,8.44530398674569
18098.0,396,0.6931471805599453,6.313258149188531
18099.0,127,0.6931471805599453,5.131731354140141
18100.0,550,0.6931471805599453,6.1149203510349
18101.0,11,1.791759469228055,6.445973755395069
18102.0,1,5.0369526024136295,13.301707539487754
18103.0,549,0.6931471805599453,4.6709579265260945
18104.0,37,0.6931471805599453,6.627565072288651
18105.0,38,0.6931471805599453,4.740400135248196
18106.0,330,1.9459101490553132,7.287875228304632
18107.0,442,0.6931471805599453,5.124737489690837
18108.0,249,1.6094379124341003,6.737512479403381
18109.0,2,3.828641396489095,9.18560290838002
18110.0,19,1.3862943611198906,6.006796411104964
18111.0,583,1.0986122886681098,5.991214515852773
18112.0,12,1.6094379124341003,6.655388868991024
18113.0,369,0.6931471805599453,5.034612203477704
18114.0,290,0.6931471805599453,5.3986150878634005
18115.0,698,0.6931471805599453,2.3702437414678608
18116.0,68,2.6390573296152584,7.675685203985768
18117.0,26,0.6931471805599453,5.773681602035868
18118.0,11,3.58351893845611,8.805535545833896
18119.0,368,0.6931471805599453,5.8950637728216275
18120.0,214,0.6931471805599453,4.719837260966218
18121.0,149,1.0986122886681098,6.513378467859393
18122.0,8,1.9459101490553132,7.510545492301356
18123.0,24,1.3862943611198906,6.5302797814129026
18124.0,472,0.6931471805599453,4.723219852761906
18125.0,30,1.791759469228055,7.04083406919764
18126.0,61,0.6931471805599453,5.336720437830982
18127.0,19,1.6094379124341003,6.332444465989737
18128.0,537,0.6931471805599453,6.042727841045523
18129.0,243,0.6931471805599453,4.732243268551567
18130.0,9,1.6094379124341003,6.953435851474111
18131.0,632,0.6931471805599453,5.411467464480692
18132.0,504,0.6931471805599453,5.4289069362516384
18133.0,211,1.0986122886681098,6.574378247268227
18134.0,598,1.0986122886681098,6.100318952020064
18135.0,29,2.6390573296152584,7.114948294161218
18136.0,63,2.302585092994046,7.334792689417584
18137.0,551,1.0986122886681098,4.990364557253896
18138.0,295,0.6931471805599453,5.034677288576494
18139.0,17,2.1972245773362196,9.035298652747127
18140.0,474,0.6931471805599453,6.286761304121399
18141.0,361,1.6094379124341003,6.73288985600748
18142.0,151,1.6094379124341003,6.923530198097499
18143.0,117,1.0986122886681098,6.908914606701983
18144.0,8,2.995732273553991,8.528924114291936
18145.0,13,2.5649493574615367,8.63071650063992
18146.0,141,1.0986122886681098,5.083575918497971
18147.0,46,1.0986122886681098,5.19484395807176
18148.0,647,0.6931471805599453,4.745801315727837
18149.0,51,2.0794415416798357,7.393699922417667
18150.0,32,1.3862943611198906,6.341381708583334
18151.0,135,2.0794415416798357,7.525607629504948
18152.0,646,0.6931471805599453,6.058398634085082
18153.0,659,0.6931471805599453,5.510278628459677
18154.0,3,1.791759469228055,6.839048080972346
18155.0,75,1.6094379124341003,5.854556029840523
18156.0,13,1.0986122886681098,6.848185725385432
18157.0,571,0.6931471805599453,5.3768974666708935
18158.0,9,1.3862943611198906,6.115340096763523
18159.0,301,0.6931471805599453,6.275044467226023
18160.0,57,1.3862943611198906,6.912623410378997
18161.0,10,2.0794415416798357,7.4945414435506725
18162.0,732,0.6931471805599453,5.940592216734226
18163.0,561,1.0986122886681098,6.4619992852903945
18164.0,31,1.0986122886681098,5.980656348391379
18165.0,177,0.6931471805599453,5.715249806097095
18166.0,624,0.6931471805599453,5.173320876373351
18167.0,4,1.9459101490553132,7.212670503984826
18168.0,176,3.1354942159291497,8.208252071603269
18169.0,61,0.6931471805599453,5.316402834094422
18170.0,33,2.302585092994046,7.965198290612176
18171.0,59,2.4849066497880004,7.789665723915514
18172.0,15,4.1588830833596715,9.758625350922525
18173.0,87,1.791759469228055,7.9000287958781215
18174.0,7,1.0986122886681098,5.096812990337308
18175.0,676,0.6931471805599453,5.176714544788788
18176.0,354,1.0986122886681098,6.108469502360524
18177.0,31,2.3978952727983707,7.691939887766712
18178.0,114,2.772588722239781,8.708720577568444
18179.0,9,2.1972245773362196,7.84327984897159
18180.0,5,1.9459101490553132,7.520099045938476
18181.0,24,2.0794415416798357,7.077675253058348
18182.0,463,0.6931471805599453,5.677198908673179
18183.0,218,1.9459101490553132,6.399459785069771
18184.0,15,0.6931471805599453,3.927896354584436
18185.0,249,0.6931471805599453,5.721131112990814
18186.0,723,0.6931471805599453,5.800848687489207
18187.0,623,1.3862943611198906,6.5267730053648965
18188.0,15,2.1972245773362196,8.09076692517413
18189.0,78,1.791759469228055,7.242497448471318
18190.0,192,1.9459101490553132,6.60214003072033
18191.0,262,1.0986122886681098,6.273631438871653
18192.0,72,0.6931471805599453,6.865859791808101
18193.0,151,1.791759469228055,7.053326402301356
18194.0,64,2.0794415416798357,8.315125965703944
18195.0,387,0.6931471805599453,4.626540211724284
18196.0,95,1.6094379124341003,7.289822103161742
18197.0,514,1.0986122886681098,5.404477562376427
18198.0,4,3.091042453358316,8.533865433970625
18199.0,676,1.0986122886681098,5.838313367613807
18200.0,106,0.6931471805599453,5.1047326174753715
18201.0,723,0.6931471805599453,6.105975568893946
18202.0,200,1.3862943611198906,7.242790769692349
18203.0,157,1.6094379124341003,6.2253897667868685
18204.0,71,1.6094379124341003,7.591003627362835
18205.0,36,1.0986122886681098,6.2506699815672135
18206.0,553,0.6931471805599453,5.754665684970771
18207.0,494,1.3862943611198906,6.226773795321063
18208.0,566,0.6931471805599453,5.889099540429954
18209.0,29,0.6931471805599453,4.942356453342962
18210.0,2,2.0794415416798357,7.9265412254569005
18211.0,26,1.791759469228055,6.3987114002985646
18212.0,326,1.0986122886681098,6.3057642074640325
18213.0,237,0.6931471805599453,5.453096420335591
18214.0,531,1.791759469228055,7.30114105819494
18215.0,89,1.9459101490553132,7.7142266805534065
18216.0,31,0.6931471805599453,6.179498921308624
18217.0,29,1.9459101490553132,6.806608096977179
18218.0,206,1.9459101490553132,7.0096798987040625
18219.0,3,2.995732273553991,8.162912521771032
18220.0,220,2.4849066497880004,7.480259087019738
18221.0,22,2.1972245773362196,7.223543642981688
18222.0,93,0.6931471805599453,6.095824562432225
18223.0,2,3.970291913552122,9.510339773708987
18224.0,264,0.6931471805599453,5.074861266395527
18225.0,3,3.5553480614894135,9.445563470900396
18226.0,39,3.6635616461296463,9.371572774252598
18227.0,218,1.3862943611198906,4.5512418439625355
18228.0,50,1.3862943611198906,6.646650221380809
18229.0,12,3.367295829986474,9.28773742915461
18230.0,9,2.5649493574615367,8.340864044218561
18231.0,192,3.4339872044851463,8.831882756031638
18232.0,82,1.791759469228055,6.368993036523124
18233.0,326,0.6931471805599453,6.089044875446846
18234.0,552,0.6931471805599453,5.196284640982885
18235.0,72,1.3862943611198906,7.494140962968628
18236.0,30,2.5649493574615367,7.493512107381559
18237.0,3,1.791759469228055,6.895783907200917
18238.0,515,0.6931471805599453,5.605507905387861
18239.0,219,1.9459101490553132,7.673855479280672
18240.0,46,0.6931471805599453,6.0487423982594555
18241.0,10,3.1780538303479458,7.99128438622919
18242.0,72,2.1972245773362196,8.190412638340476
18243.0,414,0.6931471805599453,6.247617252029137
18244.0,431,1.0986122886681098,6.345004582351227
18245.0,7,3.1780538303479458,8.738291452549737
18246.0,24,1.3862943611198906,6.633081563123593
18247.0,410,1.9459101490553132,6.582620529479705
18248.0,114,1.6094379124341003,6.6644345302291095
18249.0,17,0.6931471805599453,4.567883601202075
18250.0,301,1.0986122886681098,5.840409072188026
18251.0,87,2.302585092994046,10.176558145339303
18252.0,51,2.1972245773362196,7.290695257144703
18253.0,643,0.6931471805599453,5.7648148564644845
18254.0,581,0.6931471805599453,5.5943395632748185
18255.0,89,1.0986122886681098,5.717521000766714
18256.0,355,1.0986122886681098,4.120661870539474
18257.0,39,2.9444389791664403,8.411343667324385
18258.0,464,2.1972245773362196,7.621670307137748
18259.0,25,2.0794415416798357,8.370825478904077
18260.0,173,3.4965075614664802,9.18532508233117
18261.0,43,1.0986122886681098,5.784563371339637
18262.0,140,1.3862943611198906,6.360507688582179
18263.0,23,1.6094379124341003,7.10009317105158
18264.0,499,0.6931471805599453,6.4039880195835925
18265.0,72,1.0986122886681098,6.687744315985722
18266.0,434,0.6931471805599453,5.529825834193874
18267.0,660,1.0986122886681098,5.5368223249749455
18268.0,134,2.1972245773362196,7.280848699058995
18269.0,358,1.0986122886681098,5.731721843345443
18270.0,38,1.6094379124341003,5.994833864577586
18271.0,610,1.0986122886681098,6.524809692303843
18272.0,3,2.4849066497880004,8.377547142325193
18273.0,2,1.6094379124341003,5.8805329864007
18275.0,578,1.0986122886681098,6.610494140083362
18276.0,21,2.3978952727983707,7.391211761448342
18277.0,58,2.1972245773362196,7.014257143053991
18278.0,74,1.0986122886681098,6.028760331851679
18279.0,519,0.6931471805599453,5.448201816085329
18280.0,278,1.3862943611198906,6.160046310429509
18281.0,181,1.0986122886681098,5.3089605266465165
18282.0,8,1.3862943611198906,5.17953383055807
18283.0,4,3.1354942159291497,7.91485516714414
18284.0,430,1.0986122886681098,6.081488049755571
18285.0,661,0.6931471805599453,6.059123195581797
18286.0,477,1.3862943611198906,7.081229479755816
18287.0,43,2.1972245773362196,8.33780094001486
